dataset,method,protocol,budget,seed,realized_bandwidth,transmitted_values,transmitted_payload_bytes,budget_excess,max_window_budget_excess,rmse,mae,nrmse_mean,elapsed_s,precision,recall,f1,fpr,specificity,event_recall,mean_detection_delay,median_detection_delay,false_alarm_events,false_alarms_per_1000,n_events
smd,PCA-Triage,method_retrained,0.3,42,0.2999994455748557,324660,1298640,0.0,0.0,10.105084980486724,0.24095961941903699,0.015412731156770438,2.7164595409994945,0.3117437722419929,0.48775055679287305,0.3803734259661311,0.11250727166957533,0.8874927283304247,0.625,57.2,52.0,126.0,4.424312651427368,8.0
smd,PCA-Triage,fixed_full_data,0.3,42,0.2999994455748557,324660,1298640,0.0,0.0,10.105084980486724,0.24095961941903699,0.015412731156770438,2.8412970829522237,0.3204086371023915,0.512249443207127,0.3942293958005999,0.11351560985068838,0.8864843901493116,0.625,45.6,33.0,127.0,4.4594262438990135,8.0
smd,Variance,method_retrained,0.3,42,0.2999994455748557,324660,1298640,0.0,0.0,1.6283745389865332,0.1389276340992907,0.01237424340260697,1.7975700839888304,0.31748099891422366,0.5426874536005939,0.4006028223044253,0.12189257320147373,0.8781074267985263,0.625,33.2,27.0,134.0,4.705221391200534,8.0
smd,Variance,fixed_full_data,0.3,42,0.2999994455748557,324660,1298640,0.0,0.0,1.6283745389865332,0.1389276340992907,0.01237424340260697,1.923350583994761,0.3277034951911799,0.5185597624350409,0.40160988932010927,0.11114989334884623,0.8888501066511538,0.625,27.8,11.0,152.0,5.337266055690158,8.0
smd,Threshold,method_retrained,0.3,42,0.2999994455748557,324660,1298640,0.0,0.0,84.9377397953405,0.4270123448359342,0.019177605525736025,1.893299667048268,0.34072718957237597,0.5530809205642168,0.42167822272534317,0.11180919139034322,0.8881908086096568,0.875,4.857142857142857,0.0,126.0,4.424312651427368,8.0
smd,Threshold,fixed_full_data,0.3,42,0.2999994455748557,324660,1298640,0.0,0.0,84.9377397953405,0.4270123448359342,0.019177605525736025,2.027218083036132,0.31272893772893773,0.5070527097253155,0.3868592466723308,0.11642427768082218,0.8835757223191778,0.75,16.0,0.0,135.0,4.740334983672179,8.0
smd,Uniform,method_retrained,0.3,42,0.2999994455748557,324660,1298640,0.0,0.0,119.80321263381774,0.6887449885392058,0.015302127852766087,1.8098699999973178,0.3066392881587953,0.49888641425389757,0.3798219584569733,0.11785922047702152,0.8821407795229784,0.625,32.4,29.0,105.0,3.686927209522806,8.0
smd,Uniform,fixed_full_data,0.3,42,0.2999994455748557,324660,1298640,0.0,0.0,119.80321263381774,0.6887449885392058,0.015302127852766087,1.918369457940571,0.31711292200232827,0.5055679287305123,0.3897553298039777,0.11374830327709909,0.8862516967229009,0.625,32.0,27.0,113.0,3.9678359492959725,8.0
smd,Full Data,method_retrained,1.0,42,1.0,1082202,4328808,0.0,0.0,0.0,0.0,0.0,0.39188050001394004,0.3257103257103257,0.5233853006681515,0.40153780435711234,0.11320535194880745,0.8867946480511926,1.0,4.25,0.0,247.0,8.673057340496506,8.0
smd,Full Data,fixed_full_data,1.0,42,1.0,1082202,4328808,0.0,0.0,0.0,0.0,0.0,0.5479088750435039,0.3257103257103257,0.5233853006681515,0.40153780435711234,0.11320535194880745,0.8867946480511926,1.0,4.25,0.0,247.0,8.673057340496506,8.0
smd,PCA-Triage,method_retrained,0.3,123,0.2999994455748557,324660,1298640,0.0,0.0,5.819463359124512,0.22089902611914633,0.015292572216660676,2.3823129170341417,0.3345982142857143,0.5564216778025242,0.41789796487315306,0.11560985068838472,0.8843901493116153,0.75,27.166666666666668,4.0,158.0,5.5479476105200325,8.0
smd,PCA-Triage,fixed_full_data,0.3,123,0.2999994455748557,324660,1298640,0.0,0.0,5.819463359124512,0.22089902611914633,0.015292572216660676,2.4600780840264633,0.31351474959981707,0.5089086859688196,0.3880005660110372,0.11642427768082218,0.8835757223191778,0.875,37.857142857142854,26.0,165.0,5.793742757821553,8.0
smd,Variance,method_retrained,0.3,123,0.2999994455748557,324660,1298640,0.0,0.0,2.276912960199714,0.14660502863285177,0.012750936077507607,0.8061548339901492,0.31588917830925883,0.4951744617668894,0.38571635101922797,0.11204188481675392,0.8879581151832461,0.625,26.0,27.0,172.0,6.0395379051230735,8.0
smd,Variance,fixed_full_data,0.3,123,0.2999994455748557,324660,1298640,0.0,0.0,2.276912960199714,0.14660502863285177,0.012750936077507607,0.8766536250477657,0.3129097897354737,0.5137342242019303,0.3889279190670226,0.11785922047702152,0.8821407795229784,0.75,32.333333333333336,19.5,182.0,6.390673829839531,8.0
smd,Threshold,method_retrained,0.3,123,0.2999994455748557,324660,1298640,0.0,0.0,58.34952844539649,0.38153509630152277,0.019125265555321302,0.7813874160638079,0.32555948174322735,0.5129918337045286,0.39832828937887305,0.11103354663564087,0.8889664533643591,0.75,41.833333333333336,25.5,144.0,5.0563573159169914,8.0
smd,Threshold,fixed_full_data,0.3,123,0.2999994455748557,324660,1298640,0.0,0.0,58.34952844539649,0.38153509630152277,0.019125265555321302,0.8465039159636945,0.29997815162770375,0.5096510764662212,0.37766469536514924,0.12425828970331589,0.8757417102966841,0.75,50.333333333333336,47.5,144.0,5.0563573159169914,8.0
smd,Uniform,method_retrained,0.3,123,0.2999994455748557,324660,1298640,0.0,0.0,125.27545231785314,0.7068270859029048,0.01571510364738046,1.325366957928054,0.32608695652173914,0.5456570155902004,0.4082199389058595,0.11782043823928641,0.8821795617607135,1.0,3.625,0.0,130.0,4.56476702131395,8.0
smd,Uniform,fixed_full_data,0.3,123,0.2999994455748557,324660,1298640,0.0,0.0,125.27545231785314,0.7068270859029048,0.01571510364738046,1.4480105829425156,0.30792124542124544,0.49925760950259834,0.38091192296799775,0.11723870467325964,0.8827612953267403,0.875,11.428571428571429,5.0,139.0,4.880789353558763,8.0
smd,Full Data,method_retrained,1.0,123,1.0,1082202,4328808,0.0,0.0,0.0,0.0,0.0,0.41720929206348956,0.324373164671335,0.5330363771343727,0.4033141412722932,0.1159976730657359,0.8840023269342641,0.75,5.666666666666667,0.5,280.0,9.831805892060817,8.0
smd,Full Data,fixed_full_data,1.0,123,1.0,1082202,4328808,0.0,0.0,0.0,0.0,0.0,0.5877540420042351,0.324373164671335,0.5330363771343727,0.4033141412722932,0.1159976730657359,0.8840023269342641,0.75,5.666666666666667,0.5,280.0,9.831805892060817,8.0
smd,PCA-Triage,method_retrained,0.3,456,0.2999994455748557,324660,1298640,0.0,0.0,12.919688689881644,0.2652467344906463,0.015541891573095502,2.871335917036049,0.333955223880597,0.5979955456570156,0.42857142857142855,0.12460732984293194,0.875392670157068,0.875,5.285714285714286,1.0,148.0,5.196811685803574,8.0
smd,PCA-Triage,fixed_full_data,0.3,456,0.2999994455748557,324660,1298640,0.0,0.0,12.919688689881644,0.2652467344906463,0.015541891573095502,2.9831873750081286,0.3167903525046382,0.5070527097253155,0.3899514701684271,0.11425247236765561,0.8857475276323444,0.625,45.2,29.0,139.0,4.880789353558763,8.0
smd,Variance,method_retrained,0.3,456,0.2999994455748557,324660,1298640,0.0,0.0,2.5070195416462457,0.144942898575642,0.012254155047433232,1.8956909580156207,0.3143580012650221,0.5534521158129176,0.40096813231141587,0.1261198371146015,0.8738801628853985,0.75,18.5,14.0,199.0,6.987604901857509,8.0
smd,Variance,fixed_full_data,0.3,456,0.2999994455748557,324660,1298640,0.0,0.0,2.5070195416462457,0.144942898575642,0.012254155047433232,2.0700197499245405,0.3201936376210235,0.5155902004454342,0.39505119453924914,0.11436881908086097,0.8856311809191391,0.625,27.6,29.0,189.0,6.636468977141051,8.0
smd,Threshold,method_retrained,0.3,456,0.2999994455748557,324660,1298640,0.0,0.0,61.7044142922334,0.39223143326848475,0.019061151140996137,2.4443521660286933,0.29862828873397795,0.4929472902746845,0.37193670354292113,0.12096179949583091,0.8790382005041691,0.875,28.285714285714285,1.0,152.0,5.337266055690158,8.0
smd,Threshold,fixed_full_data,0.3,456,0.2999994455748557,324660,1298640,0.0,0.0,61.7044142922334,0.39223143326848475,0.019061151140996137,2.5665409580105916,0.3077615298087739,0.5077951002227171,0.3832469533548116,0.11933294551095598,0.880667054489044,0.625,46.0,49.0,151.0,5.302152463218512,8.0
smd,Uniform,method_retrained,0.3,456,0.2999994455748557,324660,1298640,0.0,0.0,104.57291008872237,0.7181339217729801,0.01564974871275582,1.8663291670382023,0.3117168608485381,0.526354862657758,0.3915504625155322,0.12142718634865232,0.8785728136513477,0.75,17.833333333333332,14.0,119.0,4.178517504125847,8.0
smd,Uniform,fixed_full_data,0.3,456,0.2999994455748557,324660,1298640,0.0,0.0,104.57291008872237,0.7181339217729801,0.01564974871275582,1.9700621670344844,0.3215271389144434,0.5189309576837416,0.397046293666572,0.11440760131859608,0.8855923986814039,0.625,33.6,29.0,125.0,4.389199058955722,8.0
smd,Full Data,method_retrained,1.0,456,1.0,1082202,4328808,0.0,0.0,0.0,0.0,0.0,0.38511625002138317,0.32913421896472744,0.5334075723830735,0.40708215297450423,0.11359317432615862,0.8864068256738413,0.75,5.666666666666667,0.5,262.0,9.199761227571193,8.0
smd,Full Data,fixed_full_data,1.0,456,1.0,1082202,4328808,0.0,0.0,0.0,0.0,0.0,0.5392273750621825,0.32913421896472744,0.5334075723830735,0.40708215297450423,0.11359317432615862,0.8864068256738413,0.75,5.666666666666667,0.5,262.0,9.199761227571193,8.0
smd,PCA-Triage,method_retrained,0.3,789,0.2999994455748557,324660,1298640,0.0,0.0,15.711568281669608,0.2747403238575957,0.01576090612905481,2.3026334170717746,0.3188336520076482,0.4951744617668894,0.38790346030822914,0.11052937754508435,0.8894706224549156,0.625,32.8,39.0,123.0,4.31897187401243,8.0
smd,PCA-Triage,fixed_full_data,0.3,789,0.2999994455748557,324660,1298640,0.0,0.0,15.711568281669608,0.2747403238575957,0.01576090612905481,2.416477416991256,0.34472934472934474,0.5389755011135857,0.42050390964378803,0.1070389761489238,0.8929610238510762,0.625,15.6,15.0,142.0,4.9861301309737,8.0
smd,Variance,method_retrained,0.3,789,0.2999994455748557,324660,1298640,0.0,0.0,2.1206714178869124,0.14469461479571372,0.012878321031122965,1.639457167009823,0.3488742324312031,0.5694135115070527,0.43266111972923427,0.11103354663564087,0.8889664533643591,0.625,22.2,20.0,159.0,5.583061202991678,8.0
smd,Variance,fixed_full_data,0.3,789,0.2999994455748557,324660,1298640,0.0,0.0,2.1206714178869124,0.14469461479571372,0.012878321031122965,1.7487542090239003,0.34799144283337297,0.5434298440979956,0.4242863353137227,0.1063796781074268,0.8936203218925732,0.625,33.8,32.0,163.0,5.723515572878261,8.0
smd,Threshold,method_retrained,0.3,789,0.2999994455748557,324660,1298640,0.0,0.0,79.33999893942604,0.4100206673370803,0.01865320833809179,2.1167746250284836,0.31744583808437854,0.5167037861915368,0.39327588642463623,0.11607523754120613,0.8839247624587939,0.75,31.333333333333332,24.0,122.0,4.283858281540785,8.0
smd,Threshold,fixed_full_data,0.3,789,0.2999994455748557,324660,1298640,0.0,0.0,79.33999893942604,0.4100206673370803,0.01865320833809179,2.25960687501356,0.32953223178962066,0.5256124721603563,0.4050922614790445,0.11173162691487298,0.888268373085127,0.875,12.0,0.0,141.0,4.951016538502055,8.0
smd,Uniform,method_retrained,0.3,789,0.2999994455748557,324660,1298640,0.0,0.0,103.55106628451928,0.682439681327457,0.015900918255756347,1.8023835000349209,0.33569587628865977,0.5801781737193764,0.4253061224489796,0.11995346131471786,0.8800465386852822,0.625,15.2,7.0,106.0,3.722040801994452,8.0
smd,Uniform,fixed_full_data,0.3,789,0.2999994455748557,324660,1298640,0.0,0.0,103.55106628451928,0.682439681327457,0.015900918255756347,1.9136467919452116,0.34411903637222485,0.5408314773570898,0.4206120092378753,0.10769827419042079,0.8923017258095792,0.625,26.2,32.0,120.0,4.213631096597493,8.0
smd,Full Data,method_retrained,1.0,789,1.0,1082202,4328808,0.0,0.0,0.0,0.0,0.0,0.39789870905224234,0.3470629534285046,0.550482553823311,0.4257212573561074,0.1082024432809773,0.8917975567190227,1.0,4.25,0.0,242.0,8.497489378138278,8.0
smd,Full Data,fixed_full_data,1.0,789,1.0,1082202,4328808,0.0,0.0,0.0,0.0,0.0,0.5369299999438226,0.3470629534285046,0.550482553823311,0.4257212573561074,0.1082024432809773,0.8917975567190227,1.0,4.25,0.0,242.0,8.497489378138278,8.0
smd,PCA-Triage,method_retrained,0.3,1024,0.2999994455748557,324660,1298640,0.0,0.0,25.8900165716911,0.2678148508155662,0.015176185597969913,3.0937337919604033,0.2897412199630314,0.46547884187082406,0.35716320136713187,0.11921659879775064,0.8807834012022494,0.625,108.6,111.0,129.0,4.5296534288423045,8.0
smd,PCA-Triage,fixed_full_data,0.3,1024,0.2999994455748557,324660,1298640,0.0,0.0,25.8900165716911,0.2678148508155662,0.015176185597969913,3.2105850420193747,0.3154200482561965,0.5337787676317743,0.3965255756238798,0.12103936397130115,0.8789606360286989,0.625,89.0,90.0,110.0,3.862495171881035,8.0
smd,Variance,method_retrained,0.3,1024,0.2999994455748557,324660,1298640,0.0,0.0,2.6312438011082424,0.14602376364920472,0.012949427748511736,2.067591500002891,0.33125599232981784,0.5129918337045286,0.4025633556655986,0.1082024432809773,0.8917975567190227,0.625,17.4,15.0,137.0,4.810562168615471,8.0
smd,Variance,fixed_full_data,0.3,1024,0.2999994455748557,324660,1298640,0.0,0.0,2.6312438011082424,0.14602376364920472,0.012949427748511736,2.194683082983829,0.3166703369301916,0.5337787676317743,0.3975120939875605,0.12034128369206903,0.879658716307931,0.625,10.2,7.0,165.0,5.793742757821553,8.0
smd,Threshold,method_retrained,0.3,1024,0.2999994455748557,324660,1298640,0.0,0.0,72.96537970274878,0.4530120034586635,0.01951585384298808,2.1500076670199633,0.3216426193118757,0.5378619153674833,0.402555910543131,0.11851851851851852,0.8814814814814815,0.625,24.2,1.0,133.0,4.670107798728888,8.0
smd,Threshold,fixed_full_data,0.3,1024,0.2999994455748557,324660,1298640,0.0,0.0,72.96537970274878,0.4530120034586635,0.01951585384298808,2.2771282920148224,0.3107004727116459,0.5367483296213809,0.3935764833968427,0.12441341865425636,0.8755865813457436,0.75,21.166666666666668,0.5,129.0,4.5296534288423045,8.0
smd,Uniform,method_retrained,0.3,1024,0.2999994455748557,324660,1298640,0.0,0.0,129.5207333023258,0.7040426155802958,0.016007614413919596,1.7826650839997455,0.3145271813613522,0.5111358574610245,0.3894230769230769,0.11638549544308707,0.8836145045569129,0.625,41.8,31.0,111.0,3.897608764352681,8.0
smd,Uniform,fixed_full_data,0.3,1024,0.2999994455748557,324660,1298640,0.0,0.0,129.5207333023258,0.7040426155802958,0.016007614413919596,1.8936182090546936,0.30793019659818865,0.5174461766889383,0.38609610857221993,0.12150475082412256,0.8784952491758774,0.625,18.8,11.0,107.0,3.757154394466098,8.0
smd,Full Data,method_retrained,1.0,1024,1.0,1082202,4328808,0.0,0.0,0.0,0.0,0.0,0.39606583293061703,0.3254424778761062,0.5460282108389013,0.407818131411145,0.1182470428543727,0.8817529571456273,0.875,5.0,1.0,246.0,8.63794374802486,8.0
smd,Full Data,fixed_full_data,1.0,1024,1.0,1082202,4328808,0.0,0.0,0.0,0.0,0.0,0.5230335829546675,0.3254424778761062,0.5460282108389013,0.407818131411145,0.1182470428543727,0.8817529571456273,0.875,5.0,1.0,246.0,8.63794374802486,8.0
smd,PCA-Triage,method_retrained,0.5,42,0.5,541101,2164404,0.0,0.0,8.192215129730993,0.1446862674063124,0.011605147964662171,2.2688614160288125,0.31451612903225806,0.5211581291759465,0.3922883487007544,0.11867364746945899,0.881326352530541,0.625,8.0,4.0,173.0,6.074651497594719,8.0
smd,PCA-Triage,fixed_full_data,0.5,42,0.5,541101,2164404,0.0,0.0,8.192215129730993,0.1446862674063124,0.011605147964662171,2.4056137909647077,0.3185840707964602,0.5077951002227171,0.39152833428734973,0.11347682761295327,0.8865231723870467,0.75,11.0,4.0,173.0,6.074651497594719,8.0
smd,Variance,method_retrained,0.5,42,0.5,541101,2164404,0.0,0.0,1.041577948701495,0.061865146489810334,0.007531609992725632,1.9800665410002694,0.3265828181624387,0.5686711210096511,0.414895057549086,0.1225130890052356,0.8774869109947644,0.875,4.857142857142857,0.0,274.0,9.621124337230942,8.0
smd,Variance,fixed_full_data,0.5,42,0.5,541101,2164404,0.0,0.0,1.041577948701495,0.061865146489810334,0.007531609992725632,2.1572365829488263,0.3287511649580615,0.5237564959168522,0.4039507586601775,0.11173162691487298,0.888268373085127,0.875,9.0,1.0,211.0,7.408968011517258,8.0
smd,Threshold,method_retrained,0.5,42,0.5,541101,2164404,0.0,0.0,4.973052504496211,0.09725405920258326,0.013407374919427352,2.1823305829893798,0.3152372262773723,0.5129918337045286,0.39050579259677876,0.11642427768082218,0.8835757223191778,1.0,6.0,0.0,190.0,6.671582569612697,8.0
smd,Threshold,fixed_full_data,0.5,42,0.5,541101,2164404,0.0,0.0,4.973052504496211,0.09725405920258326,0.013407374919427352,2.3597058330196887,0.31894213381555153,0.5237564959168522,0.3964596796853049,0.11685088229590847,0.8831491177040915,0.875,17.0,0.0,210.0,7.373854419045612,8.0
smd,Uniform,method_retrained,0.5,42,0.5,541101,2164404,0.0,0.0,105.34280877698963,0.48523383486208094,0.01199795593114388,2.0902447920525447,0.31644144144144143,0.5215293244246474,0.3938884216428371,0.11770409152608105,0.8822959084739189,0.875,4.714285714285714,0.0,154.0,5.407493240633449,8.0
smd,Uniform,fixed_full_data,0.5,42,0.5,541101,2164404,0.0,0.0,105.34280877698963,0.48523383486208094,0.01199795593114388,2.2447703750804067,0.32158693115519255,0.5115070527097253,0.3948989826622725,0.11273996509598604,0.887260034904014,0.75,10.0,3.5,153.0,5.372379648161804,8.0
smd,Full Data,method_retrained,1.0,42,1.0,1082202,4328808,0.0,0.0,0.0,0.0,0.0,0.4211563329445198,0.3257103257103257,0.5233853006681515,0.40153780435711234,0.11320535194880745,0.8867946480511926,1.0,4.25,0.0,247.0,8.673057340496506,8.0
smd,Full Data,fixed_full_data,1.0,42,1.0,1082202,4328808,0.0,0.0,0.0,0.0,0.0,0.5963281249860302,0.3257103257103257,0.5233853006681515,0.40153780435711234,0.11320535194880745,0.8867946480511926,1.0,4.25,0.0,247.0,8.673057340496506,8.0
smd,PCA-Triage,method_retrained,0.5,123,0.5,541101,2164404,0.0,0.0,4.680784693970197,0.13975297520432753,0.011656016746109053,3.3509960840456188,0.33743899604926797,0.5389755011135857,0.4150350150064313,0.11056815978281948,0.8894318402171806,0.875,24.857142857142858,2.0,170.0,5.969310720179782,8.0
smd,PCA-Triage,fixed_full_data,0.5,123,0.5,541101,2164404,0.0,0.0,4.680784693970197,0.13975297520432753,0.011656016746109053,3.5403346250532195,0.3176443838108231,0.5185597624350409,0.3939650310208686,0.11638549544308707,0.8836145045569129,0.875,18.142857142857142,1.0,196.0,6.882264124442572,8.0
smd,Variance,method_retrained,0.5,123,0.5,541101,2164404,0.0,0.0,1.2303023603555914,0.06291430529779693,0.0075299611925880175,2.067187916021794,0.32403951701427003,0.5478841870824054,0.4072285832528625,0.11941050998642622,0.8805894900135738,1.0,7.0,0.0,274.0,9.621124337230942,8.0
smd,Variance,fixed_full_data,0.5,123,0.5,541101,2164404,0.0,0.0,1.2303023603555914,0.06291430529779693,0.0075299611925880175,2.2470127500128,0.3171499213306361,0.5237564959168522,0.39507209855802883,0.11782043823928641,0.8821795617607135,0.875,19.142857142857142,11.0,230.0,8.076126268478529,8.0
smd,Threshold,method_retrained,0.5,123,0.5,541101,2164404,0.0,0.0,5.125963674507219,0.10294452047429889,0.013527360247189086,2.3099062079563737,0.335556084782091,0.5230141054194506,0.4088205425794284,0.1082024432809773,0.8917975567190227,0.75,14.5,0.0,181.0,6.355560237367885,8.0
smd,Threshold,fixed_full_data,0.5,123,0.5,541101,2164404,0.0,0.0,5.125963674507219,0.10294452047429889,0.013527360247189086,2.4100879579782486,0.3046415341032905,0.5189309576837416,0.3839077303309076,0.12375412061275935,0.8762458793872406,0.75,5.666666666666667,0.0,237.0,8.321921415780048,8.0
smd,Uniform,method_retrained,0.5,123,0.5,541101,2164404,0.0,0.0,58.39574783479263,0.3359039996552958,0.011626383045809624,0.9904006249271333,0.3296500920810313,0.5315515961395694,0.4069337880079568,0.11293387628466163,0.8870661237153383,1.0,6.25,0.0,156.0,5.477720425576741,8.0
smd,Uniform,fixed_full_data,0.5,123,0.5,541101,2164404,0.0,0.0,58.39574783479263,0.3359039996552958,0.011626383045809624,1.0675925419200212,0.3138370505234411,0.5118782479584262,0.38910835214446954,0.1169284467713787,0.8830715532286213,0.75,10.666666666666666,4.0,167.0,5.863969942764844,8.0
smd,Full Data,method_retrained,1.0,123,1.0,1082202,4328808,0.0,0.0,0.0,0.0,0.0,0.21728120895568281,0.324373164671335,0.5330363771343727,0.4033141412722932,0.1159976730657359,0.8840023269342641,0.75,5.666666666666667,0.5,280.0,9.831805892060817,8.0
smd,Full Data,fixed_full_data,1.0,123,1.0,1082202,4328808,0.0,0.0,0.0,0.0,0.0,0.301158000016585,0.324373164671335,0.5330363771343727,0.4033141412722932,0.1159976730657359,0.8840023269342641,0.75,5.666666666666667,0.5,280.0,9.831805892060817,8.0
smd,PCA-Triage,method_retrained,0.5,456,0.5,541101,2164404,0.0,0.0,7.836364344129923,0.14517838074630118,0.01159155518428719,1.3013677910203114,0.3252580577206657,0.5731254639940608,0.4149979841419164,0.12421950746558076,0.8757804925344193,1.0,4.375,1.0,191.0,6.706696162084343,8.0
smd,PCA-Triage,fixed_full_data,0.5,456,0.5,541101,2164404,0.0,0.0,7.836364344129923,0.14517838074630118,0.01159155518428719,1.3666761660715565,0.32918395573997233,0.5300668151447662,0.4061433447098976,0.1128563118091914,0.8871436881908086,0.625,17.4,7.0,184.0,6.460901014782823,8.0
smd,Variance,method_retrained,0.5,456,0.5,541101,2164404,0.0,0.0,1.2989432468042812,0.06428463559018455,0.007863362187037823,0.7934940829873085,0.31510723544661795,0.4962880475129918,0.3854692230070636,0.11270118285825093,0.8872988171417491,0.625,26.6,27.0,212.0,7.444081603988904,8.0
smd,Variance,fixed_full_data,0.5,456,0.5,541101,2164404,0.0,0.0,1.2989432468042812,0.06428463559018455,0.007863362187037823,0.8659191250335425,0.328125,0.5300668151447662,0.40533636105591825,0.11339926313748304,0.886600736862517,0.75,6.0,1.5,223.0,7.830331121177007,8.0
smd,Threshold,method_retrained,0.5,456,0.5,541101,2164404,0.0,0.0,14.56158442643472,0.1051038509263757,0.012252799345054365,0.7910721250809729,0.30280008682439763,0.5178173719376392,0.3821394329543898,0.12456854760519682,0.8754314523948031,0.625,40.8,29.0,200.0,7.022718494329155,8.0
smd,Threshold,fixed_full_data,0.5,456,0.5,541101,2164404,0.0,0.0,14.56158442643472,0.1051038509263757,0.012252799345054365,0.8526735410559922,0.3138345195729537,0.5237564959168522,0.3924895688456189,0.11964320341283692,0.880356796587163,0.75,16.5,0.0,218.0,7.654763158818779,8.0
smd,Uniform,method_retrained,0.5,456,0.5,541101,2164404,0.0,0.0,73.70892534464605,0.38161137310616794,0.011830258956597105,0.6111154590034857,0.31438356164383563,0.5111358574610245,0.3893129770992366,0.11646305991855731,0.8835369400814427,0.875,5.0,0.0,158.0,5.5479476105200325,8.0
smd,Uniform,fixed_full_data,0.5,456,0.5,541101,2164404,0.0,0.0,73.70892534464605,0.38161137310616794,0.011830258956597105,0.6673436249839142,0.3280350149735084,0.5285820341499629,0.40483297796730633,0.11312778747333721,0.8868722125266628,0.75,14.0,4.0,171.0,6.004424312651428,8.0
smd,Full Data,method_retrained,1.0,456,1.0,1082202,4328808,0.0,0.0,0.0,0.0,0.0,0.18113520892802626,0.32913421896472744,0.5334075723830735,0.40708215297450423,0.11359317432615862,0.8864068256738413,0.75,5.666666666666667,0.5,262.0,9.199761227571193,8.0
smd,Full Data,fixed_full_data,1.0,456,1.0,1082202,4328808,0.0,0.0,0.0,0.0,0.0,0.24401879194192588,0.32913421896472744,0.5334075723830735,0.40708215297450423,0.11359317432615862,0.8864068256738413,0.75,5.666666666666667,0.5,262.0,9.199761227571193,8.0
smd,PCA-Triage,method_retrained,0.5,789,0.5,541101,2164404,0.0,0.0,4.644796448777355,0.13058080867927824,0.011550218971034613,0.938218625029549,0.313126709206928,0.5100222717149221,0.3880259813611974,0.11688966453364359,0.8831103354663564,0.625,27.2,28.0,159.0,5.583061202991678,8.0
smd,PCA-Triage,fixed_full_data,0.5,789,0.5,541101,2164404,0.0,0.0,4.644796448777355,0.13058080867927824,0.011550218971034613,0.9957725839922205,0.34381600563248066,0.5438010393466963,0.42127965492451475,0.10843513670738801,0.891564863292612,0.875,16.0,7.0,186.0,6.531128199726114,8.0
smd,Variance,method_retrained,0.5,789,0.5,541101,2164404,0.0,0.0,1.1905737341508429,0.06435232880656559,0.007975357637395427,0.6539856659946963,0.34735857877512855,0.5515961395694136,0.42627653471026966,0.10828000775644754,0.8917199922435525,0.75,12.833333333333334,9.0,197.0,6.917377716914218,8.0
smd,Variance,fixed_full_data,0.5,789,0.5,541101,2164404,0.0,0.0,1.1905737341508429,0.06435232880656559,0.007975357637395427,0.7130908749531955,0.3460996240601504,0.5467706013363028,0.42388489208633096,0.10793096761683149,0.8920690323831685,1.0,4.25,0.0,206.0,7.233400049159029,8.0
smd,Threshold,method_retrained,0.5,789,0.5,541101,2164404,0.0,0.0,43.38500069033086,0.14571051186681871,0.013003847958398998,0.6642332909395918,0.3138349514563107,0.4799554565701559,0.3795127678309363,0.10963738607717666,0.8903626139228233,0.625,47.0,52.0,130.0,4.56476702131395,8.0
smd,Threshold,fixed_full_data,0.5,789,0.5,541101,2164404,0.0,0.0,43.38500069033086,0.14571051186681871,0.013003847958398998,0.7264031249796972,0.3376534788540246,0.5512249443207127,0.41878172588832485,0.11297265852239674,0.8870273414776032,1.0,3.625,0.0,225.0,7.900558306120299,8.0
smd,Uniform,method_retrained,0.5,789,0.5,541101,2164404,0.0,0.0,79.62311498652296,0.36949812366290674,0.011701142294110501,0.6231441670097411,0.32365339578454333,0.5129918337045286,0.3968983342906376,0.11200310257901881,0.8879968974209812,0.875,16.142857142857142,1.0,141.0,4.951016538502055,8.0
smd,Uniform,fixed_full_data,0.5,789,0.5,541101,2164404,0.0,0.0,79.62311498652296,0.36949812366290674,0.011701142294110501,0.6802018330199644,0.34086584205518555,0.5319227913882703,0.4154827486227892,0.10746558076401008,0.8925344192359899,0.875,5.0,0.0,161.0,5.653288387934969,8.0
smd,Full Data,method_retrained,1.0,789,1.0,1082202,4328808,0.0,0.0,0.0,0.0,0.0,0.17126375006046146,0.3470629534285046,0.550482553823311,0.4257212573561074,0.1082024432809773,0.8917975567190227,1.0,4.25,0.0,242.0,8.497489378138278,8.0
smd,Full Data,fixed_full_data,1.0,789,1.0,1082202,4328808,0.0,0.0,0.0,0.0,0.0,0.23457333398982882,0.3470629534285046,0.550482553823311,0.4257212573561074,0.1082024432809773,0.8917975567190227,1.0,4.25,0.0,242.0,8.497489378138278,8.0
smd,PCA-Triage,method_retrained,0.5,1024,0.5,541101,2164404,0.0,0.0,8.931636696421378,0.16010068558198653,0.01168604187478207,0.9336089580319822,0.30682075685474736,0.5025983667409057,0.38103278457858447,0.11863486523172387,0.8813651347682762,0.625,53.8,34.0,174.0,6.1097650900663645,8.0
smd,PCA-Triage,fixed_full_data,0.5,1024,0.5,541101,2164404,0.0,0.0,8.931636696421378,0.16010068558198653,0.01168604187478207,0.9910677920561284,0.3108168761220826,0.514105419450631,0.38741258741258744,0.11910025208454528,0.8808997479154547,0.625,26.8,1.0,173.0,6.074651497594719,8.0
smd,Variance,method_retrained,0.5,1024,0.5,541101,2164404,0.0,0.0,1.7561049665815402,0.06685054719088626,0.008251378299257787,0.6984996249666438,0.31628829623098964,0.5326651818856719,0.3969022265246854,0.12030250145433391,0.879697498545666,0.625,15.2,11.0,233.0,8.181467045893465,8.0
smd,Variance,fixed_full_data,0.5,1024,0.5,541101,2164404,0.0,0.0,1.7561049665815402,0.06685054719088626,0.008251378299257787,0.7568362079327926,0.318712805818823,0.5367483296213809,0.3999446826165122,0.11987589683924763,0.8801241031607524,0.875,5.285714285714286,1.0,204.0,7.1631728642157375,8.0
smd,Threshold,method_retrained,0.5,1024,0.5,541101,2164404,0.0,0.0,1.8911990584851561,0.09508171171556284,0.01238969758685999,0.7250207499600947,0.33164739884393063,0.5111358574610245,0.4022787028921998,0.10762070971495055,0.8923792902850495,0.625,33.2,31.0,199.0,6.987604901857509,8.0
smd,Threshold,fixed_full_data,0.5,1024,0.5,541101,2164404,0.0,0.0,1.8911990584851561,0.09508171171556284,0.01238969758685999,0.7866343749919906,0.30843945607597667,0.5304380103934669,0.39006414630817526,0.12425828970331589,0.8757417102966841,0.75,15.666666666666666,0.5,226.0,7.935671898591945,8.0
smd,Uniform,method_retrained,0.5,1024,0.5,541101,2164404,0.0,0.0,102.24329261453067,0.5333948575900623,0.01222663483974848,0.7025929159717634,0.30894854586129755,0.5126206384558277,0.38553880513679506,0.11979833236377739,0.8802016676362227,0.625,22.4,27.0,151.0,5.302152463218512,8.0
smd,Uniform,fixed_full_data,0.5,1024,0.5,541101,2164404,0.0,0.0,102.24329261453067,0.5333948575900623,0.01222663483974848,0.7613965829368681,0.31552330694810904,0.5326651818856719,0.3962993648163491,0.12072910606942021,0.8792708939305798,0.75,8.166666666666666,4.5,151.0,5.302152463218512,8.0
smd,Full Data,method_retrained,1.0,1024,1.0,1082202,4328808,0.0,0.0,0.0,0.0,0.0,0.18482916592620313,0.3254424778761062,0.5460282108389013,0.407818131411145,0.1182470428543727,0.8817529571456273,0.875,5.0,1.0,246.0,8.63794374802486,8.0
smd,Full Data,fixed_full_data,1.0,1024,1.0,1082202,4328808,0.0,0.0,0.0,0.0,0.0,0.2504285409813747,0.3254424778761062,0.5460282108389013,0.407818131411145,0.1182470428543727,0.8817529571456273,0.875,5.0,1.0,246.0,8.63794374802486,8.0
smd,PCA-Triage,method_retrained,0.7,42,0.6999996303832371,757541,3030164,0.0,0.0,4.431021995623503,0.06573644165849875,0.007653987599859074,1.0407883749576285,0.3168360583296509,0.532293986636971,0.3972299168975069,0.11991467907698274,0.8800853209230173,0.875,4.142857142857143,0.0,177.0,6.215105867481302,8.0
smd,PCA-Triage,fixed_full_data,0.7,42,0.6999996303832371,757541,3030164,0.0,0.0,4.431021995623503,0.06573644165849875,0.007653987599859074,1.1036570830037817,0.3242241778601204,0.5196733481811433,0.3993154592127781,0.11316656971107233,0.8868334302889277,0.75,5.5,0.0,192.0,6.741809754555988,8.0
smd,Variance,method_retrained,0.7,42,0.6999996303832371,757541,3030164,0.0,0.0,0.8411048377331305,0.02329750719200882,0.004501438464580506,0.6727843750268221,0.32850128594809447,0.5215293244246474,0.40309855114043897,0.11138258677525693,0.8886174132247431,0.875,4.714285714285714,0.0,233.0,8.181467045893465,8.0
smd,Variance,fixed_full_data,0.7,42,0.6999996303832371,757541,3030164,0.0,0.0,0.8411048377331305,0.02329750719200882,0.004501438464580506,0.7360380419995636,0.32672811059907836,0.526354862657758,0.40318453227182255,0.1133216986620128,0.8866783013379872,1.0,4.25,0.0,227.0,7.970785491063591,8.0
smd,Threshold,method_retrained,0.7,42,0.6999996303832371,757541,3030164,0.0,0.0,0.6049701434781132,0.020229911315706513,0.003716306195540032,0.6892729590181261,0.32552376661410226,0.53637713437268,0.4051591195850273,0.11611401977894124,0.8838859802210588,1.0,3.375,0.0,252.0,8.848625302854735,8.0
smd,Threshold,fixed_full_data,0.7,42,0.6999996303832371,757541,3030164,0.0,0.0,0.6049701434781132,0.020229911315706513,0.003716306195540032,0.7532891250448301,0.32547932547932545,0.5230141054194506,0.4012530257724619,0.11324413418654257,0.8867558658134574,0.875,4.714285714285714,0.0,244.0,8.56771656308157,8.0
smd,Uniform,method_retrained,0.7,42,0.6999996303832371,757541,3030164,0.0,0.0,74.05037487747647,0.24614293641500912,0.00886476245952918,0.6012730411021039,0.3078132016165245,0.5089086859688196,0.38360380526021265,0.11956563893736669,0.8804343610626333,0.875,4.714285714285714,0.0,230.0,8.076126268478529,8.0
smd,Uniform,fixed_full_data,0.7,42,0.6999996303832371,757541,3030164,0.0,0.0,74.05037487747647,0.24614293641500912,0.00886476245952918,0.6623472080100328,0.32448171441882134,0.5170749814402376,0.39874051810505223,0.11246848943184022,0.8875315105681598,0.875,4.714285714285714,0.0,185.0,6.496014607254468,8.0
smd,Full Data,method_retrained,1.0,42,1.0,1082202,4328808,0.0,0.0,0.0,0.0,0.0,0.17271020798943937,0.3257103257103257,0.5233853006681515,0.40153780435711234,0.11320535194880745,0.8867946480511926,1.0,4.25,0.0,247.0,8.673057340496506,8.0
smd,Full Data,fixed_full_data,1.0,42,1.0,1082202,4328808,0.0,0.0,0.0,0.0,0.0,0.23713537491858006,0.3257103257103257,0.5233853006681515,0.40153780435711234,0.11320535194880745,0.8867946480511926,1.0,4.25,0.0,247.0,8.673057340496506,8.0
smd,PCA-Triage,method_retrained,0.7,123,0.6999996303832371,757541,3030164,0.0,0.0,3.6912992556294557,0.06101131626069918,0.007623747258144676,0.9397268339525908,0.3371029836381136,0.5200445434298441,0.40905109489051095,0.1068450649602482,0.8931549350397517,0.875,16.428571428571427,7.0,164.0,5.758629165349907,8.0
smd,PCA-Triage,fixed_full_data,0.7,123,0.6999996303832371,757541,3030164,0.0,0.0,3.6912992556294557,0.06101131626069918,0.007623747258144676,1.002414666931145,0.3210072595281307,0.5252412769116556,0.39847930160518164,0.11607523754120613,0.8839247624587939,0.875,9.0,1.0,224.0,7.865444713648653,8.0
smd,Variance,method_retrained,0.7,123,0.6999996303832371,757541,3030164,0.0,0.0,0.7803589653573367,0.022695305078358402,0.0043405819575185476,0.6799586249981076,0.3425925925925926,0.5493689680772086,0.42201311662389507,0.11014155516773318,0.8898584448322668,1.0,3.625,0.0,259.0,9.094420450156255,8.0
smd,Variance,fixed_full_data,0.7,123,0.6999996303832371,757541,3030164,0.0,0.0,0.7803589653573367,0.022695305078358402,0.0043405819575185476,0.7461210830369964,0.3222096956031567,0.5304380103934669,0.40089774161874037,0.11657940663176265,0.8834205933682373,0.875,12.0,1.0,259.0,9.094420450156255,8.0
smd,Threshold,method_retrained,0.7,123,0.6999996303832371,757541,3030164,0.0,0.0,0.5746453984313631,0.020414547018633,0.0036404410379351757,0.7987115000141785,0.3347816144523211,0.5434298440979956,0.41432007924154524,0.11281752957145627,0.8871824704285437,0.75,5.666666666666667,0.5,237.0,8.321921415780048,8.0
smd,Threshold,fixed_full_data,0.7,123,0.6999996303832371,757541,3030164,0.0,0.0,0.5746453984313631,0.020414547018633,0.0036404410379351757,0.8645371249876916,0.31998199819982,0.5278396436525612,0.3984309330344634,0.11719992243552453,0.8828000775644754,0.75,7.333333333333333,3.5,277.0,9.72646511464588,8.0
smd,Uniform,method_retrained,0.7,123,0.6999996303832371,757541,3030164,0.0,0.0,22.243440502941276,0.14842661495827397,0.008636336302963768,0.6124544170452282,0.31257372021703234,0.49183370452858205,0.3822299148997548,0.11301144076013186,0.8869885592398682,1.0,7.875,0.5,207.0,7.268513641630675,8.0
smd,Uniform,fixed_full_data,0.7,123,0.6999996303832371,757541,3030164,0.0,0.0,22.243440502941276,0.14842661495827397,0.008636336302963768,0.674212499987334,0.31967398686891557,0.5241276911655531,0.3971312051750809,0.11654062439402754,0.8834593756059724,0.875,8.857142857142858,1.0,216.0,7.584535973875488,8.0
smd,Full Data,method_retrained,1.0,123,1.0,1082202,4328808,0.0,0.0,0.0,0.0,0.0,0.18764245801139623,0.324373164671335,0.5330363771343727,0.4033141412722932,0.1159976730657359,0.8840023269342641,0.75,5.666666666666667,0.5,280.0,9.831805892060817,8.0
smd,Full Data,fixed_full_data,1.0,123,1.0,1082202,4328808,0.0,0.0,0.0,0.0,0.0,0.2526601660065353,0.324373164671335,0.5330363771343727,0.4033141412722932,0.1159976730657359,0.8840023269342641,0.75,5.666666666666667,0.5,280.0,9.831805892060817,8.0
smd,PCA-Triage,method_retrained,0.7,456,0.6999996303832371,757541,3030164,0.0,0.0,3.969913487941451,0.06063996135542842,0.007518454677833069,0.9360893749399111,0.34277681660899656,0.5883444691907943,0.4331784640612189,0.11785922047702152,0.8821407795229784,1.0,2.375,0.0,207.0,7.268513641630675,8.0
smd,PCA-Triage,fixed_full_data,0.7,456,0.6999996303832371,757541,3030164,0.0,0.0,3.969913487941451,0.06063996135542842,0.007518454677833069,0.996533166966401,0.3295089490592015,0.5330363771343727,0.40726035167328417,0.1133216986620128,0.8866783013379872,0.75,6.0,1.0,225.0,7.900558306120299,8.0
smd,Variance,method_retrained,0.7,456,0.6999996303832371,757541,3030164,0.0,0.0,1.0142352361810127,0.02485575205741397,0.004751652193879346,0.6625855420716107,0.32079646017699115,0.5382331106161841,0.4019961186581647,0.11906146984681017,0.8809385301531898,1.0,4.25,0.0,275.0,9.656237929702588,8.0
smd,Variance,fixed_full_data,0.7,456,0.6999996303832371,757541,3030164,0.0,0.0,1.0142352361810127,0.02485575205741397,0.004751652193879346,0.7237998340278864,0.3299678751720973,0.5337787676317743,0.4078275666477595,0.11324413418654257,0.8867558658134574,0.75,5.5,0.0,250.0,8.778398117911443,8.0
smd,Threshold,method_retrained,0.7,456,0.6999996303832371,757541,3030164,0.0,0.0,0.6169798658629386,0.02087194696740506,0.0036712661589187712,0.6773385419510305,0.32427011366168934,0.5400890868596881,0.4052360395488094,0.1175877448128757,0.8824122551871243,1.0,4.25,0.0,267.0,9.375329189929422,8.0
smd,Threshold,fixed_full_data,0.7,456,0.6999996303832371,757541,3030164,0.0,0.0,0.6169798658629386,0.02087194696740506,0.0036712661589187712,0.7384864590130746,0.3286729314691726,0.532293986636971,0.4064049879552218,0.11359317432615862,0.8864068256738413,0.75,5.5,0.0,252.0,8.848625302854735,8.0
smd,Uniform,method_retrained,0.7,456,0.6999996303832371,757541,3030164,0.0,0.0,58.63135629429432,0.23513922000969623,0.008856041982379811,0.614105875021778,0.31945681211041854,0.5326651818856719,0.3993876983022544,0.11855730075625363,0.8814426992437464,0.875,4.0,0.0,194.0,6.81203693949928,8.0
smd,Uniform,fixed_full_data,0.7,456,0.6999996303832371,757541,3030164,0.0,0.0,58.63135629429432,0.23513922000969623,0.008856041982379811,0.6752464590827003,0.32933855727126066,0.5304380103934669,0.406369970140765,0.1128563118091914,0.8871436881908086,0.75,5.5,0.0,210.0,7.373854419045612,8.0
smd,Full Data,method_retrained,1.0,456,1.0,1082202,4328808,0.0,0.0,0.0,0.0,0.0,0.17857870797161013,0.32913421896472744,0.5334075723830735,0.40708215297450423,0.11359317432615862,0.8864068256738413,0.75,5.666666666666667,0.5,262.0,9.199761227571193,8.0
smd,Full Data,fixed_full_data,1.0,456,1.0,1082202,4328808,0.0,0.0,0.0,0.0,0.0,0.2425155829405412,0.32913421896472744,0.5334075723830735,0.40708215297450423,0.11359317432615862,0.8864068256738413,0.75,5.666666666666667,0.5,262.0,9.199761227571193,8.0
smd,PCA-Triage,method_retrained,0.7,789,0.6999996303832371,757541,3030164,0.0,0.0,1.9592687350973823,0.055853423264220374,0.0072757187330837044,0.9495041669579223,0.338964458095656,0.5734966592427617,0.42608935466078324,0.11685088229590847,0.8831491177040915,1.0,4.125,0.0,246.0,8.63794374802486,8.0
smd,PCA-Triage,fixed_full_data,0.7,789,0.6999996303832371,757541,3030164,0.0,0.0,1.9592687350973823,0.055853423264220374,0.0072757187330837044,1.01029204193037,0.3428436689460033,0.5397178916109874,0.41932227829848595,0.10808609656777196,0.8919139034322281,1.0,4.375,0.0,204.0,7.1631728642157375,8.0
smd,Variance,method_retrained,0.7,789,0.6999996303832371,757541,3030164,0.0,0.0,0.9092831833141969,0.023702602949798562,0.0044325242172464936,0.6560132920276374,0.31971770744225836,0.5549368968077208,0.4056987788331072,0.12336629823540818,0.8766337017645918,1.0,4.375,0.5,212.0,7.444081603988904,8.0
smd,Variance,fixed_full_data,0.7,789,0.6999996303832371,757541,3030164,0.0,0.0,0.9092831833141969,0.023702602949798562,0.0044325242172464936,0.717400792054832,0.3484565014031805,0.5530809205642168,0.42754662840746055,0.10804731433003684,0.8919526856699631,1.0,4.25,0.0,235.0,8.251694230836756,8.0
smd,Threshold,method_retrained,0.7,789,0.6999996303832371,757541,3030164,0.0,0.0,0.5247149836338241,0.020345674465943042,0.0038389532795204974,0.6855212090304121,0.31536622473375353,0.538604305864885,0.3978067169294037,0.12216404886561955,0.8778359511343804,1.0,4.375,0.0,214.0,7.514308788932196,8.0
smd,Threshold,fixed_full_data,0.7,789,0.6999996303832371,757541,3030164,0.0,0.0,0.5247149836338241,0.020345674465943042,0.0038389532795204974,0.7474294999847189,0.3475509725802672,0.550482553823311,0.42608820571756933,0.1079697498545666,0.8920302501454334,1.0,4.375,0.0,229.0,8.041012676006883,8.0
smd,Uniform,method_retrained,0.7,789,0.6999996303832371,757541,3030164,0.0,0.0,72.971038705072,0.2540665212572176,0.008490684576988287,0.6148938750848174,0.3322791958436865,0.5460282108389013,0.4131442213172307,0.11464029474500678,0.8853597052549932,1.0,3.125,0.0,186.0,6.531128199726114,8.0
smd,Uniform,fixed_full_data,0.7,789,0.6999996303832371,757541,3030164,0.0,0.0,72.971038705072,0.2540665212572176,0.008490684576988287,0.6748497500084341,0.341700213118636,0.5356347438752784,0.4172329044383403,0.10781462090362615,0.8921853790963739,1.0,4.375,0.0,180.0,6.320446644896239,8.0
smd,Full Data,method_retrained,1.0,789,1.0,1082202,4328808,0.0,0.0,0.0,0.0,0.0,0.18064925004728138,0.3470629534285046,0.550482553823311,0.4257212573561074,0.1082024432809773,0.8917975567190227,1.0,4.25,0.0,242.0,8.497489378138278,8.0
smd,Full Data,fixed_full_data,1.0,789,1.0,1082202,4328808,0.0,0.0,0.0,0.0,0.0,0.2433031250257045,0.3470629534285046,0.550482553823311,0.4257212573561074,0.1082024432809773,0.8917975567190227,1.0,4.25,0.0,242.0,8.497489378138278,8.0
smd,PCA-Triage,method_retrained,0.7,1024,0.6999996303832371,757541,3030164,0.0,0.0,5.293373305203021,0.06395628588989917,0.007914324569268959,0.931920790928416,0.3224169741697417,0.5189309576837416,0.397724039829303,0.11394221446577467,0.8860577855342253,0.875,5.142857142857143,0.0,183.0,6.425787422311177,8.0
smd,PCA-Triage,fixed_full_data,0.7,1024,0.6999996303832371,757541,3030164,0.0,0.0,5.293373305203021,0.06395628588989917,0.007914324569268959,0.9919894579797983,0.3191865605658709,0.5360059391239792,0.40011083402604597,0.11944929222416134,0.8805507077758387,0.625,7.0,0.0,200.0,7.022718494329155,8.0
smd,Variance,method_retrained,0.7,1024,0.6999996303832371,757541,3030164,0.0,0.0,0.9690204047623334,0.0245185752237044,0.004566697665762851,0.7334845419973135,0.3062937062937063,0.48775055679287305,0.37628865979381443,0.11541593949970913,0.8845840605002908,0.625,7.0,1.0,240.0,8.427262193194986,8.0
smd,Variance,fixed_full_data,0.7,1024,0.6999996303832371,757541,3030164,0.0,0.0,0.9690204047623334,0.0245185752237044,0.004566697665762851,0.7952044169651344,0.3216736772193934,0.5393466963622866,0.4029954236582998,0.11882877642039946,0.8811712235796005,0.75,5.666666666666667,0.5,234.0,8.21658063836511,8.0
smd,Threshold,method_retrained,0.7,1024,0.6999996303832371,757541,3030164,0.0,0.0,0.48600291173441085,0.020448318130063557,0.0037858445401973088,0.845518583082594,0.3412322274881517,0.5612472160356348,0.4244210526315789,0.11320535194880745,0.8867946480511926,1.0,4.125,0.0,248.0,8.708170932968152,8.0
smd,Threshold,fixed_full_data,0.7,1024,0.6999996303832371,757541,3030164,0.0,0.0,0.48600291173441085,0.020448318130063557,0.0037858445401973088,0.9155895420117304,0.31971153846153844,0.5430586488492948,0.4024759284731774,0.12072910606942021,0.8792708939305798,0.75,6.666666666666667,0.5,237.0,8.321921415780048,8.0
smd,Uniform,method_retrained,0.7,1024,0.6999996303832371,757541,3030164,0.0,0.0,49.04163681239129,0.21064571153825146,0.008663414702634832,0.6299904580228031,0.3255869669381888,0.5044543429844098,0.3957483983692487,0.10917199922435525,0.8908280007756447,0.875,8.714285714285714,0.0,187.0,6.56624179219776,8.0
smd,Uniform,fixed_full_data,0.7,1024,0.6999996303832371,757541,3030164,0.0,0.0,49.04163681239129,0.21064571153825146,0.008663414702634832,0.696460000006482,0.32077550121172066,0.540460282108389,0.402599198119729,0.11956563893736669,0.8804343610626333,0.875,4.714285714285714,0.0,185.0,6.496014607254468,8.0
smd,Full Data,method_retrained,1.0,1024,1.0,1082202,4328808,0.0,0.0,0.0,0.0,0.0,0.18194149993360043,0.3254424778761062,0.5460282108389013,0.407818131411145,0.1182470428543727,0.8817529571456273,0.875,5.0,1.0,246.0,8.63794374802486,8.0
smd,Full Data,fixed_full_data,1.0,1024,1.0,1082202,4328808,0.0,0.0,0.0,0.0,0.0,0.24677037494257092,0.3254424778761062,0.5460282108389013,0.407818131411145,0.1182470428543727,0.8817529571456273,0.875,5.0,1.0,246.0,8.63794374802486,8.0
msl,PCA-Triage,method_retrained,0.3,42,0.29999987669832645,1216528,4866112,0.0,0.0,1.0555827213911393,0.041932658247142596,0.03414086763575418,2.313249749946408,0.18037518037518038,0.016095802214782386,0.029554320841707057,0.008610887922016888,0.9913891120779831,0.3611111111111111,94.07692307692308,72.0,299.0,4.0553920438362105,36.0
msl,PCA-Triage,fixed_full_data,0.3,42,0.29999987669832645,1216528,4866112,0.0,0.0,1.0555827213911393,0.041932658247142596,0.03414086763575418,2.416639957926236,0.1840220385674931,0.04300798351789853,0.06972132345266674,0.022451980655822202,0.9775480193441778,0.5277777777777778,34.05263157894737,40.0,562.0,7.622509460320905,36.0
msl,Variance,method_retrained,0.3,42,0.29999987669832645,1216528,4866112,0.0,0.0,1.1172455210167627,0.019540280604792494,0.020312418677421756,1.703773041954264,0.18127962085308058,0.01970126191089364,0.03554006968641115,0.010475569637524067,0.989524430362476,0.4722222222222222,97.17647058823529,28.0,473.0,6.41538607603521,36.0
msl,Variance,fixed_full_data,0.3,42,0.29999987669832645,1216528,4866112,0.0,0.0,1.1172455210167627,0.019540280604792494,0.020312418677421756,1.8142378339543939,0.1976911976911977,0.03528199845480299,0.059877622377622376,0.01685793550930067,0.9831420644906993,0.5555555555555556,40.45,17.0,817.0,11.081121404060818,36.0
msl,Threshold,method_retrained,0.3,42,0.29999987669832645,1216528,4866112,0.0,0.0,1.2498818709991013,0.04903862250750883,0.038461311619009814,1.6350991249782965,0.10504201680672269,0.00965748132886943,0.01768867924528302,0.009687248912268999,0.990312751087731,0.3333333333333333,73.83333333333333,46.5,275.0,3.729875625601866,36.0
msl,Threshold,fixed_full_data,0.3,42,0.29999987669832645,1216528,4866112,0.0,0.0,1.2498818709991013,0.04903862250750883,0.038461311619009814,1.7434964999556541,0.1943771206980126,0.05163533350502189,0.08159527927561298,0.025195943180267726,0.9748040568197323,0.5833333333333334,27.80952380952381,16.0,610.0,8.273542296789595,36.0
msl,Uniform,method_retrained,0.3,42,0.29999987669832645,1216528,4866112,0.0,0.0,1.2498818709991013,0.04903862250750883,0.038461311619009814,1.6972618750296533,0.10504201680672269,0.00965748132886943,0.01768867924528302,0.009687248912268999,0.990312751087731,0.3333333333333333,73.83333333333333,46.5,275.0,3.729875625601866,36.0
msl,Uniform,fixed_full_data,0.3,42,0.29999987669832645,1216528,4866112,0.0,0.0,1.2498818709991013,0.04903862250750883,0.038461311619009814,1.8293920840369537,0.1943771206980126,0.05163533350502189,0.08159527927561298,0.025195943180267726,0.9748040568197323,0.5833333333333334,27.80952380952381,16.0,610.0,8.273542296789595,36.0
msl,Full Data,method_retrained,1.0,42,1.0,4055095,16220380,0.0,0.0,0.0,0.0,0.0,0.2425162079744041,0.2233741753063148,0.0305176409992274,0.05369887844114648,0.012491851492503373,0.9875081485074966,0.5277777777777778,57.89473684210526,30.0,736.0,9.982503492519903,36.0
msl,Full Data,fixed_full_data,1.0,42,1.0,4055095,16220380,0.0,0.0,0.0,0.0,0.0,0.3675750829279423,0.2233741753063148,0.0305176409992274,0.05369887844114648,0.012491851492503373,0.9875081485074966,0.5277777777777778,57.89473684210526,30.0,736.0,9.982503492519903,36.0
msl,PCA-Triage,method_retrained,0.3,123,0.29999987669832645,1216528,4866112,0.0,0.0,0.9990802020850722,0.04742062519837421,0.03743558972489112,2.537042709067464,0.12241653418124006,0.009915014164305949,0.01834425253126861,0.008368327698861483,0.9916316723011385,0.2777777777777778,290.5,174.5,211.0,2.8618318436436136,36.0
msl,PCA-Triage,fixed_full_data,0.3,123,0.29999987669832645,1216528,4866112,0.0,0.0,0.9990802020850722,0.04742062519837421,0.03743558972489112,2.642552209086716,0.14485256078634248,0.036054596961112545,0.05773791112485823,0.02505950305474281,0.9749404969452572,0.4722222222222222,93.52941176470588,48.0,568.0,7.703888564879491,36.0
msl,Variance,method_retrained,0.3,123,0.29999987669832645,1216528,4866112,0.0,0.0,1.2121331837060405,0.0204748031796601,0.020436882526334126,1.7383564580231905,0.2536656891495601,0.02227659026525882,0.04095643939393939,0.007716447099131331,0.9922835529008687,0.4166666666666667,68.0,45.0,330.0,4.475850750722239,36.0
msl,Variance,fixed_full_data,0.3,123,0.29999987669832645,1216528,4866112,0.0,0.0,1.2121331837060405,0.0204748031796601,0.020436882526334126,1.8563922500470653,0.1620658949243099,0.02343548802472315,0.04094948813139836,0.014265573124327274,0.9857344268756727,0.5,56.388888888888886,33.0,657.0,8.911011949165186,36.0
msl,Threshold,method_retrained,0.3,123,0.29999987669832645,1216528,4866112,0.0,0.0,1.2891022303545738,0.0493286231800973,0.0384343145532715,1.767172290943563,0.15705128205128205,0.01261910893638939,0.0233611442193087,0.00797416733623395,0.9920258326637661,0.2777777777777778,83.6,53.0,249.0,3.377232839181326,36.0
msl,Threshold,fixed_full_data,0.3,123,0.29999987669832645,1216528,4866112,0.0,0.0,1.2891022303545738,0.0493286231800973,0.0384343145532715,1.8741316249361262,0.16675271037687145,0.04159155292299768,0.06657734721220242,0.02446826251080151,0.9755317374891985,0.5555555555555556,42.5,36.5,563.0,7.636072644414003,36.0
msl,Uniform,method_retrained,0.3,123,0.29999987669832645,1216528,4866112,0.0,0.0,1.2891022303545738,0.0493286231800973,0.0384343145532715,1.7065519170137122,0.15705128205128205,0.01261910893638939,0.0233611442193087,0.00797416733623395,0.9920258326637661,0.2777777777777778,83.6,53.0,249.0,3.377232839181326,36.0
msl,Uniform,fixed_full_data,0.3,123,0.29999987669832645,1216528,4866112,0.0,0.0,1.2891022303545738,0.0493286231800973,0.0384343145532715,1.8152866669697687,0.16675271037687145,0.04159155292299768,0.06657734721220242,0.02446826251080151,0.9755317374891985,0.5555555555555556,42.5,36.5,563.0,7.636072644414003,36.0
msl,Full Data,method_retrained,1.0,123,1.0,4055095,16220380,0.0,0.0,0.0,0.0,0.0,0.23396091698668897,0.16956521739130434,0.020087561164048418,0.03591987105687313,0.011582250655670603,0.9884177493443294,0.4722222222222222,49.0,27.0,705.0,9.562044785633875,36.0
msl,Full Data,fixed_full_data,1.0,123,1.0,4055095,16220380,0.0,0.0,0.0,0.0,0.0,0.35645629197824746,0.16956521739130434,0.020087561164048418,0.03591987105687313,0.011582250655670603,0.9884177493443294,0.4722222222222222,49.0,27.0,705.0,9.562044785633875,36.0
msl,PCA-Triage,method_retrained,0.3,456,0.29999987669832645,1216528,4866112,0.0,0.0,0.9927844873207853,0.04522578961753796,0.03564670949791949,2.5372500830562785,0.12296296296296297,0.010687612670615503,0.01966591636062078,0.008974728256749996,0.9910252717432501,0.3055555555555556,151.0909090909091,55.0,224.0,3.038153236853884,36.0
msl,PCA-Triage,fixed_full_data,0.3,456,0.29999987669832645,1216528,4866112,0.0,0.0,0.9927844873207853,0.04522578961753796,0.03564670949791949,2.6406671659788117,0.16894761680037754,0.04609837754313675,0.07243297926150734,0.026696784561041798,0.9733032154389583,0.6388888888888888,49.34782608695652,38.0,563.0,7.636072644414003,36.0
msl,Variance,method_retrained,0.3,456,0.29999987669832645,1216528,4866112,0.0,0.0,1.1496045878118624,0.019931330382438803,0.02062719095250538,2.102841292042285,0.203125,0.020087561164048418,0.03655964377782986,0.009277928535694252,0.9907220714643058,0.5555555555555556,61.55,48.0,349.0,4.7335512484910955,36.0
msl,Variance,fixed_full_data,0.3,456,0.29999987669832645,1216528,4866112,0.0,0.0,1.1496045878118624,0.019931330382438803,0.02062719095250538,2.3030305840075016,0.21428571428571427,0.03631212979654906,0.06210085884166483,0.01567545442141807,0.984324545578582,0.5833333333333334,48.0,30.0,707.0,9.589171153820072,36.0
msl,Threshold,method_retrained,0.3,456,0.29999987669832645,1216528,4866112,0.0,0.0,1.2283637028303154,0.048034604263920595,0.03836176593132168,2.8209424999076873,0.15415549597855227,0.014808138037599793,0.027020676691729324,0.009565968800691297,0.9904340311993087,0.5,70.38888888888889,37.0,282.0,3.82481791425355,36.0
msl,Threshold,fixed_full_data,0.3,456,0.29999987669832645,1216528,4866112,0.0,0.0,1.2283637028303154,0.048034604263920595,0.03836176593132168,2.9723453749902546,0.17069560927479033,0.04455318053051764,0.07066271826815072,0.02548398344526477,0.9745160165547352,0.75,41.370370370370374,23.0,638.0,8.65331145139633,36.0
msl,Uniform,method_retrained,0.3,456,0.29999987669832645,1216528,4866112,0.0,0.0,1.2283637028303154,0.048034604263920595,0.03836176593132168,5.025643000029959,0.15415549597855227,0.014808138037599793,0.027020676691729324,0.009565968800691297,0.9904340311993087,0.5,70.38888888888889,37.0,282.0,3.82481791425355,36.0
msl,Uniform,fixed_full_data,0.3,456,0.29999987669832645,1216528,4866112,0.0,0.0,1.2283637028303154,0.048034604263920595,0.03836176593132168,5.355129083036445,0.17069560927479033,0.04455318053051764,0.07066271826815072,0.02548398344526477,0.9745160165547352,0.75,41.370370370370374,23.0,638.0,8.65331145139633,36.0
msl,Full Data,method_retrained,1.0,456,1.0,4055095,16220380,0.0,0.0,0.0,0.0,0.0,0.5338260830612853,0.24196597353497165,0.03296420293587433,0.05802357207615594,0.012158331185664692,0.9878416688143353,0.6944444444444444,43.56,30.0,769.0,10.430088567592128,36.0
msl,Full Data,fixed_full_data,1.0,456,1.0,4055095,16220380,0.0,0.0,0.0,0.0,0.0,0.8988405000418425,0.24196597353497165,0.03296420293587433,0.05802357207615594,0.012158331185664692,0.9878416688143353,0.6944444444444444,43.56,30.0,769.0,10.430088567592128,36.0
msl,PCA-Triage,method_retrained,0.3,789,0.29999987669832645,1216528,4866112,0.0,0.0,0.9338183942433707,0.04057915239530317,0.03410394845841026,7.366973625030369,0.16588235294117648,0.01815606489827453,0.032729805013927575,0.010748449888573897,0.9892515501114261,0.5277777777777778,87.42105263157895,52.0,353.0,4.787803984863486,36.0
msl,PCA-Triage,fixed_full_data,0.3,789,0.29999987669832645,1216528,4866112,0.0,0.0,0.9338183942433707,0.04057915239530317,0.03410394845841026,7.675643458031118,0.2109851787271142,0.06232294617563739,0.09622266401590457,0.027439625244455226,0.9725603747555448,0.7222222222222222,28.846153846153847,24.0,706.0,9.575607969726972,36.0
msl,Variance,method_retrained,0.3,789,0.29999987669832645,1216528,4866112,0.0,0.0,1.1737316835586173,0.020311068781411593,0.020218555528225175,3.8717521659564227,0.20322291853178157,0.029229976822044812,0.05110885961949792,0.01349241241301942,0.9865075875869805,0.5833333333333334,66.71428571428571,10.0,637.0,8.639748267303233,36.0
msl,Variance,fixed_full_data,0.3,789,0.29999987669832645,1216528,4866112,0.0,0.0,1.1737316835586173,0.020311068781411593,0.020218555528225175,4.011758374981582,0.20944992947813823,0.03824362606232295,0.06467770034843205,0.016994375634825584,0.9830056243651745,0.6944444444444444,31.96,10.0,715.0,9.697676626564853,36.0
msl,Threshold,method_retrained,0.3,789,0.29999987669832645,1216528,4866112,0.0,0.0,1.3226205635817039,0.04923549548963626,0.0381051111427058,2.015179207897745,0.15236686390532544,0.013262941024980685,0.024401800521203505,0.008686687991752953,0.991313312008247,0.4444444444444444,81.5,40.5,267.0,3.6213701528570845,36.0
msl,Threshold,fixed_full_data,0.3,789,0.29999987669832645,1216528,4866112,0.0,0.0,1.3226205635817039,0.04923549548963626,0.0381051111427058,2.1449927499052137,0.20806302131603335,0.057816121555498326,0.09048770656993148,0.025908463835786728,0.9740915361642133,0.6666666666666666,31.0,16.0,674.0,9.141586078747848,36.0
msl,Uniform,method_retrained,0.3,789,0.29999987669832645,1216528,4866112,0.0,0.0,1.3226522896302149,0.04924863628803462,0.03811070896817708,4.4278553329641,0.15191740412979352,0.013262941024980685,0.024396020843202273,0.008717008019647378,0.9912829919803526,0.4444444444444444,81.5,40.5,268.0,3.6349333369501826,36.0
msl,Uniform,fixed_full_data,0.3,789,0.29999987669832645,1216528,4866112,0.0,0.0,1.3226522896302149,0.04924863628803462,0.03811070896817708,4.7806712499586865,0.20806302131603335,0.057816121555498326,0.09048770656993148,0.025908463835786728,0.9740915361642133,0.6666666666666666,31.0,16.0,674.0,9.141586078747848,36.0
msl,Full Data,method_retrained,1.0,789,1.0,4055095,16220380,0.0,0.0,0.0,0.0,0.0,0.5823970830533653,0.2391304347826087,0.032577903682719546,0.05734360834088849,0.01220381122750633,0.9877961887724936,0.75,41.111111111111114,17.0,741.0,10.050319412985392,36.0
msl,Full Data,fixed_full_data,1.0,789,1.0,4055095,16220380,0.0,0.0,0.0,0.0,0.0,0.946737208054401,0.2391304347826087,0.032577903682719546,0.05734360834088849,0.01220381122750633,0.9877961887724936,0.75,41.111111111111114,17.0,741.0,10.050319412985392,36.0
msl,PCA-Triage,method_retrained,0.3,1024,0.29999987669832645,1216528,4866112,0.0,0.0,0.9678924025781301,0.03813429670022964,0.03141210670882837,8.65436216595117,0.16156670746634028,0.0169971671388102,0.030758476057322615,0.010384609553840789,0.9896153904461592,0.3333333333333333,68.08333333333333,48.0,340.0,4.611482591653217,36.0
msl,PCA-Triage,fixed_full_data,0.3,1024,0.29999987669832645,1216528,4866112,0.0,0.0,0.9678924025781301,0.03813429670022964,0.03141210670882837,9.019172832951881,0.1966800804828974,0.0503476693278393,0.08017223703096166,0.02421054227369889,0.9757894577263011,0.5277777777777778,54.78947368421053,53.0,641.0,8.694001003675623,36.0
msl,Variance,method_retrained,0.3,1024,0.29999987669832645,1216528,4866112,0.0,0.0,1.1558450334093722,0.02069080753997061,0.020736386447350704,3.6114758329931647,0.21923937360178972,0.03785732680916817,0.06456571867794005,0.015872534602731834,0.9841274653972681,0.5555555555555556,60.15,23.5,753.0,10.213077622102565,36.0
msl,Variance,fixed_full_data,0.3,1024,0.29999987669832645,1216528,4866112,0.0,0.0,1.1558450334093722,0.02069080753997061,0.020736386447350704,3.793305875035003,0.2055030094582975,0.03077517383466392,0.053533430395341024,0.014007852887224656,0.9859921471127754,0.6111111111111112,55.18181818181818,23.5,568.0,7.703888564879491,36.0
msl,Threshold,method_retrained,0.3,1024,0.29999987669832645,1216528,4866112,0.0,0.0,1.2400464620292095,0.04873889608124529,0.03854060499789527,2.246944750077091,0.1285551763367463,0.014550605202163275,0.026142278773857722,0.011612570683565028,0.988387429316435,0.4166666666666667,105.33333333333333,44.0,334.0,4.53010348709463,36.0
msl,Threshold,fixed_full_data,0.3,1024,0.29999987669832645,1216528,4866112,0.0,0.0,1.2400464620292095,0.04873889608124529,0.03854060499789527,2.352527083014138,0.17584023380418898,0.04648467679629153,0.0735309094612486,0.02565074359868411,0.9743492564013159,0.5833333333333334,31.61904761904762,25.0,652.0,8.843196028699698,36.0
msl,Uniform,method_retrained,0.3,1024,0.29999987669832645,1216528,4866112,0.0,0.0,1.2400464620292095,0.04873889608124529,0.03854060499789527,1.4785927910124883,0.1285551763367463,0.014550605202163275,0.026142278773857722,0.011612570683565028,0.988387429316435,0.4166666666666667,105.33333333333333,44.0,334.0,4.53010348709463,36.0
msl,Uniform,fixed_full_data,0.3,1024,0.29999987669832645,1216528,4866112,0.0,0.0,1.2400464620292095,0.04873889608124529,0.03854060499789527,1.57959962496534,0.17584023380418898,0.04648467679629153,0.0735309094612486,0.02565074359868411,0.9743492564013159,0.5833333333333334,31.61904761904762,25.0,652.0,8.843196028699698,36.0
msl,Full Data,method_retrained,1.0,1024,1.0,4055095,16220380,0.0,0.0,0.0,0.0,0.0,0.20770374999847263,0.23781212841854935,0.025753283543651816,0.046473800395027305,0.009717568940163426,0.9902824310598366,0.6944444444444444,53.88,30.0,614.0,8.327795033161985,36.0
msl,Full Data,fixed_full_data,1.0,1024,1.0,4055095,16220380,0.0,0.0,0.0,0.0,0.0,0.31512833398301154,0.23781212841854935,0.025753283543651816,0.046473800395027305,0.009717568940163426,0.9902824310598366,0.6944444444444444,53.88,30.0,614.0,8.327795033161985,36.0
msl,PCA-Triage,method_retrained,0.5,42,0.4999998766983264,2027547,8110188,0.0,0.0,0.8207849610164503,0.025159415496224056,0.02724864700167582,2.4485051250085235,0.13424124513618677,0.008884882822559876,0.016666666666666666,0.00674620620650971,0.9932537937934903,0.2777777777777778,81.1,53.5,286.0,3.879070650625941,36.0
msl,PCA-Triage,fixed_full_data,0.5,42,0.4999998766983264,2027547,8110188,0.0,0.0,0.8207849610164503,0.025159415496224056,0.02724864700167582,2.559761416981928,0.18211276733635776,0.0361833633788308,0.06037168331721989,0.019131937601382595,0.9808680623986175,0.6388888888888888,54.130434782608695,33.0,651.0,8.8296328446066,36.0
msl,Variance,method_retrained,0.5,42,0.4999998766983264,2027547,8110188,0.0,0.0,0.9162541129601964,0.01227580284267787,0.015945467544774668,2.6903438749723136,0.2617046818727491,0.028071079062580478,0.05070357018257937,0.00932340857753589,0.9906765914224641,0.4166666666666667,61.733333333333334,27.0,510.0,6.917223887479825,36.0
msl,Variance,fixed_full_data,0.5,42,0.4999998766983264,2027547,8110188,0.0,0.0,0.9162541129601964,0.01227580284267787,0.015945467544774668,2.8317494579823688,0.20782208588957055,0.03489569920164821,0.0597574421168688,0.015660294407470854,0.9843397055925291,0.6944444444444444,37.32,27.0,812.0,11.013305483595328,36.0
msl,Threshold,method_retrained,0.5,42,0.4999998766983264,2027547,8110188,0.0,0.0,1.0861467968555714,0.03497155925684344,0.032630648487681595,2.2076668329536915,0.13450292397660818,0.011846510430079836,0.02177514792899408,0.008974728256749996,0.9910252717432501,0.3055555555555556,89.18181818181819,43.0,400.0,5.425273637239078,36.0
msl,Threshold,fixed_full_data,0.5,42,0.4999998766983264,2027547,8110188,0.0,0.0,1.0861467968555714,0.03497155925684344,0.032630648487681595,2.3913194579072297,0.1959140911471975,0.04815864022662889,0.07731266149870801,0.023270621408971695,0.9767293785910283,0.75,36.25925925925926,22.0,832.0,11.284569165457283,36.0
msl,Uniform,method_retrained,0.5,42,0.4999998766983264,2027547,8110188,0.0,0.0,1.0861467968555714,0.03497155925684344,0.032630648487681595,3.0558966250391677,0.13450292397660818,0.011846510430079836,0.02177514792899408,0.008974728256749996,0.9910252717432501,0.3055555555555556,89.18181818181819,43.0,400.0,5.425273637239078,36.0
msl,Uniform,fixed_full_data,0.5,42,0.4999998766983264,2027547,8110188,0.0,0.0,1.0861467968555714,0.03497155925684344,0.032630648487681595,3.282351833069697,0.1959140911471975,0.04815864022662889,0.07731266149870801,0.023270621408971695,0.9767293785910283,0.75,36.25925925925926,22.0,832.0,11.284569165457283,36.0
msl,Full Data,method_retrained,1.0,42,1.0,4055095,16220380,0.0,0.0,0.0,0.0,0.0,0.6066489580553025,0.2233741753063148,0.0305176409992274,0.05369887844114648,0.012491851492503373,0.9875081485074966,0.5277777777777778,57.89473684210526,30.0,736.0,9.982503492519903,36.0
msl,Full Data,fixed_full_data,1.0,42,1.0,4055095,16220380,0.0,0.0,0.0,0.0,0.0,1.0218681670958176,0.2233741753063148,0.0305176409992274,0.05369887844114648,0.012491851492503373,0.9875081485074966,0.5277777777777778,57.89473684210526,30.0,736.0,9.982503492519903,36.0
msl,PCA-Triage,method_retrained,0.5,123,0.4999998766983264,2027547,8110188,0.0,0.0,0.6864998044040302,0.023718865795655075,0.02354521745443002,4.1119138749782,0.18436578171091444,0.016095802214782386,0.029606821411653245,0.008383487712808696,0.9916165122871913,0.3611111111111111,101.07692307692308,56.0,354.0,4.801367168956585,36.0
msl,PCA-Triage,fixed_full_data,0.5,123,0.4999998766983264,2027547,8110188,0.0,0.0,0.6864998044040302,0.023718865795655075,0.02354521745443002,4.259667415986769,0.17739025856885146,0.037986093226886425,0.06257291335242338,0.020738899079787154,0.9792611009202129,0.6944444444444444,39.68,29.0,850.0,11.52870647913304,36.0
msl,Variance,method_retrained,0.5,123,0.4999998766983264,2027547,8110188,0.0,0.0,0.9780674518569545,0.012811165449893962,0.015606039031356597,2.1030016250442713,0.2503008423586041,0.02678341488539789,0.04838897289752239,0.009444688689113594,0.9905553113108864,0.5277777777777778,51.68421052631579,27.0,423.0,5.737226871380325,36.0
msl,Variance,fixed_full_data,0.5,123,0.4999998766983264,2027547,8110188,0.0,0.0,0.9780674518569545,0.012811165449893962,0.015606039031356597,2.241444875020534,0.17271157167530224,0.025753283543651816,0.04482294935006723,0.014523293361429893,0.9854767066385701,0.5277777777777778,49.94736842105263,27.0,691.0,9.372160208330508,36.0
msl,Threshold,method_retrained,0.5,123,0.4999998766983264,2027547,8110188,0.0,0.0,1.069469891834682,0.03521447686847523,0.03266473910444961,2.069953874917701,0.19225037257824143,0.016610867885655422,0.0305795899016238,0.008216727559389354,0.9917832724406106,0.4722222222222222,98.6470588235294,78.0,378.0,5.126883587190929,36.0
msl,Threshold,fixed_full_data,0.5,123,0.4999998766983264,2027547,8110188,0.0,0.0,1.069469891834682,0.03521447686847523,0.03266473910444961,2.2142341249855235,0.1769394261424017,0.04287921710018027,0.06902985074626866,0.023482861604232675,0.9765171383957674,0.7222222222222222,33.69230769230769,21.5,851.0,11.542269663226138,36.0
msl,Uniform,method_retrained,0.5,123,0.4999998766983264,2027547,8110188,0.0,0.0,1.069469891834682,0.03521447686847523,0.03266473910444961,1.8680926670785993,0.19225037257824143,0.016610867885655422,0.0305795899016238,0.008216727559389354,0.9917832724406106,0.4722222222222222,98.6470588235294,78.0,378.0,5.126883587190929,36.0
msl,Uniform,fixed_full_data,0.5,123,0.4999998766983264,2027547,8110188,0.0,0.0,1.069469891834682,0.03521447686847523,0.03266473910444961,2.0147702500689775,0.1769394261424017,0.04287921710018027,0.06902985074626866,0.023482861604232675,0.9765171383957674,0.7222222222222222,33.69230769230769,21.5,851.0,11.542269663226138,36.0
msl,Full Data,method_retrained,1.0,123,1.0,4055095,16220380,0.0,0.0,0.0,0.0,0.0,0.30876945797353983,0.16956521739130434,0.020087561164048418,0.03591987105687313,0.011582250655670603,0.9884177493443294,0.4722222222222222,49.0,27.0,705.0,9.562044785633875,36.0
msl,Full Data,fixed_full_data,1.0,123,1.0,4055095,16220380,0.0,0.0,0.0,0.0,0.0,0.4605062500340864,0.16956521739130434,0.020087561164048418,0.03591987105687313,0.011582250655670603,0.9884177493443294,0.4722222222222222,49.0,27.0,705.0,9.562044785633875,36.0
msl,PCA-Triage,method_retrained,0.5,456,0.4999998766983264,2027547,8110188,0.0,0.0,0.7368569941068571,0.03180457152474646,0.03024368753727976,3.6176150829996914,0.14746543778801843,0.016482101467937164,0.02965022006022701,0.011218410320937495,0.9887815896790625,0.5277777777777778,74.89473684210526,48.0,458.0,6.211938314638744,36.0
msl,PCA-Triage,fixed_full_data,0.5,456,0.4999998766983264,2027547,8110188,0.0,0.0,0.7368569941068571,0.03180457152474646,0.03024368753727976,3.7601996670709923,0.18045112781954886,0.04635591037857327,0.07376293412560188,0.024786622803692978,0.9752133771963071,0.7777777777777778,39.0,32.0,811.0,10.99974229950223,36.0
msl,Variance,method_retrained,0.5,456,0.4999998766983264,2027547,8110188,0.0,0.0,0.9847055190521827,0.01278022825471984,0.015958537444175493,2.5568414999870583,0.13375130616509928,0.016482101467937164,0.02934770147884902,0.012567651562239436,0.9874323484377605,0.3055555555555556,73.0,29.0,680.0,9.222965183306433,36.0
msl,Variance,fixed_full_data,0.5,456,0.4999998766983264,2027547,8110188,0.0,0.0,0.9847055190521827,0.01278022825471984,0.015958537444175493,2.7929829580243677,0.2416052416052416,0.037986093226886425,0.06565038388783799,0.014038172915119083,0.9859618270848809,0.7222222222222222,41.38461538461539,28.0,762.0,10.335146278940444,36.0
msl,Threshold,method_retrained,0.5,456,0.4999998766983264,2027547,8110188,0.0,0.0,1.1668398334069454,0.03566863605526676,0.03277974500555017,3.333528666989878,0.13442622950819672,0.010558846252897245,0.019579751671442217,0.008004487364128374,0.9919955126358716,0.3055555555555556,57.72727272727273,34.0,353.0,4.787803984863486,36.0
msl,Threshold,fixed_full_data,0.5,456,0.4999998766983264,2027547,8110188,0.0,0.0,1.1668398334069454,0.03566863605526676,0.03277974500555017,3.5233618749771267,0.1876661350345561,0.045454545454545456,0.07318337306934798,0.023164501311341207,0.9768354986886588,0.7777777777777778,29.75,20.5,871.0,11.813533345088093,36.0
msl,Uniform,method_retrained,0.5,456,0.4999998766983264,2027547,8110188,0.0,0.0,1.1668398334069454,0.03566863605526676,0.03277974500555017,4.094837291981094,0.13442622950819672,0.010558846252897245,0.019579751671442217,0.008004487364128374,0.9919955126358716,0.3055555555555556,57.72727272727273,34.0,353.0,4.787803984863486,36.0
msl,Uniform,fixed_full_data,0.5,456,0.4999998766983264,2027547,8110188,0.0,0.0,1.1668398334069454,0.03566863605526676,0.03277974500555017,4.495439084013924,0.1876661350345561,0.045454545454545456,0.07318337306934798,0.023164501311341207,0.9768354986886588,0.7777777777777778,29.75,20.5,871.0,11.813533345088093,36.0
msl,Full Data,method_retrained,1.0,456,1.0,4055095,16220380,0.0,0.0,0.0,0.0,0.0,0.5237864169757813,0.24196597353497165,0.03296420293587433,0.05802357207615594,0.012158331185664692,0.9878416688143353,0.6944444444444444,43.56,30.0,769.0,10.430088567592128,36.0
msl,Full Data,fixed_full_data,1.0,456,1.0,4055095,16220380,0.0,0.0,0.0,0.0,0.0,0.759177582920529,0.24196597353497165,0.03296420293587433,0.05802357207615594,0.012158331185664692,0.9878416688143353,0.6944444444444444,43.56,30.0,769.0,10.430088567592128,36.0
msl,PCA-Triage,method_retrained,0.5,789,0.4999998766983264,2027547,8110188,0.0,0.0,0.6626048569546874,0.018818684125381947,0.02149855622043534,4.528324792045169,0.2058319039451115,0.01545197012619109,0.02874595759971254,0.007019086457559541,0.9929809135424404,0.5277777777777778,77.05263157894737,43.0,363.0,4.9234358257944635,36.0
msl,PCA-Triage,fixed_full_data,0.5,789,0.4999998766983264,2027547,8110188,0.0,0.0,0.6626048569546874,0.018818684125381947,0.02149855622043534,4.904243499971926,0.20602409638554217,0.0440381148596446,0.07256524506683641,0.01998089838242651,0.9800191016175734,0.7777777777777778,26.357142857142858,16.5,807.0,10.94548956312984,36.0
msl,Variance,method_retrained,0.5,789,0.4999998766983264,2027547,8110188,0.0,0.0,0.9711564095670722,0.01279240026519478,0.01574054664621929,2.8121385410195217,0.2620320855614973,0.02523821787277878,0.04604181348367395,0.008368327698861483,0.9916316723011385,0.6666666666666666,77.5,28.5,386.0,5.23538905993571,36.0
msl,Variance,fixed_full_data,0.5,789,0.4999998766983264,2027547,8110188,0.0,0.0,0.9711564095670722,0.01279240026519478,0.01574054664621929,2.946106416056864,0.216600790513834,0.03528199845480299,0.060679880411914515,0.015023573821687916,0.984976426178312,0.7222222222222222,44.61538461538461,19.0,737.0,9.996066676613001,36.0
msl,Threshold,method_retrained,0.5,789,0.4999998766983264,2027547,8110188,0.0,0.0,1.110786545642783,0.03518323524120982,0.03251517073694607,4.320964707992971,0.10325047801147227,0.00695338655678599,0.013029315960912053,0.007110046541242818,0.9928899534587572,0.4444444444444444,132.75,103.5,333.0,4.516540303001532,36.0
msl,Threshold,fixed_full_data,0.5,789,0.4999998766983264,2027547,8110188,0.0,0.0,1.110786545642783,0.03518323524120982,0.03251517073694607,4.471535666962154,0.2017249640632487,0.05421066185938707,0.08545620623160459,0.025256583236056576,0.9747434167639434,0.7777777777777778,33.67857142857143,24.0,978.0,13.264794043049546,36.0
msl,Uniform,method_retrained,0.5,789,0.4999998766983264,2027547,8110188,0.0,0.0,1.110786545642783,0.03518323524120982,0.03251517073694607,3.061093791970052,0.10325047801147227,0.00695338655678599,0.013029315960912053,0.007110046541242818,0.9928899534587572,0.4444444444444444,132.75,103.5,333.0,4.516540303001532,36.0
msl,Uniform,fixed_full_data,0.5,789,0.4999998766983264,2027547,8110188,0.0,0.0,1.110786545642783,0.03518323524120982,0.03251517073694607,3.457817582995631,0.2017249640632487,0.05421066185938707,0.08545620623160459,0.025256583236056576,0.9747434167639434,0.7777777777777778,33.67857142857143,24.0,978.0,13.264794043049546,36.0
msl,Full Data,method_retrained,1.0,789,1.0,4055095,16220380,0.0,0.0,0.0,0.0,0.0,0.6270104580326006,0.2391304347826087,0.032577903682719546,0.05734360834088849,0.01220381122750633,0.9877961887724936,0.75,41.111111111111114,17.0,741.0,10.050319412985392,36.0
msl,Full Data,fixed_full_data,1.0,789,1.0,4055095,16220380,0.0,0.0,0.0,0.0,0.0,0.8606736660003662,0.2391304347826087,0.032577903682719546,0.05734360834088849,0.01220381122750633,0.9877961887724936,0.75,41.111111111111114,17.0,741.0,10.050319412985392,36.0
msl,PCA-Triage,method_retrained,0.5,1024,0.4999998766983264,2027547,8110188,0.0,0.0,0.6574094533787666,0.02232308004728832,0.0249846036253719,4.901870999950916,0.1542056074766355,0.012747875354107648,0.023549000951474785,0.008231887573336568,0.9917681124266634,0.3888888888888889,54.42857142857143,44.5,370.0,5.018378114446147,36.0
msl,PCA-Triage,fixed_full_data,0.5,1024,0.4999998766983264,2027547,8110188,0.0,0.0,0.6574094533787666,0.02232308004728832,0.0249846036253719,5.103474707924761,0.18716216216216217,0.03566829770795776,0.05991780229288341,0.018237496778497037,0.9817625032215029,0.6111111111111112,42.63636363636363,28.0,671.0,9.100896526468555,36.0
msl,Variance,method_retrained,0.5,1024,0.4999998766983264,2027547,8110188,0.0,0.0,0.9688498290535005,0.012745628295887972,0.016025328020199958,4.3953291670186445,0.26096997690531176,0.02910121040432655,0.052363299351251155,0.009702408926216212,0.9902975910737838,0.6111111111111112,69.5,38.5,499.0,6.7680288624557505,36.0
msl,Variance,fixed_full_data,0.5,1024,0.4999998766983264,2027547,8110188,0.0,0.0,0.9688498290535005,0.012745628295887972,0.016025328020199958,4.585514333914034,0.22568460812086874,0.03077517383466392,0.0541643059490085,0.012431211436714521,0.9875687885632854,0.7222222222222222,62.42307692307692,34.0,632.0,8.571932346837743,36.0
msl,Threshold,method_retrained,0.5,1024,0.4999998766983264,2027547,8110188,0.0,0.0,1.105406489482791,0.035200327901151074,0.03269285345418398,4.219819582998753,0.18406593406593408,0.017254699974246716,0.03155168354132329,0.009005048284644422,0.9909949517153556,0.5,36.666666666666664,22.0,410.0,5.5609054781700555,36.0
msl,Threshold,fixed_full_data,0.5,1024,0.4999998766983264,2027547,8110188,0.0,0.0,1.105406489482791,0.035200327901151074,0.03269285345418398,4.403703832998872,0.1875335840945728,0.044939479783672416,0.07250441466708217,0.0229219410881858,0.9770780589118142,0.6388888888888888,43.69565217391305,21.0,876.0,11.881349265553581,36.0
msl,Uniform,method_retrained,0.5,1024,0.4999998766983264,2027547,8110188,0.0,0.0,1.105406489482791,0.035200327901151074,0.03269285345418398,1.8414302919991314,0.18406593406593408,0.017254699974246716,0.03155168354132329,0.009005048284644422,0.9909949517153556,0.5,36.666666666666664,22.0,410.0,5.5609054781700555,36.0
msl,Uniform,fixed_full_data,0.5,1024,0.4999998766983264,2027547,8110188,0.0,0.0,1.105406489482791,0.035200327901151074,0.03269285345418398,2.050868041929789,0.1875335840945728,0.044939479783672416,0.07250441466708217,0.0229219410881858,0.9770780589118142,0.6388888888888888,43.69565217391305,21.0,876.0,11.881349265553581,36.0
msl,Full Data,method_retrained,1.0,1024,1.0,4055095,16220380,0.0,0.0,0.0,0.0,0.0,0.4123689999105409,0.23781212841854935,0.025753283543651816,0.046473800395027305,0.009717568940163426,0.9902824310598366,0.6944444444444444,53.88,30.0,614.0,8.327795033161985,36.0
msl,Full Data,fixed_full_data,1.0,1024,1.0,4055095,16220380,0.0,0.0,0.0,0.0,0.0,0.6829106248915195,0.23781212841854935,0.025753283543651816,0.046473800395027305,0.009717568940163426,0.9902824310598366,0.6944444444444444,53.88,30.0,614.0,8.327795033161985,36.0
msl,PCA-Triage,method_retrained,0.7,42,0.6999998766983264,2838566,11354264,0.0,0.0,0.59210586574085,0.013963908351512693,0.01947112508625306,4.206718666944653,0.21810250817884405,0.025753283543651816,0.046067027525048945,0.0108697300001516,0.9891302699998484,0.4722222222222222,78.94117647058823,35.0,509.0,6.903660703386727,36.0
msl,PCA-Triage,fixed_full_data,0.7,42,0.6999998766983264,2838566,11354264,0.0,0.0,0.59210586574085,0.013963908351512693,0.01947112508625306,4.486684624920599,0.20248538011695907,0.03566829770795776,0.060652507116268885,0.0165395752164092,0.9834604247835907,0.6111111111111112,63.04545454545455,30.0,704.0,9.548481601540777,36.0
msl,Variance,method_retrained,0.7,42,0.6999998766983264,2838566,11354264,0.0,0.0,0.7326486440144149,0.0070636042993977985,0.011818538942916599,3.752089958055876,0.24014336917562723,0.025882049961370075,0.046727885621294894,0.00964176887042736,0.9903582311295727,0.5833333333333334,88.76190476190476,39.0,539.0,7.310556226179658,36.0
msl,Variance,fixed_full_data,0.7,42,0.6999998766983264,2838566,11354264,0.0,0.0,0.7326486440144149,0.0070636042993977985,0.011818538942916599,3.890316457953304,0.21074727120067172,0.03232037084728303,0.05604555096572513,0.014250413110380061,0.9857495868896199,0.6666666666666666,57.625,28.0,784.0,10.633536328988594,36.0
msl,Threshold,method_retrained,0.7,42,0.6999998766983264,2838566,11354264,0.0,0.0,0.8662150531765532,0.021303156435742675,0.02536586940121433,3.446375417057425,0.14162348877374784,0.010558846252897245,0.019652486518873576,0.007534526931764777,0.9924654730682352,0.4166666666666667,115.33333333333333,103.0,413.0,5.6015950304493485,36.0
msl,Threshold,fixed_full_data,0.7,42,0.6999998766983264,2838566,11354264,0.0,0.0,0.8662150531765532,0.021303156435742675,0.02536586940121433,3.6366834579966962,0.1983273596176822,0.04275045068246201,0.07033898305084746,0.02034473871715962,0.9796552612828404,0.7222222222222222,38.46153846153846,27.0,933.0,12.65445075886015,36.0
msl,Uniform,method_retrained,0.7,42,0.6999998766983264,2838566,11354264,0.0,0.0,0.8662150531765532,0.021303156435742675,0.02536586940121433,2.14719608402811,0.14162348877374784,0.010558846252897245,0.019652486518873576,0.007534526931764777,0.9924654730682352,0.4166666666666667,115.33333333333333,103.0,413.0,5.6015950304493485,36.0
msl,Uniform,fixed_full_data,0.7,42,0.6999998766983264,2838566,11354264,0.0,0.0,0.8662150531765532,0.021303156435742675,0.02536586940121433,2.428184709046036,0.1983273596176822,0.04275045068246201,0.07033898305084746,0.02034473871715962,0.9796552612828404,0.7222222222222222,38.46153846153846,27.0,933.0,12.65445075886015,36.0
msl,Full Data,method_retrained,1.0,42,1.0,4055095,16220380,0.0,0.0,0.0,0.0,0.0,0.48071725002955645,0.2233741753063148,0.0305176409992274,0.05369887844114648,0.012491851492503373,0.9875081485074966,0.5277777777777778,57.89473684210526,30.0,736.0,9.982503492519903,36.0
msl,Full Data,fixed_full_data,1.0,42,1.0,4055095,16220380,0.0,0.0,0.0,0.0,0.0,0.7598055410198867,0.2233741753063148,0.0305176409992274,0.05369887844114648,0.012491851492503373,0.9875081485074966,0.5277777777777778,57.89473684210526,30.0,736.0,9.982503492519903,36.0
msl,PCA-Triage,method_retrained,0.7,123,0.6999998766983264,2838566,11354264,0.0,0.0,0.6328059987391348,0.01967590665211539,0.024336069291615133,5.9677052919287235,0.19819004524886877,0.02819984548029874,0.049374365911396684,0.013431772357230568,0.9865682276427694,0.5555555555555556,44.8,40.0,648.0,8.788943292327307,36.0
msl,PCA-Triage,fixed_full_data,0.7,123,0.6999998766983264,2838566,11354264,0.0,0.0,0.6328059987391348,0.01967590665211539,0.024336069291615133,6.128712791949511,0.17065287653522948,0.0339943342776204,0.056694942553419954,0.019450297894274063,0.9805497021057259,0.6944444444444444,35.08,27.0,887.0,12.030544290577655,36.0
msl,Variance,method_retrained,0.7,123,0.6999998766983264,2838566,11354264,0.0,0.0,0.7110027756361346,0.006767010886021674,0.011424586573710689,4.4592988330405205,0.2782874617737003,0.02343548802472315,0.04323040380047506,0.007155526583084456,0.9928444734169155,0.5,50.166666666666664,26.0,388.0,5.2625154281219055,36.0
msl,Variance,fixed_full_data,0.7,123,0.6999998766983264,2838566,11354264,0.0,0.0,0.7110027756361346,0.006767010886021674,0.011424586573710689,4.602281292085536,0.17953667953667954,0.023950553695596188,0.04226312201772325,0.012886011855130906,0.9871139881448691,0.5277777777777778,45.526315789473685,27.0,702.0,9.521355233354582,36.0
msl,Threshold,method_retrained,0.7,123,0.6999998766983264,2838566,11354264,0.0,0.0,0.8373952731339026,0.021292054131147625,0.025468291084176788,3.0171843750867993,0.19474313022700118,0.02098892608807623,0.03789375799139835,0.010217849400421449,0.9897821505995785,0.5,53.5,42.0,530.0,7.1884875693417785,36.0
msl,Threshold,fixed_full_data,0.7,123,0.6999998766983264,2838566,11354264,0.0,0.0,0.8373952731339026,0.021292054131147625,0.025468291084176788,3.363184166024439,0.17226634086744044,0.03631212979654906,0.059980857173242585,0.020541818898473386,0.9794581811015266,0.6388888888888888,27.304347826086957,21.0,930.0,12.613761206580858,36.0
msl,Uniform,method_retrained,0.7,123,0.6999998766983264,2838566,11354264,0.0,0.0,0.8373952731339026,0.021292054131147625,0.025468291084176788,3.248351249960251,0.19474313022700118,0.02098892608807623,0.03789375799139835,0.010217849400421449,0.9897821505995785,0.5,53.5,42.0,530.0,7.1884875693417785,36.0
msl,Uniform,fixed_full_data,0.7,123,0.6999998766983264,2838566,11354264,0.0,0.0,0.8373952731339026,0.021292054131147625,0.025468291084176788,3.3907521249493584,0.17226634086744044,0.03631212979654906,0.059980857173242585,0.020541818898473386,0.9794581811015266,0.6388888888888888,27.304347826086957,21.0,930.0,12.613761206580858,36.0
msl,Full Data,method_retrained,1.0,123,1.0,4055095,16220380,0.0,0.0,0.0,0.0,0.0,0.25474737503100187,0.16956521739130434,0.020087561164048418,0.03591987105687313,0.011582250655670603,0.9884177493443294,0.4722222222222222,49.0,27.0,705.0,9.562044785633875,36.0
msl,Full Data,fixed_full_data,1.0,123,1.0,4055095,16220380,0.0,0.0,0.0,0.0,0.0,0.39132170798256993,0.16956521739130434,0.020087561164048418,0.03591987105687313,0.011582250655670603,0.9884177493443294,0.4722222222222222,49.0,27.0,705.0,9.562044785633875,36.0
msl,PCA-Triage,method_retrained,0.7,456,0.6999998766983264,2838566,11354264,0.0,0.0,0.5411560247648121,0.011300884004904041,0.01780144826666786,5.130344667006284,0.1633416458852868,0.01686840072109194,0.03057889822595705,0.01017236935857981,0.9898276306414202,0.5555555555555556,42.65,33.0,566.0,7.6767621966932955,36.0
msl,PCA-Triage,fixed_full_data,0.7,456,0.6999998766983264,2838566,11354264,0.0,0.0,0.5411560247648121,0.011300884004904041,0.01780144826666786,5.2651570830494165,0.20736288504883546,0.035539531290239505,0.0606793448389579,0.015993814714309537,0.9840061852856905,0.75,36.925925925925924,23.0,840.0,11.393074638202064,36.0
msl,Variance,method_retrained,0.7,456,0.6999998766983264,2838566,11354264,0.0,0.0,0.7206010989629026,0.006824796351239426,0.011713713370983458,4.001875167014077,0.12017543859649123,0.017640999227401494,0.030765775881428252,0.01520549398905447,0.9847945060109455,0.6666666666666666,70.66666666666667,41.0,814.0,11.040431851781523,36.0
msl,Variance,fixed_full_data,0.7,456,0.6999998766983264,2838566,11354264,0.0,0.0,0.7206010989629026,0.006824796351239426,0.011713713370983458,4.154962792061269,0.23657718120805368,0.03631212979654906,0.06296048225050234,0.013795612691963676,0.9862043873080363,0.7777777777777778,41.357142857142854,28.5,796.0,10.796294538105766,36.0
msl,Threshold,method_retrained,0.7,456,0.6999998766983264,2838566,11354264,0.0,0.0,0.8385945781333667,0.020956001208890677,0.025275608484702852,3.596607374958694,0.13824057450628366,0.009915014164305949,0.018502943650126155,0.007276806694662159,0.9927231933053379,0.3333333333333333,52.5,45.0,409.0,5.547342294076958,36.0
msl,Threshold,fixed_full_data,0.7,456,0.6999998766983264,2838566,11354264,0.0,0.0,0.8385945781333667,0.020956001208890677,0.025275608484702852,3.9223071249434724,0.19533169533169534,0.040947720834406384,0.06770278901426442,0.019859618270848808,0.9801403817291512,0.8055555555555556,34.86206896551724,27.0,983.0,13.332609963515035,36.0
msl,Uniform,method_retrained,0.7,456,0.6999998766983264,2838566,11354264,0.0,0.0,0.8385945781333667,0.020956001208890677,0.025275608484702852,4.233450416009873,0.13824057450628366,0.009915014164305949,0.018502943650126155,0.007276806694662159,0.9927231933053379,0.3333333333333333,52.5,45.0,409.0,5.547342294076958,36.0
msl,Uniform,fixed_full_data,0.7,456,0.6999998766983264,2838566,11354264,0.0,0.0,0.8385945781333667,0.020956001208890677,0.025275608484702852,4.676504958071746,0.19533169533169534,0.040947720834406384,0.06770278901426442,0.019859618270848808,0.9801403817291512,0.8055555555555556,34.86206896551724,27.0,983.0,13.332609963515035,36.0
msl,Full Data,method_retrained,1.0,456,1.0,4055095,16220380,0.0,0.0,0.0,0.0,0.0,0.5028155839536339,0.24196597353497165,0.03296420293587433,0.05802357207615594,0.012158331185664692,0.9878416688143353,0.6944444444444444,43.56,30.0,769.0,10.430088567592128,36.0
msl,Full Data,fixed_full_data,1.0,456,1.0,4055095,16220380,0.0,0.0,0.0,0.0,0.0,0.7940717499004677,0.24196597353497165,0.03296420293587433,0.05802357207615594,0.012158331185664692,0.9878416688143353,0.6944444444444444,43.56,30.0,769.0,10.430088567592128,36.0
msl,PCA-Triage,method_retrained,0.7,789,0.6999998766983264,2838566,11354264,0.0,0.0,0.5244253895416854,0.00969739173950257,0.012400761408752766,5.268076332984492,0.23020706455542023,0.024336852948750966,0.0440200302783277,0.009581128814638509,0.9904188711853615,0.6388888888888888,58.47826086956522,47.0,555.0,7.527567171669221,36.0
msl,PCA-Triage,fixed_full_data,0.7,789,0.6999998766983264,2838566,11354264,0.0,0.0,0.5244253895416854,0.00969739173950257,0.012400761408752766,5.39737783302553,0.22270426608821403,0.039660056657223795,0.06732976281560826,0.016297014993253794,0.9837029850067462,0.75,29.962962962962962,25.0,858.0,11.637211951877823,36.0
msl,Variance,method_retrained,0.7,789,0.6999998766983264,2838566,11354264,0.0,0.0,0.7104564741991386,0.006906241145414854,0.011767736651445175,3.3320772500010207,0.24129651860744297,0.025882049961370075,0.04674962204907547,0.009581128814638509,0.9904188711853615,0.6944444444444444,51.76,29.0,521.0,7.0664189125039,36.0
msl,Variance,fixed_full_data,0.7,789,0.6999998766983264,2838566,11354264,0.0,0.0,0.7104564741991386,0.006906241145414854,0.011767736651445175,3.661022707936354,0.2282793867120954,0.03450939994849343,0.059955257270693514,0.013734972636174824,0.9862650273638252,0.7777777777777778,43.214285714285715,20.5,756.0,10.253767174381858,36.0
msl,Threshold,method_retrained,0.7,789,0.6999998766983264,2838566,11354264,0.0,0.0,0.8529659402218395,0.021113298865386414,0.025328500529843125,2.2998916669748724,0.18428571428571427,0.016610867885655422,0.03047484053862509,0.008656367963858528,0.9913436320361415,0.3333333333333333,47.666666666666664,42.5,481.0,6.523891548779992,36.0
msl,Threshold,fixed_full_data,0.7,789,0.6999998766983264,2838566,11354264,0.0,0.0,0.8529659402218395,0.021113298865386414,0.025328500529843125,2.5513532920740545,0.2025931928687196,0.04828740664434716,0.07798689820110222,0.02237618058608614,0.9776238194139139,0.8055555555555556,29.620689655172413,23.0,1092.0,14.810997029662683,36.0
msl,Uniform,method_retrained,0.7,789,0.6999998766983264,2838566,11354264,0.0,0.0,0.8529659402218395,0.021113298865386414,0.025328500529843125,3.6706050420179963,0.18428571428571427,0.016610867885655422,0.03047484053862509,0.008656367963858528,0.9913436320361415,0.3333333333333333,47.666666666666664,42.5,481.0,6.523891548779992,36.0
msl,Uniform,fixed_full_data,0.7,789,0.6999998766983264,2838566,11354264,0.0,0.0,0.8529659402218395,0.021113298865386414,0.025328500529843125,3.8181399169843644,0.2025931928687196,0.04828740664434716,0.07798689820110222,0.02237618058608614,0.9776238194139139,0.8055555555555556,29.620689655172413,23.0,1092.0,14.810997029662683,36.0
msl,Full Data,method_retrained,1.0,789,1.0,4055095,16220380,0.0,0.0,0.0,0.0,0.0,0.24097408400848508,0.2391304347826087,0.032577903682719546,0.05734360834088849,0.01220381122750633,0.9877961887724936,0.75,41.111111111111114,17.0,741.0,10.050319412985392,36.0
msl,Full Data,fixed_full_data,1.0,789,1.0,4055095,16220380,0.0,0.0,0.0,0.0,0.0,0.3683964590309188,0.2391304347826087,0.032577903682719546,0.05734360834088849,0.01220381122750633,0.9877961887724936,0.75,41.111111111111114,17.0,741.0,10.050319412985392,36.0
msl,PCA-Triage,method_retrained,0.7,1024,0.6999998766983264,2838566,11354264,0.0,0.0,0.5685337066042232,0.01233142151160706,0.017704752080401384,4.431986124953255,0.19946808510638298,0.028972443986608292,0.050595907353271866,0.013689492594333186,0.9863105074056668,0.5833333333333334,39.57142857142857,21.0,644.0,8.734690555954916,36.0
msl,PCA-Triage,fixed_full_data,0.7,1024,0.6999998766983264,2838566,11354264,0.0,0.0,0.5685337066042232,0.01233142151160706,0.017704752080401384,4.555690541979857,0.18871103622577928,0.028843677568890034,0.05003909304143862,0.014599093431165956,0.9854009065688341,0.5555555555555556,29.05,19.0,664.0,9.00595423781687,36.0
msl,Variance,method_retrained,0.7,1024,0.6999998766983264,2838566,11354264,0.0,0.0,0.7635788915138504,0.007187386698763932,0.01157425962321283,4.094574459013529,0.20892494929006086,0.02652588204996137,0.047074954296160876,0.011824810878826008,0.988175189121174,0.6388888888888888,66.3913043478261,36.0,648.0,8.788943292327307,36.0
msl,Variance,fixed_full_data,0.7,1024,0.6999998766983264,2838566,11354264,0.0,0.0,0.7635788915138504,0.007187386698763932,0.01157425962321283,4.2462247089715675,0.21602434077079108,0.027427246973989183,0.048674588665447896,0.011718690781195518,0.9882813092188045,0.7222222222222222,61.42307692307692,26.5,649.0,8.802506476420405,36.0
msl,Threshold,method_retrained,0.7,1024,0.6999998766983264,2838566,11354264,0.0,0.0,0.8675207642286359,0.020928856880271945,0.024993877815248557,4.303278459003195,0.1693121693121693,0.012361576100952872,0.023040921636865476,0.007140366569137244,0.9928596334308628,0.4722222222222222,63.23529411764706,37.0,389.0,5.276078612215003,36.0
msl,Threshold,fixed_full_data,0.7,1024,0.6999998766983264,2838566,11354264,0.0,0.0,0.8675207642286359,0.020928856880271945,0.024993877815248557,4.478944959002547,0.19062901155327341,0.03824362606232295,0.0637065637065637,0.01911677758743538,0.9808832224125646,0.7222222222222222,37.57692307692308,17.0,910.0,12.342497524718903,36.0
msl,Uniform,method_retrained,0.7,1024,0.6999998766983264,2838566,11354264,0.0,0.0,0.8675207642286359,0.020928856880271945,0.024993877815248557,4.024760583997704,0.1693121693121693,0.012361576100952872,0.023040921636865476,0.007140366569137244,0.9928596334308628,0.4722222222222222,63.23529411764706,37.0,389.0,5.276078612215003,36.0
msl,Uniform,fixed_full_data,0.7,1024,0.6999998766983264,2838566,11354264,0.0,0.0,0.8675207642286359,0.020928856880271945,0.024993877815248557,4.1813015840016305,0.19062901155327341,0.03824362606232295,0.0637065637065637,0.01911677758743538,0.9808832224125646,0.7222222222222222,37.57692307692308,17.0,910.0,12.342497524718903,36.0
msl,Full Data,method_retrained,1.0,1024,1.0,4055095,16220380,0.0,0.0,0.0,0.0,0.0,0.25834545807447284,0.23781212841854935,0.025753283543651816,0.046473800395027305,0.009717568940163426,0.9902824310598366,0.6944444444444444,53.88,30.0,614.0,8.327795033161985,36.0
msl,Full Data,fixed_full_data,1.0,1024,1.0,4055095,16220380,0.0,0.0,0.0,0.0,0.0,0.39075520797632635,0.23781212841854935,0.025753283543651816,0.046473800395027305,0.009717568940163426,0.9902824310598366,0.6944444444444444,53.88,30.0,614.0,8.327795033161985,36.0
psm,PCA-Triage,method_retrained,0.3,42,0.2999997723158889,658807,2635228,0.0,0.0,0.2924739334185545,0.10628938214545008,0.015570256158649985,6.025923250010237,0.9875,0.016201140232147984,0.031879262338081596,7.87897888433659e-05,0.9999212102111567,0.1111111111111111,1513.625,120.0,3.0,0.034152616659646404,72.0
psm,PCA-Triage,fixed_full_data,0.3,42,0.2999997723158889,658807,2635228,0.0,0.0,0.2924739334185545,0.10628938214545008,0.015570256158649985,6.197472500032745,0.9469453376205788,0.024158155941101676,0.04711434627844659,0.000520012606366215,0.9994799873936338,0.1388888888888889,1215.5,74.0,6.0,0.06830523331929281,72.0
psm,Variance,method_retrained,0.3,42,0.2999997723158889,658807,2635228,0.0,0.0,0.24446992436286885,0.087263867232942,0.01683585211381474,4.510746749932878,0.9947089947089947,0.01542184487920922,0.030372793731572357,3.151591553734636e-05,0.9999684840844627,0.1388888888888889,1468.9,60.0,2.0,0.02276841110643094,72.0
psm,Variance,fixed_full_data,0.3,42,0.2999997723158889,658807,2635228,0.0,0.0,0.24446992436286885,0.087263867232942,0.01683585211381474,4.666648624930531,0.9714285714285714,0.025101513473606497,0.04893846707448723,0.00028364323983611726,0.9997163567601639,0.1527777777777778,847.0,50.0,6.0,0.06830523331929281,72.0
psm,Threshold,method_retrained,0.3,42,0.2999997723158889,658807,2635228,0.0,0.0,0.2817400666031844,0.10054432520364326,0.018782724730471566,3.241984209045768,1.0,0.014478487346704401,0.028543705021427994,0.0,1.0,0.06944444444444445,818.6,96.0,0.0,0.0,72.0
psm,Threshold,fixed_full_data,0.3,42,0.2999997723158889,658807,2635228,0.0,0.0,0.2817400666031844,0.10054432520364326,0.018782724730471566,3.6661222090478987,0.9802306425041186,0.02440424921045076,0.047622858972306704,0.00018909549322407816,0.9998109045067759,0.08333333333333333,685.8333333333334,75.5,2.0,0.02276841110643094,72.0
psm,Uniform,method_retrained,0.3,42,0.2999997723158889,658807,2635228,0.0,0.0,0.31387128098380884,0.10464789910461966,0.015337735436265276,2.540884790942073,1.0,0.015216767154751652,0.02997737556561086,0.0,1.0,0.09722222222222222,672.5714285714286,210.0,0.0,0.0,72.0
psm,Uniform,fixed_full_data,0.3,42,0.2999997723158889,658807,2635228,0.0,0.0,0.31387128098380884,0.10464789910461966,0.015337735436265276,2.8905272498959675,0.9618441971383148,0.0248144046593659,0.048380647740903636,0.0003781909864481563,0.9996218090135518,0.1388888888888889,1214.7,70.0,8.0,0.09107364442572376,72.0
psm,Full Data,method_retrained,1.0,42,1.0,2196025,8784100,0.0,0.0,0.0,0.0,0.0,0.6664987090043724,0.9565916398713826,0.02440424921045076,0.047594288685357755,0.00042546485975417586,0.9995745351402459,0.20833333333333334,562.4,21.0,21.0,0.23906831661752484,72.0
psm,Full Data,fixed_full_data,1.0,42,1.0,2196025,8784100,0.0,0.0,0.0,0.0,0.0,1.2473374999826774,0.9565916398713826,0.02440424921045076,0.047594288685357755,0.00042546485975417586,0.9995745351402459,0.20833333333333334,562.4,21.0,21.0,0.23906831661752484,72.0
psm,PCA-Triage,method_retrained,0.3,123,0.2999997723158889,658807,2635228,0.0,0.0,0.27980733339603314,0.10600912672740494,0.015399851332505982,6.523437666008249,0.9942196531791907,0.014109347442680775,0.027823836292312047,3.151591553734636e-05,0.9999684840844627,0.08333333333333333,701.5,71.5,2.0,0.02276841110643094,72.0
psm,PCA-Triage,fixed_full_data,0.3,123,0.2999997723158889,658807,2635228,0.0,0.0,0.27980733339603314,0.10600912672740494,0.015399851332505982,6.642596833058633,0.979328165374677,0.015544891513883762,0.030604005167958657,0.00012606366214938544,0.9998739363378506,0.1111111111111111,1894.0,202.0,4.0,0.04553682221286188,72.0
psm,Variance,method_retrained,0.3,123,0.2999997723158889,658807,2635228,0.0,0.0,0.24110860625564473,0.08726099117677316,0.017140229635971647,1.661736165988259,0.9767441860465116,0.015503875968992248,0.030523255813953487,0.00014182161991805863,0.999858178380082,0.125,462.6666666666667,28.0,3.0,0.034152616659646404,72.0
psm,Variance,fixed_full_data,0.3,123,0.2999997723158889,658807,2635228,0.0,0.0,0.24110860625564473,0.08726099117677316,0.017140229635971647,1.7761768329655752,0.9895561357702349,0.015544891513883762,0.030608948473590695,6.303183107469272e-05,0.9999369681689253,0.1388888888888889,1238.3,136.0,3.0,0.034152616659646404,72.0
psm,Threshold,method_retrained,0.3,123,0.2999997723158889,658807,2635228,0.0,0.0,0.27608948112829,0.09997264954146683,0.018524405278748424,1.794779833056964,0.951276102088167,0.016816373405520692,0.033048524907302916,0.0003309171131421368,0.9996690828868579,0.08333333333333333,688.1666666666666,83.0,7.0,0.07968943887250828,72.0
psm,Threshold,fixed_full_data,0.3,123,0.2999997723158889,658807,2635228,0.0,0.0,0.27608948112829,0.09997264954146683,0.018524405278748424,1.935922082979232,0.95822454308094,0.015052704975185596,0.02963979970925537,0.0002521273242987709,0.9997478726757012,0.1111111111111111,1472.375,225.5,7.0,0.07968943887250828,72.0
psm,Uniform,method_retrained,0.3,123,0.2999997723158889,658807,2635228,0.0,0.0,0.28031126278304813,0.10426622092316694,0.015046702637251788,1.6545537499478087,0.9947229551451188,0.015462860424100734,0.03045234248788368,3.151591553734636e-05,0.9999684840844627,0.1111111111111111,547.75,69.5,2.0,0.02276841110643094,72.0
psm,Uniform,fixed_full_data,0.3,123,0.2999997723158889,658807,2635228,0.0,0.0,0.28031126278304813,0.10426622092316694,0.015046702637251788,1.761811833945103,0.9772727272727273,0.015873015873015872,0.03123864874682165,0.00014182161991805863,0.999858178380082,0.09722222222222222,618.8571428571429,96.0,4.0,0.04553682221286188,72.0
psm,Full Data,method_retrained,1.0,123,1.0,2196025,8784100,0.0,0.0,0.0,0.0,0.0,0.24232358299195766,0.9713603818615751,0.016693326770846152,0.03282258064516129,0.00018909549322407816,0.9998109045067759,0.20833333333333334,761.9333333333333,17.0,11.0,0.12522626108537016,72.0
psm,Full Data,fixed_full_data,1.0,123,1.0,2196025,8784100,0.0,0.0,0.0,0.0,0.0,0.37067437497898936,0.9713603818615751,0.016693326770846152,0.03282258064516129,0.00018909549322407816,0.9998109045067759,0.20833333333333334,761.9333333333333,17.0,11.0,0.12522626108537016,72.0
psm,PCA-Triage,method_retrained,0.3,456,0.2999997723158889,658807,2635228,0.0,0.0,0.3078860017760652,0.10663980161483236,0.015577367698046659,2.5749638749985024,0.9972222222222222,0.014724580616053484,0.029020653975182893,1.575795776867318e-05,0.9999842420422314,0.09722222222222222,633.5714285714286,96.0,1.0,0.01138420555321547,72.0
psm,PCA-Triage,fixed_full_data,0.3,456,0.2999997723158889,658807,2635228,0.0,0.0,0.3078860017760652,0.10663980161483236,0.015577367698046659,2.68276087497361,0.9918918918918919,0.015052704975185596,0.02965536745990061,4.727387330601954e-05,0.999952726126694,0.09722222222222222,595.4285714285714,32.0,2.0,0.02276841110643094,72.0
psm,Variance,method_retrained,0.3,456,0.2999997723158889,658807,2635228,0.0,0.0,0.24082137065098427,0.08718034541599148,0.016685329713742966,1.6613528749439865,0.9554655870445344,0.019359337188794554,0.03794974874371859,0.00034667507091080995,0.9996533249290892,0.1527777777777778,410.09090909090907,43.0,12.0,0.13661046663858561,72.0
psm,Variance,fixed_full_data,0.3,456,0.2999997723158889,658807,2635228,0.0,0.0,0.24082137065098427,0.08718034541599148,0.016685329713742966,1.7724352090153843,0.9919354838709677,0.015134736064968624,0.029814567931159858,4.727387330601954e-05,0.999952726126694,0.1111111111111111,1136.0,65.5,3.0,0.034152616659646404,72.0
psm,Threshold,method_retrained,0.3,456,0.2999997723158889,658807,2635228,0.0,0.0,0.27264156594719485,0.10099844110872683,0.018788479380474125,1.759982542018406,0.9732620320855615,0.014929658340511054,0.02940820036356292,0.0001575795776867318,0.9998424204223133,0.1111111111111111,1081.5,125.0,6.0,0.06830523331929281,72.0
psm,Threshold,fixed_full_data,0.3,456,0.2999997723158889,658807,2635228,0.0,0.0,0.27264156594719485,0.10099844110872683,0.018788479380474125,1.8730190841015428,0.988950276243094,0.01468356507116197,0.02893747726629754,6.303183107469272e-05,0.9999369681689253,0.08333333333333333,1512.8333333333333,153.5,2.0,0.02276841110643094,72.0
psm,Uniform,method_retrained,0.3,456,0.2999997723158889,658807,2635228,0.0,0.0,0.29488365233433905,0.10458094849566889,0.015109689710547613,1.6376825839979574,0.9358024691358025,0.015544891513883762,0.03058178003711773,0.0004097069019855027,0.9995902930980145,0.125,830.2222222222222,96.0,6.0,0.06830523331929281,72.0
psm,Uniform,fixed_full_data,0.3,456,0.2999997723158889,658807,2635228,0.0,0.0,0.29488365233433905,0.10458094849566889,0.015109689710547613,1.7528111250139773,0.991869918699187,0.015011689430294082,0.029575757575757575,4.727387330601954e-05,0.999952726126694,0.08333333333333333,691.6666666666666,64.0,2.0,0.02276841110643094,72.0
psm,Full Data,method_retrained,1.0,456,1.0,2196025,8784100,0.0,0.0,0.0,0.0,0.0,0.25406029203440994,0.9790575916230366,0.015339813789426192,0.030206356257319388,0.00012606366214938544,0.9998739363378506,0.19444444444444445,663.7857142857143,13.0,7.0,0.07968943887250828,72.0
psm,Full Data,fixed_full_data,1.0,456,1.0,2196025,8784100,0.0,0.0,0.0,0.0,0.0,0.3870321670547128,0.9790575916230366,0.015339813789426192,0.030206356257319388,0.00012606366214938544,0.9998739363378506,0.19444444444444445,663.7857142857143,13.0,7.0,0.07968943887250828,72.0
psm,PCA-Triage,method_retrained,0.3,789,0.2999997723158889,658807,2635228,0.0,0.0,0.2974303055833602,0.10647652358062862,0.015656056740683443,2.514468790963292,0.9622641509433962,0.016734342315737664,0.0328965934287442,0.0002521273242987709,0.9997478726757012,0.1111111111111111,535.625,58.5,2.0,0.02276841110643094,72.0
psm,PCA-Triage,fixed_full_data,0.3,789,0.2999997723158889,658807,2635228,0.0,0.0,0.2974303055833602,0.10647652358062862,0.015656056740683443,2.622410082956776,0.9433551198257081,0.017759730938025513,0.03486312399355877,0.0004097069019855027,0.9995902930980145,0.1527777777777778,1115.090909090909,95.0,9.0,0.10245784997893922,72.0
psm,Variance,method_retrained,0.3,789,0.2999997723158889,658807,2635228,0.0,0.0,0.30240290294367417,0.08792792508601492,0.017357032157561382,1.670197332976386,0.9909706546275395,0.018005824207374593,0.03536899774411859,6.303183107469272e-05,0.9999369681689253,0.18055555555555555,436.0769230769231,22.0,2.0,0.02276841110643094,72.0
psm,Variance,fixed_full_data,0.3,789,0.2999997723158889,658807,2635228,0.0,0.0,0.30240290294367417,0.08792792508601492,0.017357032157561382,1.780910291010514,0.9642857142857143,0.017718715393133997,0.034798018446171815,0.0002521273242987709,0.9997478726757012,0.19444444444444445,711.3571428571429,27.5,6.0,0.06830523331929281,72.0
psm,Threshold,method_retrained,0.3,789,0.2999997723158889,658807,2635228,0.0,0.0,0.294422638494011,0.10137875596701279,0.01938903881875549,1.755436124978587,0.9494163424124513,0.020015585907058774,0.03920465957019482,0.0004097069019855027,0.9995902930980145,0.1388888888888889,417.6,28.0,6.0,0.06830523331929281,72.0
psm,Threshold,fixed_full_data,0.3,789,0.2999997723158889,658807,2635228,0.0,0.0,0.294422638494011,0.10137875596701279,0.01938903881875549,1.8656575829954818,0.9750566893424036,0.01763668430335097,0.03464668439287728,0.00017333753545540497,0.9998266624645445,0.1527777777777778,900.5454545454545,80.0,9.0,0.10245784997893922,72.0
psm,Uniform,method_retrained,0.3,789,0.2999997723158889,658807,2635228,0.0,0.0,0.29820335484148064,0.10485242969236325,0.015313160337987314,1.572806250071153,0.9476190476190476,0.016324186866822524,0.0320954800209669,0.00034667507091080995,0.9996533249290892,0.1111111111111111,549.875,58.5,6.0,0.06830523331929281,72.0
psm,Uniform,fixed_full_data,0.3,789,0.2999997723158889,658807,2635228,0.0,0.0,0.29820335484148064,0.10485242969236325,0.015313160337987314,1.6834894580533728,0.9287257019438445,0.01763668430335097,0.03461600386411206,0.000520012606366215,0.9994799873936338,0.1527777777777778,1115.2727272727273,95.0,9.0,0.10245784997893922,72.0
psm,Full Data,method_retrained,1.0,789,1.0,2196025,8784100,0.0,0.0,0.0,0.0,0.0,0.24839354201685637,0.9222903885480572,0.01849801074607276,0.036268596702854844,0.0005988023952095808,0.9994011976047904,0.2361111111111111,514.1176470588235,11.0,24.0,0.27322093327717123,72.0
psm,Full Data,fixed_full_data,1.0,789,1.0,2196025,8784100,0.0,0.0,0.0,0.0,0.0,0.38150583300739527,0.9222903885480572,0.01849801074607276,0.036268596702854844,0.0005988023952095808,0.9994011976047904,0.2361111111111111,514.1176470588235,11.0,24.0,0.27322093327717123,72.0
psm,PCA-Triage,method_retrained,0.3,1024,0.2999997723158889,658807,2635228,0.0,0.0,0.2965709285357791,0.10624952754359492,0.01568335362860085,2.529522459022701,1.0,0.015790984783232844,0.031091011871113624,0.0,1.0,0.1111111111111111,532.375,59.0,0.0,0.0,72.0
psm,PCA-Triage,fixed_full_data,0.3,1024,0.2999997723158889,658807,2635228,0.0,0.0,0.2965709285357791,0.10624952754359492,0.01568335362860085,2.6379014999838546,0.9925373134328358,0.01636520241171404,0.032199491586974945,4.727387330601954e-05,0.999952726126694,0.125,1304.2222222222222,153.0,2.0,0.02276841110643094,72.0
psm,Variance,method_retrained,0.3,1024,0.2999997723158889,658807,2635228,0.0,0.0,0.24963283135609782,0.08722098363381486,0.016983798152393224,1.675034665968269,0.9821882951653944,0.01583200032812436,0.031161701784128523,0.00011030570438071225,0.9998896942956192,0.1388888888888889,1236.6,109.5,2.0,0.02276841110643094,72.0
psm,Variance,fixed_full_data,0.3,1024,0.2999997723158889,658807,2635228,0.0,0.0,0.24963283135609782,0.08722098363381486,0.016983798152393224,1.7868457499425858,0.9900990099009901,0.016406217956605552,0.03227758725035303,6.303183107469272e-05,0.9999369681689253,0.1388888888888889,1174.3,97.0,1.0,0.01138420555321547,72.0
psm,Threshold,method_retrained,0.3,1024,0.2999997723158889,658807,2635228,0.0,0.0,0.2791533998413586,0.101300432694008,0.018884584103359914,1.730564665980637,0.997716894977169,0.01792379311759157,0.035214956283492485,1.575795776867318e-05,0.9999842420422314,0.1111111111111111,1052.125,58.5,1.0,0.01138420555321547,72.0
psm,Threshold,fixed_full_data,0.3,1024,0.2999997723158889,658807,2635228,0.0,0.0,0.2791533998413586,0.101300432694008,0.018884584103359914,1.8410009159706533,0.9975429975429976,0.016652311225954636,0.032757786025496206,1.575795776867318e-05,0.9999842420422314,0.125,1183.3333333333333,152.0,1.0,0.01138420555321547,72.0
psm,Uniform,method_retrained,0.3,1024,0.2999997723158889,658807,2635228,0.0,0.0,0.29804710760429326,0.10439117420437356,0.015206513566282704,1.550924582988955,0.9897172236503856,0.015790984783232844,0.03108599111828825,6.303183107469272e-05,0.9999369681689253,0.06944444444444445,818.0,96.0,1.0,0.01138420555321547,72.0
psm,Uniform,fixed_full_data,0.3,1024,0.2999997723158889,658807,2635228,0.0,0.0,0.29804710760429326,0.10439117420437356,0.015206513566282704,1.658753874944523,0.9925373134328358,0.01636520241171404,0.032199491586974945,4.727387330601954e-05,0.999952726126694,0.1388888888888889,1150.6,124.5,1.0,0.01138420555321547,72.0
psm,Full Data,method_retrained,1.0,1024,1.0,2196025,8784100,0.0,0.0,0.0,0.0,0.0,0.2373536250088364,0.9880952380952381,0.01702145112997826,0.033466392484174025,7.87897888433659e-05,0.9999212102111567,0.2222222222222222,643.6875,13.0,5.0,0.056921027766077346,72.0
psm,Full Data,fixed_full_data,1.0,1024,1.0,2196025,8784100,0.0,0.0,0.0,0.0,0.0,0.36736337491311133,0.9880952380952381,0.01702145112997826,0.033466392484174025,7.87897888433659e-05,0.9999212102111567,0.2222222222222222,643.6875,13.0,5.0,0.056921027766077346,72.0
psm,PCA-Triage,method_retrained,0.5,42,0.49999977231588894,1098012,4392048,0.0,0.0,0.21925318862280463,0.06918756603045088,0.012167083987835073,2.5635632920311764,0.9871794871794872,0.015790984783232844,0.031084736183440313,7.87897888433659e-05,0.9999212102111567,0.1388888888888889,616.6,63.5,4.0,0.04553682221286188,72.0
psm,PCA-Triage,fixed_full_data,0.5,42,0.49999977231588894,1098012,4392048,0.0,0.0,0.21925318862280463,0.06918756603045088,0.012167083987835073,2.745542792021297,0.9587301587301588,0.024773389114474385,0.04829874855063772,0.0004097069019855027,0.9995902930980145,0.16666666666666666,820.1666666666666,33.0,8.0,0.09107364442572376,72.0
psm,Variance,method_retrained,0.5,42,0.49999977231588894,1098012,4392048,0.0,0.0,0.22549836154702085,0.04506480317076803,0.012504344101258398,1.7764719579136,0.9849246231155779,0.016078093597473444,0.03163969490294201,9.454774661203908e-05,0.999905452253388,0.125,1071.5555555555557,70.0,6.0,0.06830523331929281,72.0
psm,Variance,fixed_full_data,0.5,42,0.49999977231588894,1098012,4392048,0.0,0.0,0.22549836154702085,0.04506480317076803,0.012504344101258398,1.9034442079719156,0.9587458745874587,0.023830031581969568,0.04650418217473086,0.0003939489442168295,0.9996060510557832,0.1527777777777778,895.0,45.0,15.0,0.17076308329823203,72.0
psm,Threshold,method_retrained,0.5,42,0.49999977231588894,1098012,4392048,0.0,0.0,0.21992638952480947,0.06135886818095632,0.015186990469377236,1.7867348329164088,1.0,0.014929658340511054,0.02942008486562942,0.0,1.0,0.1111111111111111,1509.875,124.5,0.0,0.0,72.0
psm,Threshold,fixed_full_data,0.5,42,0.49999977231588894,1098012,4392048,0.0,0.0,0.21992638952480947,0.06135886818095632,0.015186990469377236,1.9116692919051275,0.9675213675213675,0.02321479840859686,0.04534166466394296,0.0002994011976047904,0.9997005988023953,0.125,492.0,59.0,9.0,0.10245784997893922,72.0
psm,Uniform,method_retrained,0.5,42,0.49999977231588894,1098012,4392048,0.0,0.0,0.21811150434645935,0.06845090699398411,0.011724919570723585,1.5908835000591353,0.94921875,0.019933554817275746,0.0390471216807938,0.0004097069019855027,0.9995902930980145,0.16666666666666666,515.4166666666666,37.5,11.0,0.12522626108537016,72.0
psm,Uniform,fixed_full_data,0.5,42,0.49999977231588894,1098012,4392048,0.0,0.0,0.21811150434645935,0.06845090699398411,0.011724919570723585,1.7142551250290126,0.96,0.02460932693490833,0.04798848276413661,0.0003939489442168295,0.9996060510557832,0.16666666666666666,821.1666666666666,35.5,8.0,0.09107364442572376,72.0
psm,Full Data,method_retrained,1.0,42,1.0,2196025,8784100,0.0,0.0,0.0,0.0,0.0,0.25802887498866767,0.9565916398713826,0.02440424921045076,0.047594288685357755,0.00042546485975417586,0.9995745351402459,0.20833333333333334,562.4,21.0,21.0,0.23906831661752484,72.0
psm,Full Data,fixed_full_data,1.0,42,1.0,2196025,8784100,0.0,0.0,0.0,0.0,0.0,0.39255437499377877,0.9565916398713826,0.02440424921045076,0.047594288685357755,0.00042546485975417586,0.9995745351402459,0.20833333333333334,562.4,21.0,21.0,0.23906831661752484,72.0
psm,PCA-Triage,method_retrained,0.5,123,0.49999977231588894,1098012,4392048,0.0,0.0,0.2341288684083002,0.06923027609005065,0.012249876523410377,2.5622114170109853,0.9973753280839895,0.015585907058775276,0.03069218964542444,1.575795776867318e-05,0.9999842420422314,0.125,795.3333333333334,32.0,1.0,0.01138420555321547,72.0
psm,PCA-Triage,fixed_full_data,0.5,123,0.49999977231588894,1098012,4392048,0.0,0.0,0.2341288684083002,0.06923027609005065,0.012249876523410377,2.683787874993868,0.9801488833746899,0.016201140232147984,0.03187540348612008,0.00012606366214938544,0.9998739363378506,0.1527777777777778,1066.3636363636363,95.0,5.0,0.056921027766077346,72.0
psm,Variance,method_retrained,0.5,123,0.49999977231588894,1098012,4392048,0.0,0.0,0.17482434961444893,0.04470452244890462,0.012343027382403744,1.7674546660855412,0.9946236559139785,0.015175751609860138,0.029895366218236172,3.151591553734636e-05,0.9999684840844627,0.1527777777777778,659.0,28.0,2.0,0.02276841110643094,72.0
psm,Variance,fixed_full_data,0.5,123,0.49999977231588894,1098012,4392048,0.0,0.0,0.17482434961444893,0.04470452244890462,0.012343027382403744,1.8871313750278205,0.9848101265822785,0.0159550469627989,0.03140135615111398,9.454774661203908e-05,0.999905452253388,0.19444444444444445,886.8571428571429,26.5,6.0,0.06830523331929281,72.0
psm,Threshold,method_retrained,0.5,123,0.49999977231588894,1098012,4392048,0.0,0.0,0.20979380079163812,0.06257744831687768,0.01586699037720025,1.7650060839951038,0.9717948717948718,0.015544891513883762,0.030600298736425658,0.00017333753545540497,0.9998266624645445,0.1388888888888889,1062.8,58.0,10.0,0.11384205553215469,72.0
psm,Threshold,fixed_full_data,0.5,123,0.49999977231588894,1098012,4392048,0.0,0.0,0.20979380079163812,0.06257744831687768,0.01586699037720025,1.883992874994874,0.9545454545454546,0.015503875968992248,0.030512168543407193,0.00028364323983611726,0.9997163567601639,0.1527777777777778,1069.6363636363637,95.0,13.0,0.1479946721918011,72.0
psm,Uniform,method_retrained,0.5,123,0.49999977231588894,1098012,4392048,0.0,0.0,0.23707457361129936,0.06861440436087846,0.011766413633909662,1.647905083023943,0.9973333333333333,0.015339813789426192,0.030214897398610437,1.575795776867318e-05,0.9999842420422314,0.09722222222222222,585.0,32.0,1.0,0.01138420555321547,72.0
psm,Uniform,fixed_full_data,0.5,123,0.49999977231588894,1098012,4392048,0.0,0.0,0.23707457361129936,0.06861440436087846,0.011766413633909662,1.7654853749554604,0.9750623441396509,0.016037078052581928,0.03155516100395448,0.0001575795776867318,0.9998424204223133,0.1527777777777778,1066.3636363636363,95.0,5.0,0.056921027766077346,72.0
psm,Full Data,method_retrained,1.0,123,1.0,2196025,8784100,0.0,0.0,0.0,0.0,0.0,0.2515376670053229,0.9713603818615751,0.016693326770846152,0.03282258064516129,0.00018909549322407816,0.9998109045067759,0.20833333333333334,761.9333333333333,17.0,11.0,0.12522626108537016,72.0
psm,Full Data,fixed_full_data,1.0,123,1.0,2196025,8784100,0.0,0.0,0.0,0.0,0.0,0.3799210840370506,0.9713603818615751,0.016693326770846152,0.03282258064516129,0.00018909549322407816,0.9998109045067759,0.20833333333333334,761.9333333333333,17.0,11.0,0.12522626108537016,72.0
psm,PCA-Triage,method_retrained,0.5,456,0.49999977231588894,1098012,4392048,0.0,0.0,0.23310959314019516,0.06921884483338255,0.012153997275350903,2.5546232500346377,0.9348958333333334,0.014724580616053484,0.028992529779931355,0.0003939489442168295,0.9996060510557832,0.125,51.666666666666664,21.0,10.0,0.11384205553215469,72.0
psm,PCA-Triage,fixed_full_data,0.5,456,0.49999977231588894,1098012,4392048,0.0,0.0,0.23310959314019516,0.06921884483338255,0.012153997275350903,2.671978709055111,0.9893048128342246,0.015175751609860138,0.02989295091900626,6.303183107469272e-05,0.9999369681689253,0.1111111111111111,517.5,21.5,2.0,0.02276841110643094,72.0
psm,Variance,method_retrained,0.5,456,0.49999977231588894,1098012,4392048,0.0,0.0,0.1928605310763332,0.04493270967753538,0.012472086394825244,1.6928220828995109,0.9512195121951219,0.014396456256921373,0.028363636363636365,0.00028364323983611726,0.9997163567601639,0.1388888888888889,964.0,27.0,7.0,0.07968943887250828,72.0
psm,Variance,fixed_full_data,0.5,456,0.49999977231588894,1098012,4392048,0.0,0.0,0.1928605310763332,0.04493270967753538,0.012472086394825244,1.812829582951963,0.9836956521739131,0.014847627250728026,0.02925370722049376,9.454774661203908e-05,0.999905452253388,0.1388888888888889,854.0,26.5,5.0,0.056921027766077346,72.0
psm,Threshold,method_retrained,0.5,456,0.49999977231588894,1098012,4392048,0.0,0.0,0.2242657195683558,0.06268566830824242,0.015777503730678304,1.7162976659601554,0.9812332439678284,0.015011689430294082,0.029570978427728854,0.00011030570438071225,0.9998896942956192,0.06944444444444445,812.2,95.0,5.0,0.056921027766077346,72.0
psm,Threshold,fixed_full_data,0.5,456,0.49999977231588894,1098012,4392048,0.0,0.0,0.2242657195683558,0.06268566830824242,0.015777503730678304,1.8347883330425248,0.9829545454545454,0.014191378532463803,0.02797881373064327,9.454774661203908e-05,0.999905452253388,0.06944444444444445,812.2,95.0,4.0,0.04553682221286188,72.0
psm,Uniform,method_retrained,0.5,456,0.49999977231588894,1098012,4392048,0.0,0.0,0.23960142317007835,0.06867506322803621,0.011741165417777154,1.588716124999337,0.9509803921568627,0.015914031417907388,0.03130420751139618,0.0003151591553734636,0.9996848408446265,0.1388888888888889,377.2,58.0,11.0,0.12522626108537016,72.0
psm,Uniform,fixed_full_data,0.5,456,0.49999977231588894,1098012,4392048,0.0,0.0,0.23960142317007835,0.06867506322803621,0.011741165417777154,1.7047542500076815,0.9919354838709677,0.015134736064968624,0.029814567931159858,4.727387330601954e-05,0.999952726126694,0.1111111111111111,517.5,21.5,1.0,0.01138420555321547,72.0
psm,Full Data,method_retrained,1.0,456,1.0,2196025,8784100,0.0,0.0,0.0,0.0,0.0,0.23706824996042997,0.9790575916230366,0.015339813789426192,0.030206356257319388,0.00012606366214938544,0.9998739363378506,0.19444444444444445,663.7857142857143,13.0,7.0,0.07968943887250828,72.0
psm,Full Data,fixed_full_data,1.0,456,1.0,2196025,8784100,0.0,0.0,0.0,0.0,0.0,0.366787749924697,0.9790575916230366,0.015339813789426192,0.030206356257319388,0.00012606366214938544,0.9998739363378506,0.19444444444444445,663.7857142857143,13.0,7.0,0.07968943887250828,72.0
psm,PCA-Triage,method_retrained,0.5,789,0.49999977231588894,1098012,4392048,0.0,0.0,0.22103586012582185,0.06907202649500287,0.012243025693710824,2.524728790973313,0.9947229551451188,0.015462860424100734,0.03045234248788368,3.151591553734636e-05,0.9999684840844627,0.1388888888888889,437.1,27.0,1.0,0.01138420555321547,72.0
psm,PCA-Triage,fixed_full_data,0.5,789,0.49999977231588894,1098012,4392048,0.0,0.0,0.22103586012582185,0.06907202649500287,0.012243025693710824,2.6415856659878045,0.9324894514767933,0.018128870842049137,0.03556628444980889,0.0005042546485975418,0.9994957453514025,0.18055555555555555,765.1538461538462,22.0,13.0,0.1479946721918011,72.0
psm,Variance,method_retrained,0.5,789,0.49999977231588894,1098012,4392048,0.0,0.0,0.19952151777195562,0.044957284710931196,0.012546368403692531,1.6628263749880716,0.9974874371859297,0.016283171321931012,0.03204326243996933,1.575795776867318e-05,0.9999842420422314,0.1388888888888889,904.2,20.0,1.0,0.01138420555321547,72.0
psm,Variance,fixed_full_data,0.5,789,0.49999977231588894,1098012,4392048,0.0,0.0,0.19952151777195562,0.044957284710931196,0.012546368403692531,1.7854959170799702,0.9418103448275862,0.01792379311759157,0.03517810424632723,0.00042546485975417586,0.9995745351402459,0.19444444444444445,703.2857142857143,26.5,15.0,0.17076308329823203,72.0
psm,Threshold,method_retrained,0.5,789,0.49999977231588894,1098012,4392048,0.0,0.0,0.2459082021467674,0.06207712644312433,0.01595556980929446,1.7523182079894468,0.9651741293532339,0.015914031417907388,0.031311786305128514,0.0002206114087614245,0.9997793885912386,0.1388888888888889,839.9,13.5,8.0,0.09107364442572376,72.0
psm,Threshold,fixed_full_data,0.5,789,0.49999977231588894,1098012,4392048,0.0,0.0,0.2459082021467674,0.06207712644312433,0.01595556980929446,1.8710905000334606,0.9769585253456221,0.017390591034001885,0.034172879306870844,0.0001575795776867318,0.9998424204223133,0.19444444444444445,624.6428571428571,28.0,9.0,0.10245784997893922,72.0
psm,Uniform,method_retrained,0.5,789,0.49999977231588894,1098012,4392048,0.0,0.0,0.2239325130893992,0.06865614364267372,0.011800822833741368,1.577676207991317,0.9845758354755784,0.015708953693449816,0.0309245054501413,9.454774661203908e-05,0.999905452253388,0.1527777777777778,1385.4545454545455,95.0,2.0,0.02276841110643094,72.0
psm,Uniform,fixed_full_data,0.5,789,0.49999977231588894,1098012,4392048,0.0,0.0,0.2239325130893992,0.06865614364267372,0.011800822833741368,1.6953960000537336,0.9293361884368309,0.017800746482917025,0.034932388924661946,0.000520012606366215,0.9994799873936338,0.16666666666666666,828.9166666666666,58.5,13.0,0.1479946721918011,72.0
psm,Full Data,method_retrained,1.0,789,1.0,2196025,8784100,0.0,0.0,0.0,0.0,0.0,0.24050312500912696,0.9222903885480572,0.01849801074607276,0.036268596702854844,0.0005988023952095808,0.9994011976047904,0.2361111111111111,514.1176470588235,11.0,24.0,0.27322093327717123,72.0
psm,Full Data,fixed_full_data,1.0,789,1.0,2196025,8784100,0.0,0.0,0.0,0.0,0.0,0.37262279097922146,0.9222903885480572,0.01849801074607276,0.036268596702854844,0.0005988023952095808,0.9994011976047904,0.2361111111111111,514.1176470588235,11.0,24.0,0.27322093327717123,72.0
psm,PCA-Triage,method_retrained,0.5,1024,0.49999977231588894,1098012,4392048,0.0,0.0,0.2415880381461463,0.0690464014241657,0.012295724458975364,2.503861792036332,0.9906103286384976,0.01730855994421886,0.03402265489579554,6.303183107469272e-05,0.9999369681689253,0.16666666666666666,532.75,58.5,3.0,0.034152616659646404,72.0
psm,PCA-Triage,fixed_full_data,0.5,1024,0.49999977231588894,1098012,4392048,0.0,0.0,0.2415880381461463,0.0690464014241657,0.012295724458975364,2.620995542034507,0.9975490196078431,0.016693326770846152,0.032837145508088264,1.575795776867318e-05,0.9999842420422314,0.1388888888888889,779.7,107.0,1.0,0.01138420555321547,72.0
psm,Variance,method_retrained,0.5,1024,0.49999977231588894,1098012,4392048,0.0,0.0,0.1838036577768151,0.044844475719341914,0.012483364959361453,1.6680011668941006,0.9880668257756563,0.01698043558508675,0.03338709677419355,7.87897888433659e-05,0.9999212102111567,0.18055555555555555,616.9230769230769,21.0,3.0,0.034152616659646404,72.0
psm,Variance,fixed_full_data,0.5,1024,0.49999977231588894,1098012,4392048,0.0,0.0,0.1838036577768151,0.044844475719341914,0.012483364959361453,1.7890536249615252,0.9927007299270073,0.016734342315737664,0.03291384317521781,4.727387330601954e-05,0.999952726126694,0.1527777777777778,1040.4545454545455,95.0,3.0,0.034152616659646404,72.0
psm,Threshold,method_retrained,0.5,1024,0.49999977231588894,1098012,4392048,0.0,0.0,0.2111185786155939,0.060845241001468514,0.01591363386948151,1.7787422079127282,0.9800443458980045,0.018128870842049137,0.03559922680412371,0.00014182161991805863,0.999858178380082,0.16666666666666666,737.9166666666666,63.5,6.0,0.06830523331929281,72.0
psm,Threshold,fixed_full_data,0.5,1024,0.49999977231588894,1098012,4392048,0.0,0.0,0.2111185786155939,0.060845241001468514,0.01591363386948151,1.8991394579643384,0.9974811083123426,0.016242155777039496,0.031963838889337313,1.575795776867318e-05,0.9999842420422314,0.1527777777777778,1068.4545454545455,95.0,1.0,0.01138420555321547,72.0
psm,Uniform,method_retrained,0.5,1024,0.49999977231588894,1098012,4392048,0.0,0.0,0.2658849446728508,0.06902847701196176,0.012015625797982933,1.5626714590471238,0.9865168539325843,0.018005824207374593,0.03536614839281398,9.454774661203908e-05,0.999905452253388,0.18055555555555555,529.9230769230769,75.0,5.0,0.056921027766077346,72.0
psm,Uniform,fixed_full_data,0.5,1024,0.49999977231588894,1098012,4392048,0.0,0.0,0.2658849446728508,0.06902847701196176,0.012015625797982933,1.6830637090606615,1.0,0.016734342315737664,0.03291782645528259,0.0,1.0,0.1527777777777778,711.1818181818181,96.0,0.0,0.0,72.0
psm,Full Data,method_retrained,1.0,1024,1.0,2196025,8784100,0.0,0.0,0.0,0.0,0.0,0.23837991699110717,0.9880952380952381,0.01702145112997826,0.033466392484174025,7.87897888433659e-05,0.9999212102111567,0.2222222222222222,643.6875,13.0,5.0,0.056921027766077346,72.0
psm,Full Data,fixed_full_data,1.0,1024,1.0,2196025,8784100,0.0,0.0,0.0,0.0,0.0,0.36968025006353855,0.9880952380952381,0.01702145112997826,0.033466392484174025,7.87897888433659e-05,0.9999212102111567,0.2222222222222222,643.6875,13.0,5.0,0.056921027766077346,72.0
psm,PCA-Triage,method_retrained,0.7,42,0.699999772315889,1537217,6148868,0.0,0.0,0.14877401473211085,0.03831217011611358,0.009150741594450926,2.7149649580242112,0.9904534606205251,0.01702145112997826,0.03346774193548387,6.303183107469272e-05,0.9999369681689253,0.1527777777777778,1103.5454545454545,45.0,4.0,0.04553682221286188,72.0
psm,PCA-Triage,fixed_full_data,0.7,42,0.699999772315889,1537217,6148868,0.0,0.0,0.14877401473211085,0.03831217011611358,0.009150741594450926,2.8427902499679476,0.9733777038269551,0.02399409376153562,0.04683372027860059,0.0002521273242987709,0.9997478726757012,0.16666666666666666,818.8333333333334,33.0,10.0,0.11384205553215469,72.0
psm,Variance,method_retrained,0.7,42,0.699999772315889,1537217,6148868,0.0,0.0,0.14614845654672276,0.01617980177819607,0.0077764087934336845,1.750193833024241,0.9236947791164659,0.018867150650096386,0.036978978254753006,0.0005988023952095808,0.9994011976047904,0.19444444444444445,375.42857142857144,20.5,10.0,0.11384205553215469,72.0
psm,Variance,fixed_full_data,0.7,42,0.699999772315889,1537217,6148868,0.0,0.0,0.14614845654672276,0.01617980177819607,0.0077764087934336845,1.8816967499442399,0.9620462046204621,0.023912062671752596,0.04666426541801737,0.00036243302867948316,0.9996375669713206,0.18055555555555555,382.61538461538464,21.0,15.0,0.17076308329823203,72.0
psm,Threshold,method_retrained,0.7,42,0.699999772315889,1537217,6148868,0.0,0.0,0.1472900482860123,0.021384471115909975,0.007751800303983589,1.854436625028029,0.9439655172413793,0.02694721299372462,0.052398612274195476,0.000614560352978254,0.9993854396470218,0.2361111111111111,549.5294117647059,21.0,32.0,0.36429457770289503,72.0
psm,Threshold,fixed_full_data,0.7,42,0.699999772315889,1537217,6148868,0.0,0.0,0.1472900482860123,0.021384471115909975,0.007751800303983589,1.9861712920246646,0.9588138385502472,0.02387104712686108,0.04658235953257563,0.0003939489442168295,0.9996060510557832,0.19444444444444445,667.4285714285714,20.5,15.0,0.17076308329823203,72.0
psm,Uniform,method_retrained,0.7,42,0.699999772315889,1537217,6148868,0.0,0.0,0.15960843842210498,0.03909931639185545,0.008581770734356384,1.5781015830580145,0.9925742574257426,0.016447233501497068,0.03235828121847892,4.727387330601954e-05,0.999952726126694,0.1527777777777778,906.0,95.0,3.0,0.034152616659646404,72.0
psm,Uniform,fixed_full_data,0.7,42,0.699999772315889,1537217,6148868,0.0,0.0,0.15960843842210498,0.03909931639185545,0.008581770734356384,1.706690457998775,0.9765100671140939,0.02387104712686108,0.0466028746446731,0.0002206114087614245,0.9997793885912386,0.16666666666666666,817.25,33.0,9.0,0.10245784997893922,72.0
psm,Full Data,method_retrained,1.0,42,1.0,2196025,8784100,0.0,0.0,0.0,0.0,0.0,0.25078583299182355,0.9565916398713826,0.02440424921045076,0.047594288685357755,0.00042546485975417586,0.9995745351402459,0.20833333333333334,562.4,21.0,21.0,0.23906831661752484,72.0
psm,Full Data,fixed_full_data,1.0,42,1.0,2196025,8784100,0.0,0.0,0.0,0.0,0.0,0.38577433302998543,0.9565916398713826,0.02440424921045076,0.047594288685357755,0.00042546485975417586,0.9995745351402459,0.20833333333333334,562.4,21.0,21.0,0.23906831661752484,72.0
psm,PCA-Triage,method_retrained,0.7,123,0.699999772315889,1537217,6148868,0.0,0.0,0.1797647602969047,0.03830951875811995,0.009277486407927457,2.5621883750427514,0.9974226804123711,0.015873015873015872,0.031248738342282693,1.575795776867318e-05,0.9999842420422314,0.1527777777777778,397.90909090909093,21.0,1.0,0.01138420555321547,72.0
psm,PCA-Triage,fixed_full_data,0.7,123,0.699999772315889,1537217,6148868,0.0,0.0,0.1797647602969047,0.03830951875811995,0.009277486407927457,2.685675458982587,0.972636815920398,0.016037078052581928,0.03155388774563209,0.00017333753545540497,0.9998266624645445,0.1527777777777778,1065.2727272727273,95.0,9.0,0.10245784997893922,72.0
psm,Variance,method_retrained,0.7,123,0.699999772315889,1537217,6148868,0.0,0.0,0.13428366941241976,0.016067745657991774,0.0075369711940673255,1.7651850839611143,0.9973958333333334,0.015708953693449816,0.03093074904098526,1.575795776867318e-05,0.9999842420422314,0.16666666666666666,957.8333333333334,28.0,1.0,0.01138420555321547,72.0
psm,Variance,fixed_full_data,0.7,123,0.699999772315889,1537217,6148868,0.0,0.0,0.13428366941241976,0.016067745657991774,0.0075369711940673255,1.8958264170214534,0.9753086419753086,0.016201140232147984,0.03187283143710159,0.0001575795776867318,0.9998424204223133,0.19444444444444445,836.4285714285714,22.0,8.0,0.09107364442572376,72.0
psm,Threshold,method_retrained,0.7,123,0.699999772315889,1537217,6148868,0.0,0.0,0.12028613892952894,0.02137961589823129,0.007550352671663488,1.9350522089516744,0.9748743718592965,0.015914031417907388,0.03131684087332015,0.0001575795776867318,0.9998424204223133,0.20833333333333334,425.8666666666667,17.0,9.0,0.10245784997893922,72.0
psm,Threshold,fixed_full_data,0.7,123,0.699999772315889,1537217,6148868,0.0,0.0,0.12028613892952894,0.02137961589823129,0.007550352671663488,2.0634764169808477,0.9803921568627451,0.016406217956605552,0.03227237887772803,0.00012606366214938544,0.9998739363378506,0.19444444444444445,836.2857142857143,19.0,7.0,0.07968943887250828,72.0
psm,Uniform,method_retrained,0.7,123,0.699999772315889,1537217,6148868,0.0,0.0,0.19170901533586274,0.03918388740795113,0.008709460777553383,1.6176611669361591,0.9927184466019418,0.01677535786062918,0.03299318355987577,4.727387330601954e-05,0.999952726126694,0.16666666666666666,1074.5,58.0,3.0,0.034152616659646404,72.0
psm,Uniform,fixed_full_data,0.7,123,0.699999772315889,1537217,6148868,0.0,0.0,0.19170901533586274,0.03918388740795113,0.008709460777553383,1.7398699169280007,0.9775,0.016037078052581928,0.03155643436503773,0.00014182161991805863,0.999858178380082,0.16666666666666666,978.3333333333334,58.0,8.0,0.09107364442572376,72.0
psm,Full Data,method_retrained,1.0,123,1.0,2196025,8784100,0.0,0.0,0.0,0.0,0.0,0.23971762496512383,0.9713603818615751,0.016693326770846152,0.03282258064516129,0.00018909549322407816,0.9998109045067759,0.20833333333333334,761.9333333333333,17.0,11.0,0.12522626108537016,72.0
psm,Full Data,fixed_full_data,1.0,123,1.0,2196025,8784100,0.0,0.0,0.0,0.0,0.0,0.3680149579886347,0.9713603818615751,0.016693326770846152,0.03282258064516129,0.00018909549322407816,0.9998109045067759,0.20833333333333334,761.9333333333333,17.0,11.0,0.12522626108537016,72.0
psm,PCA-Triage,method_retrained,0.7,456,0.699999772315889,1537217,6148868,0.0,0.0,0.17207049934972124,0.038268691997463196,0.009289456586688892,2.56619916704949,0.930622009569378,0.0159550469627989,0.03137223275132062,0.00045698077529152223,0.9995430192247085,0.20833333333333334,596.2,18.0,13.0,0.1479946721918011,72.0
psm,PCA-Triage,fixed_full_data,0.7,456,0.699999772315889,1537217,6148868,0.0,0.0,0.17207049934972124,0.038268691997463196,0.009289456586688892,2.6886455840431154,0.984375,0.015503875968992248,0.03052695336159903,9.454774661203908e-05,0.999905452253388,0.16666666666666666,728.1666666666666,19.0,5.0,0.056921027766077346,72.0
psm,Variance,method_retrained,0.7,456,0.699999772315889,1537217,6148868,0.0,0.0,0.13610958065491532,0.01614879746284772,0.007754260286910739,1.7509009999921545,0.9679802955665024,0.016119109142364956,0.03171017065397184,0.00020485345099275135,0.9997951465490073,0.125,478.0,21.0,6.0,0.06830523331929281,72.0
psm,Variance,fixed_full_data,0.7,456,0.699999772315889,1537217,6148868,0.0,0.0,0.13610958065491532,0.01614879746284772,0.007754260286910739,1.8775083749787882,0.986737400530504,0.015257782699643166,0.03005089264076258,7.87897888433659e-05,0.9999212102111567,0.1527777777777778,790.9090909090909,21.0,5.0,0.056921027766077346,72.0
psm,Threshold,method_retrained,0.7,456,0.699999772315889,1537217,6148868,0.0,0.0,0.14519643397670523,0.02138120429509796,0.0074893772310540094,1.8168657500064,0.9897172236503856,0.015790984783232844,0.03108599111828825,6.303183107469272e-05,0.9999369681689253,0.1388888888888889,412.4,18.5,4.0,0.04553682221286188,72.0
psm,Threshold,fixed_full_data,0.7,456,0.699999772315889,1537217,6148868,0.0,0.0,0.14519643397670523,0.02138120429509796,0.0074893772310540094,1.941327290958725,0.9766839378238342,0.015462860424100734,0.030443735615940565,0.00014182161991805863,0.999858178380082,0.16666666666666666,725.4166666666666,20.5,9.0,0.10245784997893922,72.0
psm,Uniform,method_retrained,0.7,456,0.699999772315889,1537217,6148868,0.0,0.0,0.18681483681511551,0.03929950368939316,0.008665808548939806,1.564459374989383,0.9842931937172775,0.01542184487920922,0.03036788757420345,9.454774661203908e-05,0.999905452253388,0.125,484.8888888888889,21.0,4.0,0.04553682221286188,72.0
psm,Uniform,fixed_full_data,0.7,456,0.699999772315889,1537217,6148868,0.0,0.0,0.18681483681511551,0.03929950368939316,0.008665808548939806,1.6869917080039158,0.9869451697127938,0.015503875968992248,0.03052818607656275,7.87897888433659e-05,0.9999212102111567,0.1527777777777778,793.9090909090909,21.0,5.0,0.056921027766077346,72.0
psm,Full Data,method_retrained,1.0,456,1.0,2196025,8784100,0.0,0.0,0.0,0.0,0.0,0.23492491606157273,0.9790575916230366,0.015339813789426192,0.030206356257319388,0.00012606366214938544,0.9998739363378506,0.19444444444444445,663.7857142857143,13.0,7.0,0.07968943887250828,72.0
psm,Full Data,fixed_full_data,1.0,456,1.0,2196025,8784100,0.0,0.0,0.0,0.0,0.0,0.3659941660007462,0.9790575916230366,0.015339813789426192,0.030206356257319388,0.00012606366214938544,0.9998739363378506,0.19444444444444445,663.7857142857143,13.0,7.0,0.07968943887250828,72.0
psm,PCA-Triage,method_retrained,0.7,789,0.699999772315889,1537217,6148868,0.0,0.0,0.1684606993597899,0.038402451800922964,0.00926588588550129,2.5095233330503106,0.9853658536585366,0.01657028013617161,0.03259247307490622,9.454774661203908e-05,0.999905452253388,0.16666666666666666,1057.0833333333333,19.0,6.0,0.06830523331929281,72.0
psm,PCA-Triage,fixed_full_data,0.7,789,0.699999772315889,1537217,6148868,0.0,0.0,0.1684606993597899,0.038402451800922964,0.00926588588550129,2.6382316660601646,0.9261603375527426,0.018005824207374593,0.03532488432910883,0.0005515285219035613,0.9994484714780965,0.18055555555555555,764.8461538461538,21.0,19.0,0.2162999055110939,72.0
psm,Variance,method_retrained,0.7,789,0.699999772315889,1537217,6148868,0.0,0.0,0.143173890396705,0.016103822481496523,0.0078123458756068544,1.6913707919884473,0.9467213114754098,0.018949181739879414,0.037154690578632035,0.0004097069019855027,0.9995902930980145,0.19444444444444445,892.7142857142857,23.0,14.0,0.15937887774501655,72.0
psm,Variance,fixed_full_data,0.7,789,0.699999772315889,1537217,6148868,0.0,0.0,0.143173890396705,0.016103822481496523,0.0078123458756068544,1.8184054580051452,0.9297520661157025,0.01845699520118125,0.0361954554594812,0.0005357705641348881,0.9994642294358651,0.2222222222222222,570.3125,18.5,18.0,0.20491569995787845,72.0
psm,Threshold,method_retrained,0.7,789,0.699999772315889,1537217,6148868,0.0,0.0,0.11813578415599213,0.02127463608658541,0.007515438999857851,1.8306327080354095,1.0,0.015749969238341332,0.031011508176862507,0.0,1.0,0.16666666666666666,724.6666666666666,26.5,0.0,0.0,72.0
psm,Threshold,fixed_full_data,0.7,789,0.699999772315889,1537217,6148868,0.0,0.0,0.11813578415599213,0.02127463608658541,0.007515438999857851,1.9580136250006035,0.9254658385093167,0.018333948566506705,0.03595559845559845,0.0005672864796722345,0.9994327135203278,0.2222222222222222,546.125,14.0,20.0,0.22768411106430939,72.0
psm,Uniform,method_retrained,0.7,789,0.699999772315889,1537217,6148868,0.0,0.0,0.17308985812082217,0.03912381701779558,0.00872318488427395,1.5766563330544159,1.0,0.014970673885402568,0.02949971712600016,0.0,1.0,0.1111111111111111,510.875,20.5,0.0,0.0,72.0
psm,Uniform,fixed_full_data,0.7,789,0.699999772315889,1537217,6148868,0.0,0.0,0.17308985812082217,0.03912381701779558,0.00872318488427395,1.7002387919928879,0.9302325581395349,0.01804683975226611,0.03540677556932486,0.000520012606366215,0.9994799873936338,0.19444444444444445,710.2857142857143,18.5,18.0,0.20491569995787845,72.0
psm,Full Data,method_retrained,1.0,789,1.0,2196025,8784100,0.0,0.0,0.0,0.0,0.0,0.2456059999531135,0.9222903885480572,0.01849801074607276,0.036268596702854844,0.0005988023952095808,0.9994011976047904,0.2361111111111111,514.1176470588235,11.0,24.0,0.27322093327717123,72.0
psm,Full Data,fixed_full_data,1.0,789,1.0,2196025,8784100,0.0,0.0,0.0,0.0,0.0,0.3761174170067534,0.9222903885480572,0.01849801074607276,0.036268596702854844,0.0005988023952095808,0.9994011976047904,0.2361111111111111,514.1176470588235,11.0,24.0,0.27322093327717123,72.0
psm,PCA-Triage,method_retrained,0.7,1024,0.699999772315889,1537217,6148868,0.0,0.0,0.15787801316365854,0.03833624314982827,0.00917272602431573,2.510971541982144,0.9928741092636579,0.017144497764652804,0.03370695911620031,4.727387330601954e-05,0.999952726126694,0.19444444444444445,613.6428571428571,20.5,3.0,0.034152616659646404,72.0
psm,PCA-Triage,fixed_full_data,0.7,1024,0.699999772315889,1537217,6148868,0.0,0.0,0.15787801316365854,0.03833624314982827,0.00917272602431573,2.634976958972402,1.0,0.016816373405520692,0.033076519704731557,0.0,1.0,0.19444444444444445,760.9285714285714,20.5,0.0,0.0,72.0
psm,Variance,method_retrained,0.7,1024,0.699999772315889,1537217,6148868,0.0,0.0,0.1552919828835299,0.01614944497628257,0.007782918581973544,1.7254720000782982,0.9820051413881749,0.015667938148558304,0.030843762616067825,0.00011030570438071225,0.9998896942956192,0.18055555555555555,432.38461538461536,20.0,6.0,0.06830523331929281,72.0
psm,Variance,fixed_full_data,0.7,1024,0.699999772315889,1537217,6148868,0.0,0.0,0.1552919828835299,0.01614944497628257,0.007782918581973544,1.8521772910607979,0.9927536231884058,0.016857388950412205,0.03315184513006655,4.727387330601954e-05,0.999952726126694,0.19444444444444445,621.7857142857143,20.5,3.0,0.034152616659646404,72.0
psm,Threshold,method_retrained,0.7,1024,0.699999772315889,1537217,6148868,0.0,0.0,0.12376658820615381,0.02118295038494514,0.007501039657720932,1.8448261669836938,0.9925373134328358,0.01636520241171404,0.032199491586974945,4.727387330601954e-05,0.999952726126694,0.1527777777777778,407.1818181818182,21.0,3.0,0.034152616659646404,72.0
psm,Threshold,fixed_full_data,0.7,1024,0.699999772315889,1537217,6148868,0.0,0.0,0.12376658820615381,0.02118295038494514,0.007501039657720932,1.9705004169372842,0.9950738916256158,0.01657028013617161,0.032597732682454514,3.151591553734636e-05,0.9999684840844627,0.18055555555555555,820.7692307692307,21.0,2.0,0.02276841110643094,72.0
psm,Uniform,method_retrained,0.7,1024,0.699999772315889,1537217,6148868,0.0,0.0,0.16730909665574337,0.03914255885927867,0.008564703691084042,1.5680727909784764,0.9668874172185431,0.01796480866248308,0.03527422082628654,0.0002363693665300977,0.99976363063347,0.19444444444444445,404.7857142857143,58.0,11.0,0.12522626108537016,72.0
psm,Uniform,fixed_full_data,0.7,1024,0.699999772315889,1537217,6148868,0.0,0.0,0.16730909665574337,0.03914255885927867,0.008564703691084042,1.691072165966034,0.9975786924939467,0.01689840449530372,0.03323384689844317,1.575795776867318e-05,0.9999842420422314,0.16666666666666666,511.9166666666667,58.0,1.0,0.01138420555321547,72.0
psm,Full Data,method_retrained,1.0,1024,1.0,2196025,8784100,0.0,0.0,0.0,0.0,0.0,0.24302900000475347,0.9880952380952381,0.01702145112997826,0.033466392484174025,7.87897888433659e-05,0.9999212102111567,0.2222222222222222,643.6875,13.0,5.0,0.056921027766077346,72.0
psm,Full Data,fixed_full_data,1.0,1024,1.0,2196025,8784100,0.0,0.0,0.0,0.0,0.0,0.3734255830058828,0.9880952380952381,0.01702145112997826,0.033466392484174025,7.87897888433659e-05,0.9999212102111567,0.2222222222222222,643.6875,13.0,5.0,0.056921027766077346,72.0
