dataset,method,protocol,budget,requested_budget,seed,quantile,threshold,precision,recall,f1,fpr,specificity,event_recall,mean_detection_delay,median_detection_delay,false_alarm_events,false_alarms_per_1000,n_events,detected_events,missed_events
smd,PCA-Triage,method_retrained,0.3,0.3,42,0.95,0.4697775168024601,0.2448716769386441,0.9881217520415738,0.392480648728345,0.31836338956757804,0.681636610432422,1.0,0.5,0.0,666.0,23.385652586116084,8.0,8.0,0.0
smd,PCA-Triage,method_retrained,0.3,0.3,42,0.975,0.5161148539261913,0.3138328530259366,0.8084632516703786,0.45214864023250984,0.18468101609462867,0.8153189839053714,0.75,3.6666666666666665,0.5,215.0,7.549422381403842,8.0,6.0,2.0
smd,PCA-Triage,method_retrained,0.3,0.3,42,0.99,0.5902174142233789,0.30337078651685395,0.48106904231625836,0.37209302325581395,0.11541593949970913,0.8845840605002908,0.625,50.0,52.0,132.0,4.634994206257242,8.0,5.0,3.0
smd,PCA-Triage,method_retrained,0.3,0.3,42,0.995,0.629983505312714,0.335564344386979,0.4094283593170007,0.36883464303628155,0.08470040721349621,0.9152995927865037,0.625,165.6,88.0,65.0,2.282383510656975,8.0,5.0,3.0
smd,PCA-Triage,method_retrained,0.3,0.3,42,0.999,0.6852244499963449,0.38610871440897326,0.3322197475872309,0.35714285714285715,0.05518712429707194,0.944812875702928,0.625,349.6,321.0,50.0,1.7556796235822887,8.0,5.0,3.0
smd,PCA-Triage,fixed_full_data,0.3,0.3,42,0.95,0.4815419774619354,0.2482446859671059,0.9580549368968078,0.3943167061339852,0.30312197013767694,0.6968780298623231,0.875,0.7142857142857143,0.0,649.0,22.788721514098107,8.0,7.0,1.0
smd,PCA-Triage,fixed_full_data,0.3,0.3,42,0.975,0.5252108533272932,0.3077621425329097,0.755011135857461,0.43727829732344403,0.17742873763816172,0.8225712623618383,0.625,10.0,1.0,208.0,7.303627234102321,8.0,5.0,3.0
smd,PCA-Triage,fixed_full_data,0.3,0.3,42,0.99,0.5828796373982275,0.3180320150659134,0.5014847809948033,0.3892250072025353,0.11235214271863486,0.8876478572813651,0.625,45.2,26.0,135.0,4.740334983672179,8.0,5.0,3.0
smd,PCA-Triage,fixed_full_data,0.3,0.3,42,0.995,0.6173287990634742,0.3318223028105168,0.40757238307349664,0.3658170914542729,0.08574752763234439,0.9142524723676556,0.625,149.0,92.0,76.0,2.668633027845079,8.0,5.0,3.0
smd,PCA-Triage,fixed_full_data,0.3,0.3,42,0.999,0.6825169370276464,0.38565217391304346,0.32925018559762437,0.35522627152583097,0.054799301919720766,0.9452006980802792,0.625,354.8,322.0,43.0,1.5098844762807684,8.0,5.0,3.0
smd,Variance,method_retrained,0.3,0.3,42,0.95,0.4724154253978831,0.19373819555426414,0.9899777282850779,0.32405832320777644,0.4304440566220671,0.5695559433779329,1.0,0.5,0.0,1245.0,43.71642262719899,8.0,8.0,0.0
smd,Variance,method_retrained,0.3,0.3,42,0.975,0.5126244268092159,0.26708829968377523,0.8151447661469933,0.40234518138512276,0.23370176459181694,0.7662982354081831,1.0,1.0,0.0,625.0,21.94599529477861,8.0,8.0,0.0
smd,Variance,method_retrained,0.3,0.3,42,0.99,0.5806232134116776,0.32270916334661354,0.5412026726057907,0.4043261231281198,0.11867364746945899,0.881326352530541,0.75,15.5,2.5,172.0,6.0395379051230735,8.0,6.0,2.0
smd,Variance,method_retrained,0.3,0.3,42,0.995,0.6151825032697085,0.34220314735336194,0.44394951744617667,0.3864921635159153,0.08916036455303471,0.9108396354469653,0.625,51.6,35.0,95.0,3.3357912848063487,8.0,5.0,3.0
smd,Variance,method_retrained,0.3,0.3,42,0.999,0.6701117334337029,0.3797160243407708,0.34743875278396436,0.3628610195774375,0.05929804149699438,0.9407019585030056,0.625,160.6,138.0,43.0,1.5098844762807684,8.0,5.0,3.0
smd,Variance,fixed_full_data,0.3,0.3,42,0.95,0.4815419774619354,0.24074249455440855,0.9435783221974758,0.3836112578284162,0.31091719992243555,0.6890828000775645,1.0,1.0,0.0,993.0,34.86779732434425,8.0,8.0,0.0
smd,Variance,fixed_full_data,0.3,0.3,42,0.975,0.5252108533272932,0.29940666362391605,0.7305122494432071,0.42473292327614115,0.17859220477021523,0.8214077952297848,0.875,3.857142857142857,0.0,247.0,8.673057340496506,8.0,7.0,1.0
smd,Variance,fixed_full_data,0.3,0.3,42,0.99,0.5828796373982275,0.3291198501872659,0.5219005196733482,0.40367499282227964,0.11114989334884623,0.8888501066511538,0.625,28.0,11.0,148.0,5.196811685803574,8.0,5.0,3.0
smd,Variance,fixed_full_data,0.3,0.3,42,0.995,0.6173287990634742,0.33940298507462685,0.4220489977728285,0.3762409000661813,0.08582509210781462,0.9141749078921854,0.625,69.4,81.0,97.0,3.40601846974964,8.0,5.0,3.0
smd,Variance,fixed_full_data,0.3,0.3,42,0.999,0.6825169370276464,0.38813781072830356,0.3303637713437268,0.3569280128333668,0.05441147954236959,0.9455885204576304,0.625,247.8,250.0,45.0,1.5801116612240598,8.0,5.0,3.0
smd,Threshold,method_retrained,0.3,0.3,42,0.95,0.4719546706336392,0.2273350471293916,0.9847809948032665,0.36939571150097467,0.34969943765755285,0.6503005623424472,1.0,1.125,0.0,926.0,32.51518662874399,8.0,8.0,0.0
smd,Threshold,method_retrained,0.3,0.3,42,0.975,0.5174739065498897,0.3094276563152764,0.8247958426132146,0.4500253164556962,0.19232111692844678,0.8076788830715532,1.0,3.25,0.0,266.0,9.340215597457776,8.0,8.0,0.0
smd,Threshold,method_retrained,0.3,0.3,42,0.99,0.5822373223314765,0.34080512351326625,0.5530809205642168,0.4217378998018681,0.11177040915260811,0.888229590847392,0.875,4.857142857142857,0.0,126.0,4.424312651427368,8.0,7.0,1.0
smd,Threshold,method_retrained,0.3,0.3,42,0.995,0.6144484606864169,0.3435136707388016,0.43838158871566446,0.3851924331376386,0.08753151056815978,0.9124684894318402,0.625,45.4,60.0,69.0,2.4228378805435584,8.0,5.0,3.0
smd,Threshold,method_retrained,0.3,0.3,42,0.999,0.6707533816038144,0.3687315634218289,0.32479584261321454,0.3453720149990132,0.05809579212720574,0.9419042078727943,0.625,239.0,234.0,47.0,1.6503388461673514,8.0,5.0,3.0
smd,Threshold,fixed_full_data,0.3,0.3,42,0.95,0.4815419774619354,0.2407303894168064,0.9591685226429102,0.38486744116770927,0.31607523754120614,0.6839247624587939,1.0,2.125,0.0,798.0,28.020646792373327,8.0,8.0,0.0
smd,Threshold,fixed_full_data,0.3,0.3,42,0.975,0.5252108533272932,0.29540383757251226,0.7371937639198218,0.4217903791016247,0.18371146015125073,0.8162885398487493,1.0,2.375,0.0,229.0,8.041012676006883,8.0,8.0,0.0
smd,Threshold,fixed_full_data,0.3,0.3,42,0.99,0.5828796373982275,0.3128005495763682,0.5070527097253155,0.3869140348392579,0.11638549544308707,0.8836145045569129,0.75,16.0,0.0,135.0,4.740334983672179,8.0,6.0,2.0
smd,Threshold,fixed_full_data,0.3,0.3,42,0.995,0.6173287990634742,0.3262536873156342,0.4105419450631032,0.3635765943458251,0.08857863098700795,0.9114213690129921,0.625,60.6,56.0,77.0,2.7037466203167244,8.0,5.0,3.0
smd,Threshold,fixed_full_data,0.3,0.3,42,0.999,0.6825169370276464,0.3776785714285714,0.31403118040089084,0.3429266315362789,0.054062439402753536,0.9459375605972464,0.625,362.8,328.0,59.0,2.0717019558271006,8.0,5.0,3.0
smd,Uniform,method_retrained,0.3,0.3,42,0.95,0.47399715240656887,0.22368759099083668,0.9695619896065331,0.3635098462180781,0.3515609850688385,0.6484390149311615,1.0,0.0,0.0,625.0,21.94599529477861,8.0,8.0,0.0
smd,Uniform,method_retrained,0.3,0.3,42,0.975,0.5251106153570066,0.2977711738484398,0.7438752783964365,0.42529711375212226,0.18328485553616444,0.8167151444638355,0.875,4.142857142857143,0.0,168.0,5.89908353523649,8.0,7.0,1.0
smd,Uniform,method_retrained,0.3,0.3,42,0.99,0.5872303499252582,0.3066392881587953,0.49888641425389757,0.3798219584569733,0.11785922047702152,0.8821407795229784,0.625,32.4,29.0,105.0,3.686927209522806,8.0,5.0,3.0
smd,Uniform,method_retrained,0.3,0.3,42,0.995,0.6285143243991403,0.3262112548901595,0.4023756495916852,0.3603124480638192,0.08683343028892768,0.9131665697110724,0.625,110.4,90.0,59.0,2.0717019558271006,8.0,5.0,3.0
smd,Uniform,method_retrained,0.3,0.3,42,0.999,0.6840109635529233,0.37209302325581395,0.3325909428359317,0.35123480987847905,0.05863874345549738,0.9413612565445026,0.625,357.0,320.0,27.0,0.948066996734436,8.0,5.0,3.0
smd,Uniform,fixed_full_data,0.3,0.3,42,0.95,0.4815419774619354,0.24884169884169885,0.9569413511507052,0.3949747203922169,0.30180337405468294,0.6981966259453171,1.0,1.125,0.0,587.0,20.61167878085607,8.0,8.0,0.0
smd,Uniform,fixed_full_data,0.3,0.3,42,0.975,0.5252108533272932,0.3065815473476212,0.7487008166295471,0.43502642079154535,0.1769245685476052,0.8230754314523948,0.875,3.2857142857142856,0.0,172.0,6.0395379051230735,8.0,7.0,1.0
smd,Uniform,fixed_full_data,0.3,0.3,42,0.99,0.5828796373982275,0.31711292200232827,0.5055679287305123,0.3897553298039777,0.11374830327709909,0.8862516967229009,0.625,32.0,27.0,113.0,3.9678359492959725,8.0,5.0,3.0
smd,Uniform,fixed_full_data,0.3,0.3,42,0.995,0.6173287990634742,0.33565375302663436,0.41165553080920564,0.3697899299766589,0.08512701182858251,0.9148729881714175,0.625,76.4,77.0,68.0,2.3877242880719125,8.0,5.0,3.0
smd,Uniform,fixed_full_data,0.3,0.3,42,0.999,0.6825169370276464,0.38639337112952465,0.32887899034892354,0.35532384198917183,0.05456660849331006,0.9454333915066899,0.625,345.4,322.0,34.0,1.1938621440359563,8.0,5.0,3.0
smd,Full Data,method_retrained,1.0,0.3,42,0.95,0.4815419774619354,0.24717789022966136,0.9428359317000743,0.39167309175019277,0.30001939111886755,0.6999806088811324,1.0,0.125,0.0,1259.0,44.20801292180203,8.0,8.0,0.0
smd,Full Data,method_retrained,1.0,0.3,42,0.975,0.5252108533272932,0.29676340981613736,0.7249443207126949,0.4211320754716981,0.17948419623812295,0.820515803761877,1.0,2.625,0.0,393.0,13.79964184135679,8.0,8.0,0.0
smd,Full Data,method_retrained,1.0,0.3,42,0.99,0.5828796373982275,0.3257103257103257,0.5233853006681515,0.40153780435711234,0.11320535194880745,0.8867946480511926,1.0,4.25,0.0,247.0,8.673057340496506,8.0,8.0,0.0
smd,Full Data,method_retrained,1.0,0.3,42,0.995,0.6173287990634742,0.3501041976778803,0.4365256124721604,0.38856765240376673,0.0846616249757611,0.9153383750242389,0.625,23.0,27.0,146.0,5.126584500860283,8.0,5.0,3.0
smd,Full Data,method_retrained,1.0,0.3,42,0.999,0.6825169370276464,0.38725065047701646,0.3314773570898292,0.3572,0.054799301919720766,0.9452006980802792,0.625,195.6,232.0,63.0,2.212156325713684,8.0,5.0,3.0
smd,Full Data,fixed_full_data,1.0,0.3,42,0.95,0.4815419774619354,0.24717789022966136,0.9428359317000743,0.39167309175019277,0.30001939111886755,0.6999806088811324,1.0,0.125,0.0,1259.0,44.20801292180203,8.0,8.0,0.0
smd,Full Data,fixed_full_data,1.0,0.3,42,0.975,0.5252108533272932,0.29676340981613736,0.7249443207126949,0.4211320754716981,0.17948419623812295,0.820515803761877,1.0,2.625,0.0,393.0,13.79964184135679,8.0,8.0,0.0
smd,Full Data,fixed_full_data,1.0,0.3,42,0.99,0.5828796373982275,0.3257103257103257,0.5233853006681515,0.40153780435711234,0.11320535194880745,0.8867946480511926,1.0,4.25,0.0,247.0,8.673057340496506,8.0,8.0,0.0
smd,Full Data,fixed_full_data,1.0,0.3,42,0.995,0.6173287990634742,0.3501041976778803,0.4365256124721604,0.38856765240376673,0.0846616249757611,0.9153383750242389,0.625,23.0,27.0,146.0,5.126584500860283,8.0,5.0,3.0
smd,Full Data,fixed_full_data,1.0,0.3,42,0.999,0.6825169370276464,0.38725065047701646,0.3314773570898292,0.3572,0.054799301919720766,0.9452006980802792,0.625,195.6,232.0,63.0,2.212156325713684,8.0,5.0,3.0
smd,PCA-Triage,method_retrained,0.3,0.3,123,0.95,0.4790450704459203,0.2388223461643961,0.9695619896065331,0.38324407600322796,0.3228621291448517,0.6771378708551483,1.0,0.25,0.0,722.0,25.352013764528248,8.0,8.0,0.0
smd,PCA-Triage,method_retrained,0.3,0.3,123,0.975,0.5148089350793508,0.29712858926342073,0.7951002227171492,0.4325961829748561,0.19650959860383943,0.8034904013961606,0.875,1.7142857142857142,1.0,356.0,12.500438919905896,8.0,7.0,1.0
smd,PCA-Triage,method_retrained,0.3,0.3,123,0.99,0.5693396244904112,0.32453547297297297,0.5705270972531552,0.41372812920592195,0.12406437851464029,0.8759356214853597,0.625,23.4,5.0,149.0,5.23192527827522,8.0,5.0,3.0
smd,PCA-Triage,method_retrained,0.3,0.3,123,0.995,0.6085217558986887,0.3360177728408775,0.4491462509279881,0.38443208895949166,0.09272833042466551,0.9072716695753344,0.625,74.4,70.0,78.0,2.7388602127883703,8.0,5.0,3.0
smd,PCA-Triage,method_retrained,0.3,0.3,123,0.999,0.6768824064222467,0.36667979519495864,0.34558277654046027,0.35581884196445634,0.06236183827806865,0.9376381617219314,0.625,343.8,315.0,31.0,1.088521366621019,8.0,5.0,3.0
smd,PCA-Triage,fixed_full_data,0.3,0.3,123,0.95,0.4864773503283707,0.23838921075125843,0.9317000742390498,0.3796415336912955,0.31099476439790574,0.6890052356020943,1.0,0.0,0.0,577.0,20.26054285613961,8.0,8.0,0.0
smd,PCA-Triage,fixed_full_data,0.3,0.3,123,0.975,0.5297092883892486,0.2842357882105895,0.7034149962880475,0.40487127443649185,0.18506883847197983,0.8149311615280201,1.0,13.75,1.0,244.0,8.56771656308157,8.0,8.0,0.0
smd,PCA-Triage,fixed_full_data,0.3,0.3,123,0.99,0.5830036603087762,0.3094746501491168,0.5007423904974017,0.38253225577768324,0.11673453558270312,0.8832654644172969,0.625,40.4,16.0,146.0,5.126584500860283,8.0,5.0,3.0
smd,PCA-Triage,fixed_full_data,0.3,0.3,123,0.995,0.6148783032911944,0.3257749712973594,0.42130660727542685,0.36743282615733247,0.09109947643979058,0.9089005235602095,0.625,83.0,70.0,80.0,2.8090873977316617,8.0,5.0,3.0
smd,PCA-Triage,fixed_full_data,0.3,0.3,123,0.999,0.6990999733654096,0.3796768707482993,0.3314773570898292,0.35394371779627426,0.05658328485553617,0.9434167151444638,0.625,351.6,320.0,39.0,1.3694301063941852,8.0,5.0,3.0
smd,Variance,method_retrained,0.3,0.3,123,0.95,0.4754901071823215,0.27120041215868107,0.9769858945805494,0.4245503669650778,0.27430676750048477,0.7256932324995152,1.0,0.0,0.0,965.0,33.884616735138174,8.0,8.0,0.0
smd,Variance,method_retrained,0.3,0.3,123,0.975,0.5194018119263422,0.3131649992059711,0.7319970304380103,0.4386608831053275,0.16773317820438238,0.8322668217956176,1.0,1.25,0.0,333.0,11.692826293058042,8.0,8.0,0.0
smd,Variance,method_retrained,0.3,0.3,123,0.99,0.5778132000369663,0.34240963855421686,0.5274684484038604,0.4152542372881356,0.10583672677913515,0.8941632732208649,0.75,15.333333333333334,5.0,169.0,5.934197127708136,8.0,6.0,2.0
smd,Variance,method_retrained,0.3,0.3,123,0.995,0.6048789136158443,0.35573348584501,0.4617668893838159,0.4018736876110483,0.08737638161721932,0.9126236183827807,0.75,27.666666666666668,6.0,115.0,4.038063134239264,8.0,6.0,2.0
smd,Variance,method_retrained,0.3,0.3,123,0.999,0.6675163094707227,0.37977707006369427,0.35412026726057905,0.36650019208605455,0.06042272639131278,0.9395772736086873,0.625,146.2,119.0,39.0,1.3694301063941852,8.0,5.0,3.0
smd,Variance,fixed_full_data,0.3,0.3,123,0.95,0.4864773503283707,0.22879057150874568,0.9079435783221975,0.3654837504669406,0.3197595501260423,0.6802404498739577,1.0,0.0,0.0,967.0,33.954843920081466,8.0,8.0,0.0
smd,Variance,fixed_full_data,0.3,0.3,123,0.975,0.5297092883892486,0.27461526968474526,0.682256867112101,0.3916054117396399,0.18828776420399457,0.8117122357960054,1.0,2.5,0.0,320.0,11.236349590926647,8.0,8.0,0.0
smd,Variance,fixed_full_data,0.3,0.3,123,0.99,0.5830036603087762,0.3151392632524708,0.5207869339272457,0.39266722642037505,0.1182470428543727,0.8817529571456273,0.75,27.666666666666668,6.0,187.0,6.56624179219776,8.0,6.0,2.0
smd,Variance,fixed_full_data,0.3,0.3,123,0.995,0.6148783032911944,0.3352065186850239,0.44283593170007424,0.38157684311530465,0.09175877448128757,0.9082412255187124,0.625,69.4,67.0,89.0,3.125109729976474,8.0,5.0,3.0
smd,Variance,fixed_full_data,0.3,0.3,123,0.999,0.6990999733654096,0.3804582792909641,0.3266518188567186,0.35150788895546237,0.055574946674423115,0.9444250533255769,0.625,314.4,308.0,46.0,1.6152252536957057,8.0,5.0,3.0
smd,Threshold,method_retrained,0.3,0.3,123,0.95,0.4707713623465182,0.2554945054945055,0.9665924276169265,0.40415955300325934,0.2942796199340702,0.7057203800659299,1.0,1.5,0.0,721.0,25.316900172056602,8.0,8.0,0.0
smd,Threshold,method_retrained,0.3,0.3,123,0.975,0.5181038646011855,0.31094602789569437,0.7613214550853749,0.44155005382131324,0.1762652705061082,0.8237347294938918,1.0,2.125,0.0,233.0,8.181467045893465,8.0,8.0,0.0
smd,Threshold,method_retrained,0.3,0.3,123,0.99,0.5825491391107173,0.3259433962264151,0.5129918337045286,0.398615517738679,0.11083963544696529,0.8891603645530347,0.75,41.833333333333336,25.5,147.0,5.161698093331929,8.0,6.0,2.0
smd,Threshold,method_retrained,0.3,0.3,123,0.995,0.6079669622831649,0.33861386138613864,0.4443207126948775,0.3843313533472468,0.09067287182470428,0.9093271281752957,0.625,71.0,60.0,102.0,3.5815864321078688,8.0,5.0,3.0
smd,Threshold,method_retrained,0.3,0.3,123,0.999,0.6708182467242401,0.36554276315789475,0.32999257609502597,0.3468591494342567,0.059840992825286016,0.940159007174714,0.625,230.4,233.0,39.0,1.3694301063941852,8.0,5.0,3.0
smd,Threshold,fixed_full_data,0.3,0.3,123,0.95,0.4864773503283707,0.22888079902921685,0.9101707498144024,0.365779070634743,0.32038006592980417,0.6796199340701958,1.0,1.75,0.0,736.0,25.84360405913129,8.0,8.0,0.0
smd,Threshold,fixed_full_data,0.3,0.3,123,0.975,0.5297092883892486,0.2761890866647213,0.7026726057906458,0.39652283200670296,0.192398681403917,0.807601318596083,1.0,2.125,0.0,285.0,10.007373854419045,8.0,8.0,0.0
smd,Threshold,fixed_full_data,0.3,0.3,123,0.99,0.5830036603087762,0.30017490161783994,0.5096510764662212,0.3778205833791965,0.12414194299011053,0.8758580570098895,0.75,50.333333333333336,47.5,145.0,5.091470908388637,8.0,6.0,2.0
smd,Threshold,fixed_full_data,0.3,0.3,123,0.995,0.6148783032911944,0.31340828077872224,0.4242761692650334,0.3605109604163381,0.09711072328873376,0.9028892767112663,0.625,100.4,67.0,101.0,3.5464728396362233,8.0,5.0,3.0
smd,Threshold,fixed_full_data,0.3,0.3,123,0.999,0.6990999733654096,0.37009263343625937,0.31143281365998515,0.33823825841564203,0.05538103548574753,0.9446189645142524,0.625,348.6,327.0,38.0,1.3343165139225395,8.0,5.0,3.0
smd,Uniform,method_retrained,0.3,0.3,123,0.95,0.47057510736424046,0.2369510439164867,0.9773570898292502,0.3814283644792119,0.3288345937560597,0.6711654062439403,1.0,0.0,0.0,625.0,21.94599529477861,8.0,8.0,0.0
smd,Uniform,method_retrained,0.3,0.3,123,0.975,0.5089796948480882,0.309874826147427,0.8270230141054195,0.4508296236341562,0.19243746364165212,0.8075625363583478,1.0,0.0,0.0,285.0,10.007373854419045,8.0,8.0,0.0
smd,Uniform,method_retrained,0.3,0.3,123,0.99,0.5649313226842247,0.32608695652173914,0.5456570155902004,0.4082199389058595,0.11782043823928641,0.8821795617607135,1.0,3.625,0.0,130.0,4.56476702131395,8.0,8.0,0.0
smd,Uniform,method_retrained,0.3,0.3,123,0.995,0.6020149408906672,0.3361774744027304,0.43875278396436523,0.38067632850241545,0.09051774287376381,0.9094822571262362,0.625,43.2,28.0,67.0,2.352610695600267,8.0,5.0,3.0
smd,Uniform,method_retrained,0.3,0.3,123,0.999,0.6838240364668866,0.3728251864125932,0.33407572383073497,0.3523884103367267,0.05871630793096762,0.9412836920690324,0.625,350.4,317.0,34.0,1.1938621440359563,8.0,5.0,3.0
smd,Uniform,fixed_full_data,0.3,0.3,123,0.95,0.4864773503283707,0.23523845571536714,0.9227913882702301,0.3749057457397074,0.31343804537521813,0.6865619546247819,1.0,0.0,0.0,530.0,18.61020400997226,8.0,8.0,0.0
smd,Uniform,fixed_full_data,0.3,0.3,123,0.975,0.5297092883892486,0.28403511382234786,0.708611729769859,0.4055231014338821,0.18662012798138453,0.8133798720186155,1.0,3.5,0.0,201.0,7.057832086800801,8.0,8.0,0.0
smd,Uniform,fixed_full_data,0.3,0.3,123,0.99,0.5830036603087762,0.30792124542124544,0.49925760950259834,0.38091192296799775,0.11723870467325964,0.8827612953267403,0.875,11.428571428571429,5.0,139.0,4.880789353558763,8.0,7.0,1.0
smd,Uniform,fixed_full_data,0.3,0.3,123,0.995,0.6148783032911944,0.32548118356794026,0.42056421677802525,0.36696356275303643,0.09106069420205545,0.9089393057979446,0.625,108.0,77.0,69.0,2.4228378805435584,8.0,5.0,3.0
smd,Uniform,fixed_full_data,0.3,0.3,123,0.999,0.6990999733654096,0.3761194029850746,0.3273942093541203,0.35006945822583846,0.05673841380647664,0.9432615861935234,0.625,357.8,321.0,35.0,1.2289757365076022,8.0,5.0,3.0
smd,Full Data,method_retrained,1.0,0.3,123,0.95,0.4864773503283707,0.2327237728585178,0.8975501113585747,0.36961173952919596,0.30917199922435523,0.6908280007756448,1.0,0.125,0.0,1202.0,42.20653815091822,8.0,8.0,0.0
smd,Full Data,method_retrained,1.0,0.3,123,0.975,0.5297092883892486,0.27489860297431273,0.6792873051224945,0.3914019890920757,0.18720186154741128,0.8127981384525887,1.0,1.0,0.0,454.0,15.941570982127182,8.0,8.0,0.0
smd,Full Data,method_retrained,1.0,0.3,123,0.99,0.5830036603087762,0.324373164671335,0.5330363771343727,0.4033141412722932,0.1159976730657359,0.8840023269342641,0.75,5.666666666666667,0.5,280.0,9.831805892060817,8.0,6.0,2.0
smd,Full Data,method_retrained,1.0,0.3,123,0.995,0.6148783032911944,0.34108744394618834,0.45174461766889384,0.3886937080804855,0.09117704091526081,0.9088229590847392,0.625,25.0,27.0,162.0,5.688401980406615,8.0,5.0,3.0
smd,Full Data,method_retrained,1.0,0.3,123,0.999,0.6990999733654096,0.37736642827092975,0.33296213808463254,0.35377637546834945,0.057397711847973626,0.9426022881520264,0.625,306.2,308.0,68.0,2.3877242880719125,8.0,5.0,3.0
smd,Full Data,fixed_full_data,1.0,0.3,123,0.95,0.4864773503283707,0.2327237728585178,0.8975501113585747,0.36961173952919596,0.30917199922435523,0.6908280007756448,1.0,0.125,0.0,1202.0,42.20653815091822,8.0,8.0,0.0
smd,Full Data,fixed_full_data,1.0,0.3,123,0.975,0.5297092883892486,0.27489860297431273,0.6792873051224945,0.3914019890920757,0.18720186154741128,0.8127981384525887,1.0,1.0,0.0,454.0,15.941570982127182,8.0,8.0,0.0
smd,Full Data,fixed_full_data,1.0,0.3,123,0.99,0.5830036603087762,0.324373164671335,0.5330363771343727,0.4033141412722932,0.1159976730657359,0.8840023269342641,0.75,5.666666666666667,0.5,280.0,9.831805892060817,8.0,6.0,2.0
smd,Full Data,fixed_full_data,1.0,0.3,123,0.995,0.6148783032911944,0.34108744394618834,0.45174461766889384,0.3886937080804855,0.09117704091526081,0.9088229590847392,0.625,25.0,27.0,162.0,5.688401980406615,8.0,5.0,3.0
smd,Full Data,fixed_full_data,1.0,0.3,123,0.999,0.6990999733654096,0.37736642827092975,0.33296213808463254,0.35377637546834945,0.057397711847973626,0.9426022881520264,0.625,306.2,308.0,68.0,2.3877242880719125,8.0,5.0,3.0
smd,PCA-Triage,method_retrained,0.3,0.3,456,0.95,0.48149810614333227,0.23521658905192866,0.9936896807720861,0.38039076376554176,0.33756059724646115,0.6624394027535389,1.0,0.0,0.0,567.0,19.909406931423153,8.0,8.0,0.0
smd,PCA-Triage,method_retrained,0.3,0.3,456,0.975,0.5254127884776365,0.3162313432835821,0.8808463251670379,0.46538536968032945,0.19899166181888694,0.801008338181113,0.875,0.14285714285714285,0.0,245.0,8.602830155553214,8.0,7.0,1.0
smd,PCA-Triage,method_retrained,0.3,0.3,456,0.99,0.5776361895049142,0.3226465182764958,0.5864884929472903,0.4162824397312607,0.12864068256738415,0.8713593174326159,0.875,7.571428571428571,3.0,164.0,5.758629165349907,8.0,7.0,1.0
smd,PCA-Triage,method_retrained,0.3,0.3,456,0.995,0.6110401930227556,0.33013435700575816,0.44691907943578324,0.37975082794511905,0.0947450067868916,0.9052549932131084,0.625,85.2,61.0,108.0,3.792267986937744,8.0,5.0,3.0
smd,PCA-Triage,method_retrained,0.3,0.3,456,0.999,0.6761515855807422,0.3687600644122383,0.340014847809948,0.3538045577443028,0.06081054876866395,0.939189451231336,0.625,336.6,315.0,32.0,1.1236349590926649,8.0,5.0,3.0
smd,PCA-Triage,fixed_full_data,0.3,0.3,456,0.95,0.4779888130611488,0.23152794601142065,0.9933184855233853,0.37552624193095707,0.344463835563312,0.655536164436688,1.0,0.0,0.0,693.0,24.33371958285052,8.0,8.0,0.0
smd,PCA-Triage,fixed_full_data,0.3,0.3,456,0.975,0.5240515418328757,0.32413216227519864,0.8630289532293987,0.47126786257221037,0.18801628853984875,0.8119837114601512,0.875,0.14285714285714285,0.0,222.0,7.795217528705362,8.0,7.0,1.0
smd,PCA-Triage,fixed_full_data,0.3,0.3,456,0.99,0.5855605530841695,0.3108952116585704,0.49888641425389757,0.3830696879008123,0.11553228621291449,0.8844677137870856,0.625,52.0,40.0,143.0,5.0212437234453455,8.0,5.0,3.0
smd,PCA-Triage,fixed_full_data,0.3,0.3,456,0.995,0.6234335595848206,0.3259103219981944,0.40200445434298443,0.3599800565065647,0.08687221252666279,0.9131277874733372,0.625,197.8,247.0,65.0,2.282383510656975,8.0,5.0,3.0
smd,PCA-Triage,fixed_full_data,0.3,0.3,456,0.999,0.6893914472102501,0.37254901960784315,0.33853006681514475,0.3547257876312719,0.0595695171611402,0.9404304828388598,0.625,349.6,315.0,46.0,1.6152252536957057,8.0,5.0,3.0
smd,Variance,method_retrained,0.3,0.3,456,0.95,0.47714119428327034,0.19796726702040207,0.9832962138084632,0.3295800933125972,0.41621097537327906,0.583789024626721,1.0,0.375,0.0,914.0,32.09382351908424,8.0,8.0,0.0
smd,Variance,method_retrained,0.3,0.3,456,0.975,0.517752953909989,0.26822363765038926,0.844097995545657,0.4070891514500537,0.24060500290866782,0.7593949970913322,1.0,1.125,0.0,526.0,18.469749640085677,8.0,8.0,0.0
smd,Variance,method_retrained,0.3,0.3,456,0.99,0.575636028027962,0.30776775205963125,0.5824053452115813,0.4027207392197125,0.136862516967229,0.8631374830327709,0.75,17.833333333333332,0.5,200.0,7.022718494329155,8.0,6.0,2.0
smd,Variance,method_retrained,0.3,0.3,456,0.995,0.610584516892343,0.3345323741007194,0.48329621380846327,0.39538414819313694,0.10044599573395385,0.8995540042660461,0.625,38.2,35.0,144.0,5.0563573159169914,8.0,5.0,3.0
smd,Variance,method_retrained,0.3,0.3,456,0.999,0.682809578892085,0.36844166014095536,0.34929472902746844,0.3586128048780488,0.06255574946674423,0.9374442505332558,0.625,171.8,138.0,36.0,1.2640893289792479,8.0,5.0,3.0
smd,Variance,fixed_full_data,0.3,0.3,456,0.95,0.4779888130611488,0.23108808290155441,0.9933184855233853,0.37494745691467,0.3453170447934846,0.6546829552065154,1.0,0.375,0.0,1063.0,37.32574879735946,8.0,8.0,0.0
smd,Variance,fixed_full_data,0.3,0.3,456,0.975,0.5240515418328757,0.3162022125752696,0.838158871566444,0.4591764107778343,0.18937366686057786,0.8106263331394221,1.0,1.875,0.0,357.0,12.535552512377542,8.0,8.0,0.0
smd,Variance,fixed_full_data,0.3,0.3,456,0.99,0.5855605530841695,0.32142857142857145,0.5178173719376392,0.3966448677850441,0.1142136901299205,0.8857863098700796,0.625,28.8,35.0,182.0,6.390673829839531,8.0,5.0,3.0
smd,Variance,fixed_full_data,0.3,0.3,456,0.995,0.6234335595848206,0.33648449039881834,0.42279138827023016,0.37473268629708834,0.08710490595307349,0.9128950940469265,0.625,76.2,61.0,95.0,3.3357912848063487,8.0,5.0,3.0
smd,Variance,fixed_full_data,0.3,0.3,456,0.999,0.6893914472102501,0.3716490658001625,0.33964365256124723,0.3549262994569434,0.059996121776226485,0.9400038782237735,0.625,294.8,313.0,45.0,1.5801116612240598,8.0,5.0,3.0
smd,Threshold,method_retrained,0.3,0.3,456,0.95,0.47379428746578284,0.2321948636483982,0.9766146993318485,0.37518716577540107,0.33740546829552065,0.6625945317044794,1.0,1.125,0.0,729.0,25.59780891182977,8.0,8.0,0.0
smd,Threshold,method_retrained,0.3,0.3,456,0.975,0.5169913873761816,0.2935007589347316,0.7895322939866369,0.42792475606075847,0.19856505720380066,0.8014349427961993,1.0,3.5,0.0,316.0,11.095895221040065,8.0,8.0,0.0
smd,Threshold,method_retrained,0.3,0.3,456,0.99,0.5838763132913658,0.2988298829882988,0.4929472902746845,0.37209302325581395,0.12084545278262555,0.8791545472173744,0.875,28.285714285714285,1.0,152.0,5.337266055690158,8.0,7.0,1.0
smd,Threshold,method_retrained,0.3,0.3,456,0.995,0.6200647601776051,0.3205052878965922,0.40497401633259095,0.3578222367989505,0.08970331588132635,0.9102966841186736,0.625,90.6,49.0,96.0,3.370904877277994,8.0,5.0,3.0
smd,Threshold,method_retrained,0.3,0.3,456,0.999,0.6834133879714213,0.36276083467094705,0.33556050482553823,0.348630929425376,0.0615861935233663,0.9384138064766337,0.625,349.8,322.0,45.0,1.5801116612240598,8.0,5.0,3.0
smd,Threshold,fixed_full_data,0.3,0.3,456,0.95,0.4779888130611488,0.2221290160221458,0.9829250185597624,0.3623674307218611,0.35962769051774285,0.6403723094822571,1.0,1.125,0.0,875.0,30.724393412690052,8.0,8.0,0.0
smd,Threshold,fixed_full_data,0.3,0.3,456,0.975,0.5240515418328757,0.31890784982935155,0.8671121009651076,0.4663140033935522,0.1934845840605003,0.8065154159394997,1.0,3.375,0.0,322.0,11.306576775869939,8.0,8.0,0.0
smd,Threshold,fixed_full_data,0.3,0.3,456,0.99,0.5855605530841695,0.3079693831607384,0.5077951002227171,0.3834080717488789,0.11921659879775064,0.8807834012022494,0.625,46.0,49.0,149.0,5.23192527827522,8.0,5.0,3.0
smd,Threshold,fixed_full_data,0.3,0.3,456,0.995,0.6234335595848206,0.3189125986553639,0.40497401633259095,0.35682747342600163,0.09036261392282335,0.9096373860771767,0.625,140.8,121.0,89.0,3.125109729976474,8.0,5.0,3.0
smd,Threshold,fixed_full_data,0.3,0.3,456,0.999,0.6893914472102501,0.36791264174716504,0.32516703786191536,0.3452216748768473,0.05836726779135156,0.9416327322086484,0.625,316.4,313.0,37.0,1.2992029214508936,8.0,5.0,3.0
smd,Uniform,method_retrained,0.3,0.3,456,0.95,0.47437555437380285,0.22819767441860464,0.9907201187824796,0.37095205003474635,0.35008726003490404,0.649912739965096,1.0,0.0,0.0,601.0,21.10326907545911,8.0,8.0,0.0
smd,Uniform,method_retrained,0.3,0.3,456,0.975,0.5213635913694332,0.30672559038806796,0.8244246473645137,0.44710619023653747,0.19468683343028892,0.8053131665697111,1.0,0.125,0.0,222.0,7.795217528705362,8.0,8.0,0.0
smd,Uniform,method_retrained,0.3,0.3,456,0.99,0.5829924843599048,0.3117168608485381,0.526354862657758,0.3915504625155322,0.12142718634865232,0.8785728136513477,0.75,17.833333333333332,14.0,119.0,4.178517504125847,8.0,6.0,2.0
smd,Uniform,method_retrained,0.3,0.3,456,0.995,0.615579755298773,0.32952598515134207,0.42835931700074237,0.3724983860555197,0.09106069420205545,0.9089393057979446,0.625,67.0,61.0,72.0,2.5281786579584957,8.0,5.0,3.0
smd,Uniform,method_retrained,0.3,0.3,456,0.999,0.6810755666902877,0.3690671031096563,0.3348181143281366,0.35110938108213313,0.0598022105875509,0.9401977894124491,0.625,312.0,309.0,38.0,1.3343165139225395,8.0,5.0,3.0
smd,Uniform,fixed_full_data,0.3,0.3,456,0.95,0.4779888130611488,0.23111534135156184,0.9914625092798812,0.3748508876570065,0.34461896451425245,0.6553810354857476,1.0,0.0,0.0,622.0,21.84065451736367,8.0,8.0,0.0
smd,Uniform,fixed_full_data,0.3,0.3,456,0.975,0.5240515418328757,0.3262806236080178,0.8700816629547142,0.47458999797529866,0.1877060306379678,0.8122939693620322,1.0,0.125,0.0,215.0,7.549422381403842,8.0,8.0,0.0
smd,Uniform,fixed_full_data,0.3,0.3,456,0.99,0.5855605530841695,0.3215271389144434,0.5189309576837416,0.397046293666572,0.11440760131859608,0.8855923986814039,0.625,33.6,29.0,125.0,4.389199058955722,8.0,5.0,3.0
smd,Uniform,fixed_full_data,0.3,0.3,456,0.995,0.6234335595848206,0.3303411131059246,0.40979955456570155,0.3658051689860835,0.08679464805119255,0.9132053519488075,0.625,83.8,84.0,65.0,2.282383510656975,8.0,5.0,3.0
smd,Uniform,fixed_full_data,0.3,0.3,456,0.999,0.6893914472102501,0.37304204451772466,0.33593170007423906,0.353515625,0.05898778359511344,0.9410122164048865,0.625,350.6,315.0,37.0,1.2992029214508936,8.0,5.0,3.0
smd,Full Data,method_retrained,1.0,0.3,456,0.95,0.4779888130611488,0.23462997265590543,0.9873793615441723,0.37916043047537595,0.33651347682761296,0.6634865231723871,1.0,0.0,0.0,1281.0,44.98051195617823,8.0,8.0,0.0
smd,Full Data,method_retrained,1.0,0.3,456,0.975,0.5240515418328757,0.3161371942648299,0.8348181143281366,0.458605220228385,0.18867558658134576,0.8113244134186542,1.0,1.0,0.0,481.0,16.889637978861618,8.0,8.0,0.0
smd,Full Data,method_retrained,1.0,0.3,456,0.99,0.5855605530841695,0.32913421896472744,0.5334075723830735,0.40708215297450423,0.11359317432615862,0.8864068256738413,0.75,5.666666666666667,0.5,262.0,9.199761227571193,8.0,6.0,2.0
smd,Full Data,method_retrained,1.0,0.3,456,0.995,0.6234335595848206,0.34263884807522776,0.4328136599851522,0.38248318845333773,0.08675586581345744,0.9132441341865426,0.625,23.0,27.0,145.0,5.091470908388637,8.0,5.0,3.0
smd,Full Data,method_retrained,1.0,0.3,456,0.999,0.6893914472102501,0.3781443298969072,0.34038604305864884,0.35827310021488573,0.05848361450455691,0.9415163854954431,0.625,304.6,307.0,88.0,3.089996137504828,8.0,5.0,3.0
smd,Full Data,fixed_full_data,1.0,0.3,456,0.95,0.4779888130611488,0.23462997265590543,0.9873793615441723,0.37916043047537595,0.33651347682761296,0.6634865231723871,1.0,0.0,0.0,1281.0,44.98051195617823,8.0,8.0,0.0
smd,Full Data,fixed_full_data,1.0,0.3,456,0.975,0.5240515418328757,0.3161371942648299,0.8348181143281366,0.458605220228385,0.18867558658134576,0.8113244134186542,1.0,1.0,0.0,481.0,16.889637978861618,8.0,8.0,0.0
smd,Full Data,fixed_full_data,1.0,0.3,456,0.99,0.5855605530841695,0.32913421896472744,0.5334075723830735,0.40708215297450423,0.11359317432615862,0.8864068256738413,0.75,5.666666666666667,0.5,262.0,9.199761227571193,8.0,6.0,2.0
smd,Full Data,fixed_full_data,1.0,0.3,456,0.995,0.6234335595848206,0.34263884807522776,0.4328136599851522,0.38248318845333773,0.08675586581345744,0.9132441341865426,0.625,23.0,27.0,145.0,5.091470908388637,8.0,5.0,3.0
smd,Full Data,fixed_full_data,1.0,0.3,456,0.999,0.6893914472102501,0.3781443298969072,0.34038604305864884,0.35827310021488573,0.05848361450455691,0.9415163854954431,0.625,304.6,307.0,88.0,3.089996137504828,8.0,5.0,3.0
smd,PCA-Triage,method_retrained,0.3,0.3,789,0.95,0.4775406040131773,0.2618661257606491,0.9584261321455085,0.4113429982475705,0.2822571262361838,0.7177428737638162,0.75,0.3333333333333333,0.0,661.0,23.210084623757858,8.0,6.0,2.0
smd,PCA-Triage,method_retrained,0.3,0.3,789,0.975,0.516345264383235,0.31006318384959164,0.746844840386043,0.4382010236306218,0.17362807834012023,0.8263719216598798,0.625,6.4,4.0,213.0,7.47919519646055,8.0,5.0,3.0
smd,PCA-Triage,method_retrained,0.3,0.3,789,0.99,0.5740980147658982,0.325515947467167,0.5152190051967335,0.3989652198907732,0.1115377157261974,0.8884622842738026,0.625,40.2,28.0,146.0,5.126584500860283,8.0,5.0,3.0
smd,PCA-Triage,method_retrained,0.3,0.3,789,0.995,0.6101836269842282,0.33143371325734855,0.4101707498144024,0.3666224286662243,0.0864456079115765,0.9135543920884235,0.625,66.6,61.0,75.0,2.633519435373433,8.0,5.0,3.0
smd,PCA-Triage,method_retrained,0.3,0.3,789,0.999,0.6865628279662758,0.38056155507559397,0.32702301410541945,0.3517668197244959,0.05561372891215823,0.9443862710878418,0.625,354.2,328.0,39.0,1.3694301063941852,8.0,5.0,3.0
smd,PCA-Triage,fixed_full_data,0.3,0.3,789,0.95,0.4798697739151712,0.26295180722891565,0.9721603563474388,0.4139402560455192,0.2847004072134962,0.7152995927865038,0.75,0.16666666666666666,0.0,666.0,23.385652586116084,8.0,6.0,2.0
smd,PCA-Triage,fixed_full_data,0.3,0.3,789,0.975,0.5170722019765318,0.3266159128228094,0.8121752041573868,0.46587884594911105,0.1749466744231142,0.8250533255768858,0.625,1.6,1.0,268.0,9.410442782401068,8.0,5.0,3.0
smd,PCA-Triage,fixed_full_data,0.3,0.3,789,0.99,0.5714888648892734,0.3474515434314429,0.5389755011135857,0.4225229157573112,0.10575916230366492,0.8942408376963351,0.625,26.8,26.0,144.0,5.0563573159169914,8.0,5.0,3.0
smd,PCA-Triage,fixed_full_data,0.3,0.3,789,0.995,0.6096981420888973,0.3394105135217259,0.41462509279881216,0.3732664995822891,0.08431258483614505,0.915687415163855,0.625,114.2,92.0,61.0,2.1419291407703924,8.0,5.0,3.0
smd,PCA-Triage,fixed_full_data,0.3,0.3,789,0.999,0.6804889240789177,0.38095238095238093,0.3325909428359317,0.35513277843836705,0.056466938142330815,0.9435330618576692,0.625,351.8,316.0,47.0,1.6503388461673514,8.0,5.0,3.0
smd,Variance,method_retrained,0.3,0.3,789,0.95,0.4805186824460423,0.26252604425042164,0.9821826280623608,0.4143114381899319,0.28826837308512704,0.711731626914873,1.0,0.0,0.0,817.0,28.687805049334596,8.0,8.0,0.0
smd,Variance,method_retrained,0.3,0.3,789,0.975,0.5179917417504598,0.3091990713871155,0.7910170749814402,0.44460671813060715,0.18464223385689355,0.8153577661431065,0.75,2.0,0.5,257.0,9.024193265212963,8.0,6.0,2.0
smd,Variance,method_retrained,0.3,0.3,789,0.99,0.5840978240645113,0.3358156853618804,0.5356347438752784,0.4128164783292805,0.11068450649602482,0.8893154935039752,0.625,39.2,52.0,146.0,5.126584500860283,8.0,5.0,3.0
smd,Variance,method_retrained,0.3,0.3,789,0.995,0.6238310536719924,0.3490566037735849,0.4257609502598367,0.38361204013377925,0.08295520651541594,0.917044793484584,0.625,96.6,112.0,66.0,2.317497103128621,8.0,5.0,3.0
smd,Variance,method_retrained,0.3,0.3,789,0.999,0.6778727037969661,0.36979369404437523,0.3526354862657758,0.36101083032490977,0.06278844289315494,0.9372115571068451,0.625,239.2,293.0,39.0,1.3694301063941852,8.0,5.0,3.0
smd,Variance,fixed_full_data,0.3,0.3,789,0.95,0.4798697739151712,0.2609920515142368,0.9628804751299184,0.41067046623921477,0.2848555361644367,0.7151444638355633,1.0,0.0,0.0,923.0,32.40984585132905,8.0,8.0,0.0
smd,Variance,fixed_full_data,0.3,0.3,789,0.975,0.5170722019765318,0.30935575912299146,0.7646622123236823,0.44050037421148297,0.17835951134380454,0.8216404886561954,0.875,3.0,0.0,322.0,11.306576775869939,8.0,7.0,1.0
smd,Variance,fixed_full_data,0.3,0.3,789,0.99,0.5714888648892734,0.3481269386781198,0.5415738678544915,0.42381989832970224,0.10595307349234051,0.8940469265076595,0.625,33.2,34.0,160.0,5.618174795463323,8.0,5.0,3.0
smd,Variance,fixed_full_data,0.3,0.3,789,0.995,0.6096981420888973,0.3551373954599761,0.441351150705271,0.39357828533598144,0.08373085127011828,0.9162691487298817,0.625,60.4,58.0,71.0,2.49306506548685,8.0,5.0,3.0
smd,Variance,fixed_full_data,0.3,0.3,789,0.999,0.6804889240789177,0.380669775328529,0.3333333333333333,0.3554324163863052,0.0566608493310064,0.9433391506689937,0.625,269.6,293.0,36.0,1.2640893289792479,8.0,5.0,3.0
smd,Threshold,method_retrained,0.3,0.3,789,0.95,0.4802924427617924,0.24827255278310942,0.9602821083890126,0.3945401860606985,0.30378126817917395,0.696218731820826,1.0,0.0,0.0,684.0,24.01769725060571,8.0,8.0,0.0
smd,Threshold,method_retrained,0.3,0.3,789,0.975,0.5239543732083242,0.2993508409560342,0.753155159613957,0.4284206081081081,0.18417684700407214,0.8158231529959279,1.0,1.0,0.0,264.0,9.269988412514484,8.0,8.0,0.0
smd,Threshold,method_retrained,0.3,0.3,789,0.99,0.5879054330344978,0.31802604523646333,0.5167037861915368,0.39372083156554943,0.1157649796393252,0.8842350203606748,0.75,31.333333333333332,24.0,124.0,4.354085466484076,8.0,6.0,2.0
smd,Threshold,method_retrained,0.3,0.3,789,0.995,0.6268897866559325,0.32629727352682497,0.4131403118040089,0.3646191646191646,0.0891215823152996,0.9108784176847005,0.625,137.8,119.0,72.0,2.5281786579584957,8.0,5.0,3.0
smd,Threshold,method_retrained,0.3,0.3,789,0.999,0.6813478057363528,0.3580097087378641,0.3285077951002227,0.3426248548199768,0.06154741128563118,0.9384525887143689,0.625,354.8,327.0,40.0,1.4045436988658309,8.0,5.0,3.0
smd,Threshold,fixed_full_data,0.3,0.3,789,0.95,0.4798697739151712,0.25386421443944435,0.9632516703786191,0.40182719108083,0.2957921272057398,0.7042078727942602,1.0,0.0,0.0,750.0,26.33519435373433,8.0,8.0,0.0
smd,Threshold,fixed_full_data,0.3,0.3,789,0.975,0.5170722019765318,0.30494704772958076,0.7802524127691166,0.4385104829456556,0.18580570098894705,0.8141942990110529,1.0,1.0,0.0,288.0,10.112714631833983,8.0,8.0,0.0
smd,Threshold,fixed_full_data,0.3,0.3,789,0.99,0.5714888648892734,0.3302238805970149,0.5256124721603563,0.4056144371240332,0.11138258677525693,0.8886174132247431,0.875,12.0,0.0,138.0,4.845675761087117,8.0,7.0,1.0
smd,Threshold,fixed_full_data,0.3,0.3,789,0.995,0.6096981420888973,0.338544798556825,0.4179658500371195,0.3740863787375415,0.08532092301725809,0.9146790769827419,0.625,111.2,87.0,73.0,2.5632922504301416,8.0,5.0,3.0
smd,Threshold,fixed_full_data,0.3,0.3,789,0.999,0.6804889240789177,0.3717277486910995,0.31625835189309576,0.3417569193742479,0.055846422338568937,0.944153577661431,0.625,365.6,332.0,36.0,1.2640893289792479,8.0,5.0,3.0
smd,Uniform,method_retrained,0.3,0.3,789,0.95,0.47593073118171914,0.24,0.9755011135857461,0.38522427440633245,0.3227457824316463,0.6772542175683537,1.0,0.125,0.0,584.0,20.506338003441133,8.0,8.0,0.0
smd,Uniform,method_retrained,0.3,0.3,789,0.975,0.5140202740143274,0.30399029387975196,0.8370452858203415,0.44600474683544306,0.2002326934264107,0.7997673065735893,1.0,0.375,0.0,246.0,8.63794374802486,8.0,8.0,0.0
smd,Uniform,method_retrained,0.3,0.3,789,0.99,0.5704921848816038,0.33569587628865977,0.5801781737193764,0.4253061224489796,0.11995346131471786,0.8800465386852822,0.625,15.2,7.0,106.0,3.722040801994452,8.0,5.0,3.0
smd,Uniform,method_retrained,0.3,0.3,789,0.995,0.6193666639225419,0.3354622871046229,0.4094283593170007,0.3687729856235373,0.08473918945123134,0.9152608105487686,0.625,73.6,61.0,48.0,1.685452438638997,8.0,5.0,3.0
smd,Uniform,method_retrained,0.3,0.3,789,0.999,0.6860718709597283,0.38377007607776836,0.3370452858203415,0.35889328063241105,0.05654450261780105,0.9434554973821989,0.625,350.2,316.0,36.0,1.2640893289792479,8.0,5.0,3.0
smd,Uniform,fixed_full_data,0.3,0.3,789,0.95,0.4798697739151712,0.26520902925397305,0.9725315515961396,0.41676608605742466,0.2815202637192166,0.7184797362807834,1.0,0.125,0.0,522.0,18.329295270199093,8.0,8.0,0.0
smd,Uniform,fixed_full_data,0.3,0.3,789,0.975,0.5170722019765318,0.3244161986402601,0.8147735708982925,0.46405919661733613,0.17727360868722125,0.8227263913127787,1.0,0.375,0.0,222.0,7.795217528705362,8.0,8.0,0.0
smd,Uniform,fixed_full_data,0.3,0.3,789,0.99,0.5714888648892734,0.34411903637222485,0.5408314773570898,0.4206120092378753,0.10769827419042079,0.8923017258095792,0.625,26.2,32.0,120.0,4.213631096597493,8.0,5.0,3.0
smd,Uniform,fixed_full_data,0.3,0.3,789,0.995,0.6096981420888973,0.3382708585247884,0.4153674832962138,0.3728757080973009,0.0848943184021718,0.9151056815978282,0.625,91.4,92.0,57.0,2.001474770883809,8.0,5.0,3.0
smd,Uniform,fixed_full_data,0.3,0.3,789,0.999,0.6804889240789177,0.377326565143824,0.33110616184112845,0.3527085804665876,0.05708745394609269,0.9429125460539073,0.625,352.2,316.0,32.0,1.1236349590926649,8.0,5.0,3.0
smd,Full Data,method_retrained,1.0,0.3,789,0.95,0.4798697739151712,0.2613891726251277,0.9498886414253898,0.4099647548862544,0.2804343610626333,0.7195656389373667,1.0,0.125,0.0,1126.0,39.537905123073145,8.0,8.0,0.0
smd,Full Data,method_retrained,1.0,0.3,789,0.975,0.5170722019765318,0.3051181102362205,0.7479584261321455,0.43342654334265435,0.17797168896645335,0.8220283110335467,1.0,1.0,0.0,500.0,17.556796235822887,8.0,8.0,0.0
smd,Full Data,method_retrained,1.0,0.3,789,0.99,0.5714888648892734,0.3470629534285046,0.550482553823311,0.4257212573561074,0.1082024432809773,0.8917975567190227,1.0,4.25,0.0,242.0,8.497489378138278,8.0,8.0,0.0
smd,Full Data,method_retrained,1.0,0.3,789,0.995,0.6096981420888973,0.3620689655172414,0.4521158129175947,0.4021129085506768,0.08322668217956176,0.9167733178204382,0.625,18.0,26.0,118.0,4.143403911654201,8.0,5.0,3.0
smd,Full Data,method_retrained,1.0,0.3,789,0.999,0.6804889240789177,0.37938318546683564,0.3333333333333333,0.354870578936969,0.056971107232887334,0.9430288927671127,0.625,346.0,315.0,64.0,2.2472699181853297,8.0,5.0,3.0
smd,Full Data,fixed_full_data,1.0,0.3,789,0.95,0.4798697739151712,0.2613891726251277,0.9498886414253898,0.4099647548862544,0.2804343610626333,0.7195656389373667,1.0,0.125,0.0,1126.0,39.537905123073145,8.0,8.0,0.0
smd,Full Data,fixed_full_data,1.0,0.3,789,0.975,0.5170722019765318,0.3051181102362205,0.7479584261321455,0.43342654334265435,0.17797168896645335,0.8220283110335467,1.0,1.0,0.0,500.0,17.556796235822887,8.0,8.0,0.0
smd,Full Data,fixed_full_data,1.0,0.3,789,0.99,0.5714888648892734,0.3470629534285046,0.550482553823311,0.4257212573561074,0.1082024432809773,0.8917975567190227,1.0,4.25,0.0,242.0,8.497489378138278,8.0,8.0,0.0
smd,Full Data,fixed_full_data,1.0,0.3,789,0.995,0.6096981420888973,0.3620689655172414,0.4521158129175947,0.4021129085506768,0.08322668217956176,0.9167733178204382,0.625,18.0,26.0,118.0,4.143403911654201,8.0,5.0,3.0
smd,Full Data,fixed_full_data,1.0,0.3,789,0.999,0.6804889240789177,0.37938318546683564,0.3333333333333333,0.354870578936969,0.056971107232887334,0.9430288927671127,0.625,346.0,315.0,64.0,2.2472699181853297,8.0,5.0,3.0
smd,PCA-Triage,method_retrained,0.3,0.3,1024,0.95,0.4774267042430527,0.2611320007916089,0.979584261321455,0.41234375,0.289586969168121,0.710413030831879,1.0,0.125,0.0,607.0,21.313950630288986,8.0,8.0,0.0
smd,PCA-Triage,method_retrained,0.3,0.3,1024,0.975,0.5240169929363059,0.3292349726775956,0.8051224944320713,0.4673561732385262,0.17137870855148343,0.8286212914485166,0.75,0.3333333333333333,0.0,160.0,5.618174795463323,8.0,6.0,2.0
smd,PCA-Triage,method_retrained,0.3,0.3,1024,0.99,0.5859374697725804,0.31541482572410406,0.47698589458054935,0.37972813238770686,0.1081636610432422,0.8918363389567578,0.625,64.4,72.0,141.0,4.951016538502055,8.0,5.0,3.0
smd,PCA-Triage,method_retrained,0.3,0.3,1024,0.995,0.6177188018094167,0.32555282555282555,0.39346696362286565,0.3563025210084034,0.08516579406631762,0.9148342059336824,0.625,118.8,74.0,68.0,2.3877242880719125,8.0,5.0,3.0
smd,PCA-Triage,method_retrained,0.3,0.3,1024,0.999,0.6891057516700957,0.37851662404092073,0.32962138084632514,0.3523809523809524,0.05654450261780105,0.9434554973821989,0.625,357.4,318.0,38.0,1.3343165139225395,8.0,5.0,3.0
smd,PCA-Triage,fixed_full_data,0.3,0.3,1024,0.95,0.47670706435634125,0.22281476543621365,0.9925760950259837,0.36393331064988094,0.36172193135543923,0.6382780686445608,1.0,0.125,0.0,717.0,25.17644580217002,8.0,8.0,0.0
smd,PCA-Triage,fixed_full_data,0.3,0.3,1024,0.975,0.518136496239012,0.31928775316025554,0.8719376391982183,0.46741617749477665,0.1942214465774675,0.8057785534225325,0.75,0.3333333333333333,0.0,304.0,10.674532111380316,8.0,6.0,2.0
smd,PCA-Triage,fixed_full_data,0.3,0.3,1024,0.99,0.5793335900430052,0.3141476274165202,0.5308092056421678,0.3947005244272702,0.12107814620903626,0.8789218537909638,0.625,45.6,7.0,124.0,4.354085466484076,8.0,5.0,3.0
smd,PCA-Triage,fixed_full_data,0.3,0.3,1024,0.995,0.6184243261340316,0.3212192262602579,0.40682999257609503,0.3589911562397642,0.08981966259453171,0.9101803374054683,0.625,191.4,230.0,70.0,2.4579514730152043,8.0,5.0,3.0
smd,PCA-Triage,fixed_full_data,0.3,0.3,1024,0.999,0.701269520848572,0.38481338481338484,0.33296213808463254,0.35701492537313434,0.05561372891215823,0.9443862710878418,0.625,357.6,320.0,35.0,1.2289757365076022,8.0,5.0,3.0
smd,Variance,method_retrained,0.3,0.3,1024,0.95,0.48455002807347675,0.2528122020972355,0.9844097995545658,0.40230582524271846,0.3039751793678495,0.6960248206321504,1.0,0.0,0.0,867.0,30.443484672916885,8.0,8.0,0.0
smd,Variance,method_retrained,0.3,0.3,1024,0.975,0.5322101933468456,0.3089455886873655,0.7461024498886414,0.4369565217391304,0.17436494085708745,0.8256350591429126,1.0,4.0,1.5,257.0,9.024193265212963,8.0,8.0,0.0
smd,Variance,method_retrained,0.3,0.3,1024,0.99,0.5881286362702043,0.32305536089698667,0.5133630289532294,0.3965591397849462,0.11239092495636999,0.8876090750436301,0.625,21.8,27.0,136.0,4.775448576143825,8.0,5.0,3.0
smd,Variance,method_retrained,0.3,0.3,1024,0.995,0.6278251751069882,0.33641975308641975,0.4046028210838901,0.36737445230872934,0.08338181113050223,0.9166181888694978,0.625,117.0,103.0,90.0,3.1602233224481195,8.0,5.0,3.0
smd,Variance,method_retrained,0.3,0.3,1024,0.999,0.6727245436967876,0.36477495107632096,0.3459539717891611,0.35511526004953325,0.06294357184409541,0.9370564281559046,0.625,306.4,307.0,40.0,1.4045436988658309,8.0,5.0,3.0
smd,Variance,fixed_full_data,0.3,0.3,1024,0.95,0.47670706435634125,0.22129384513567174,0.9929472902746845,0.3619266675686646,0.3650572038006593,0.6349427961993407,1.0,0.0,0.0,1138.0,39.95926823273289,8.0,8.0,0.0
smd,Variance,fixed_full_data,0.3,0.3,1024,0.975,0.518136496239012,0.3076819407008086,0.8474387527839644,0.4514534308878782,0.19922435524529766,0.8007756447547023,1.0,0.25,0.0,442.0,15.520207872467433,8.0,8.0,0.0
smd,Variance,fixed_full_data,0.3,0.3,1024,0.99,0.5793335900430052,0.3116825537574817,0.5219005196733482,0.39028452463566965,0.12041884816753927,0.8795811518324608,0.625,10.2,7.0,171.0,6.004424312651428,8.0,5.0,3.0
smd,Variance,fixed_full_data,0.3,0.3,1024,0.995,0.6184243261340316,0.3326464527524286,0.4194506310319228,0.3710392382203251,0.08791933294551095,0.9120806670544891,0.625,104.4,72.0,90.0,3.1602233224481195,8.0,5.0,3.0
smd,Variance,fixed_full_data,0.3,0.3,1024,0.999,0.701269520848572,0.38481561822125815,0.32925018559762437,0.354870974194839,0.054993213108396354,0.9450067868916037,0.625,358.8,322.0,34.0,1.1938621440359563,8.0,5.0,3.0
smd,Threshold,method_retrained,0.3,0.3,1024,0.95,0.4798473589990629,0.2536476954295101,0.9743875278396437,0.40251475887449206,0.29955400426604617,0.7004459957339538,1.0,1.0,0.0,710.0,24.9306506548685,8.0,8.0,0.0
smd,Threshold,method_retrained,0.3,0.3,1024,0.975,0.5238335375395682,0.3077947049253069,0.7724573125463994,0.44019037546271816,0.18150087260034903,0.8184991273996509,1.0,2.125,0.0,247.0,8.673057340496506,8.0,8.0,0.0
smd,Threshold,method_retrained,0.3,0.3,1024,0.99,0.5743668085913173,0.3217140319715808,0.5378619153674833,0.4026118366212837,0.1184797362807834,0.8815202637192165,0.625,24.2,1.0,134.0,4.705221391200534,8.0,5.0,3.0
smd,Threshold,method_retrained,0.3,0.3,1024,0.995,0.6104762970718595,0.3231428571428571,0.4198218262806236,0.36519212140781404,0.09187512119449293,0.9081248788055071,0.625,75.2,61.0,98.0,3.441132062221286,8.0,5.0,3.0
smd,Threshold,method_retrained,0.3,0.3,1024,0.999,0.6830412571136638,0.376017130620985,0.325909428359317,0.34917478623980913,0.05650572038006593,0.943494279619934,0.625,359.2,329.0,53.0,1.861020400997226,8.0,5.0,3.0
smd,Threshold,fixed_full_data,0.3,0.3,1024,0.95,0.47670706435634125,0.2154283394234673,0.9847809948032665,0.35352122060097274,0.3747139809967035,0.6252860190032965,1.0,0.125,0.0,892.0,31.32132448470803,8.0,8.0,0.0
smd,Threshold,fixed_full_data,0.3,0.3,1024,0.975,0.518136496239012,0.3050847457627119,0.8685968819599109,0.4515631030490158,0.2067093271281753,0.7932906728718248,1.0,2.125,0.0,354.0,12.430211734962604,8.0,8.0,0.0
smd,Threshold,fixed_full_data,0.3,0.3,1024,0.99,0.5793335900430052,0.31056701030927836,0.5367483296213809,0.39346938775510204,0.12449098312972659,0.8755090168702734,0.75,21.166666666666668,0.5,132.0,4.634994206257242,8.0,6.0,2.0
smd,Threshold,fixed_full_data,0.3,0.3,1024,0.995,0.6184243261340316,0.3158798283261803,0.40979955456570155,0.35676199709161416,0.09272833042466551,0.9072716695753344,0.625,117.6,119.0,79.0,2.7739738052600162,8.0,5.0,3.0
smd,Threshold,fixed_full_data,0.3,0.3,1024,0.999,0.701269520848572,0.38686779059449866,0.3236822568671121,0.35246564268391267,0.053597052549932134,0.9464029474500679,0.625,361.2,328.0,41.0,1.4396572913374768,8.0,5.0,3.0
smd,Uniform,method_retrained,0.3,0.3,1024,0.95,0.4719577162011157,0.2197775233109766,0.9974016332590943,0.3601876675603217,0.3699437657552841,0.6300562342447159,1.0,0.0,0.0,672.0,23.59633414094596,8.0,8.0,0.0
smd,Uniform,method_retrained,0.3,0.3,1024,0.975,0.518822512264347,0.3109831345125463,0.8418708240534521,0.4541904475818564,0.1948807446189645,0.8051192553810355,1.0,0.125,0.0,254.0,8.918852487798027,8.0,8.0,0.0
smd,Uniform,method_retrained,0.3,0.3,1024,0.99,0.582908259344774,0.3145271813613522,0.5111358574610245,0.3894230769230769,0.11638549544308707,0.8836145045569129,0.625,41.8,31.0,111.0,3.897608764352681,8.0,5.0,3.0
smd,Uniform,method_retrained,0.3,0.3,1024,0.995,0.6149414240549967,0.33025137243571223,0.4242761692650334,0.37140536149471975,0.08989722707000194,0.9101027729299981,0.625,76.6,71.0,71.0,2.49306506548685,8.0,5.0,3.0
smd,Uniform,method_retrained,0.3,0.3,1024,0.999,0.6981737522161986,0.38631346578366443,0.32479584261321454,0.35289372857430934,0.05390731045181307,0.9460926895481869,0.625,315.2,315.0,39.0,1.3694301063941852,8.0,5.0,3.0
smd,Uniform,fixed_full_data,0.3,0.3,1024,0.95,0.47670706435634125,0.2216323822163238,0.991833704528582,0.36230508474576273,0.3639325189063409,0.6360674810936591,1.0,0.0,0.0,675.0,23.701674918360897,8.0,8.0,0.0
smd,Uniform,fixed_full_data,0.3,0.3,1024,0.975,0.518136496239012,0.3189597089341059,0.878619153674833,0.4680177953534355,0.19600542951328292,0.8039945704867171,1.0,0.125,0.0,260.0,9.1295340426279,8.0,8.0,0.0
smd,Uniform,fixed_full_data,0.3,0.3,1024,0.99,0.5793335900430052,0.30793019659818865,0.5174461766889383,0.38609610857221993,0.12150475082412256,0.8784952491758774,0.625,18.8,11.0,107.0,3.757154394466098,8.0,5.0,3.0
smd,Uniform,fixed_full_data,0.3,0.3,1024,0.995,0.6184243261340316,0.3263313609467456,0.4094283593170007,0.36318735594336515,0.08830715532286212,0.9116928446771378,0.625,79.0,76.0,69.0,2.4228378805435584,8.0,5.0,3.0
smd,Uniform,fixed_full_data,0.3,0.3,1024,0.999,0.701269520848572,0.3842512908777969,0.3314773570898292,0.3559186927062575,0.05549738219895288,0.9445026178010472,0.625,357.8,320.0,34.0,1.1938621440359563,8.0,5.0,3.0
smd,Full Data,method_retrained,1.0,0.3,1024,0.95,0.47670706435634125,0.22464135021097045,0.9881217520415738,0.36606160616061606,0.3563312003102579,0.6436687996897421,1.0,0.0,0.0,1431.0,50.2475508269251,8.0,8.0,0.0
smd,Full Data,method_retrained,1.0,0.3,1024,0.975,0.518136496239012,0.3080283997815401,0.8374164810690423,0.4503892992613296,0.19654838084157455,0.8034516191584254,1.0,1.0,0.0,604.0,21.208609852874048,8.0,8.0,0.0
smd,Full Data,method_retrained,1.0,0.3,1024,0.99,0.5793335900430052,0.3254424778761062,0.5460282108389013,0.407818131411145,0.1182470428543727,0.8817529571456273,0.875,5.0,1.0,246.0,8.63794374802486,8.0,7.0,1.0
smd,Full Data,method_retrained,1.0,0.3,1024,0.995,0.6184243261340316,0.34016993847055377,0.4309576837416481,0.3802194203373178,0.0873375993794842,0.9126624006205158,0.625,37.2,11.0,125.0,4.389199058955722,8.0,5.0,3.0
smd,Full Data,method_retrained,1.0,0.3,1024,0.999,0.701269520848572,0.38324117396852403,0.3344469190794358,0.35718533201189295,0.05623424471592011,0.9437657552840799,0.625,346.0,315.0,62.0,2.177042733242038,8.0,5.0,3.0
smd,Full Data,fixed_full_data,1.0,0.3,1024,0.95,0.47670706435634125,0.22464135021097045,0.9881217520415738,0.36606160616061606,0.3563312003102579,0.6436687996897421,1.0,0.0,0.0,1431.0,50.2475508269251,8.0,8.0,0.0
smd,Full Data,fixed_full_data,1.0,0.3,1024,0.975,0.518136496239012,0.3080283997815401,0.8374164810690423,0.4503892992613296,0.19654838084157455,0.8034516191584254,1.0,1.0,0.0,604.0,21.208609852874048,8.0,8.0,0.0
smd,Full Data,fixed_full_data,1.0,0.3,1024,0.99,0.5793335900430052,0.3254424778761062,0.5460282108389013,0.407818131411145,0.1182470428543727,0.8817529571456273,0.875,5.0,1.0,246.0,8.63794374802486,8.0,7.0,1.0
smd,Full Data,fixed_full_data,1.0,0.3,1024,0.995,0.6184243261340316,0.34016993847055377,0.4309576837416481,0.3802194203373178,0.0873375993794842,0.9126624006205158,0.625,37.2,11.0,125.0,4.389199058955722,8.0,5.0,3.0
smd,Full Data,fixed_full_data,1.0,0.3,1024,0.999,0.701269520848572,0.38324117396852403,0.3344469190794358,0.35718533201189295,0.05623424471592011,0.9437657552840799,0.625,346.0,315.0,62.0,2.177042733242038,8.0,5.0,3.0
smd,PCA-Triage,method_retrained,0.5,0.5,42,0.95,0.4787915532891183,0.23433088650479955,0.9242761692650334,0.3738738738738739,0.31553228621291446,0.6844677137870855,1.0,0.0,0.0,790.0,27.73973805260016,8.0,8.0,0.0
smd,PCA-Triage,method_retrained,0.5,0.5,42,0.975,0.5309263092485352,0.28149300155520995,0.6718634001484781,0.396755808855765,0.179173938336242,0.820826061663758,0.875,4.0,0.0,204.0,7.1631728642157375,8.0,7.0,1.0
smd,PCA-Triage,method_retrained,0.5,0.5,42,0.99,0.5879710713187626,0.29563399907106364,0.4725315515961396,0.3637142857142857,0.11762652705061082,0.8823734729493892,0.625,44.0,33.0,156.0,5.477720425576741,8.0,5.0,3.0
smd,PCA-Triage,method_retrained,0.5,0.5,42,0.995,0.6251949258066394,0.33131435493640216,0.4060876020786934,0.36490993995997334,0.08563118091913903,0.914368819080861,0.625,223.2,229.0,98.0,3.441132062221286,8.0,5.0,3.0
smd,PCA-Triage,method_retrained,0.5,0.5,42,0.999,0.6878795811479392,0.38595726122982993,0.3285077951002227,0.35492279927812315,0.05460539073104518,0.9453946092689548,0.625,347.6,318.0,53.0,1.861020400997226,8.0,5.0,3.0
smd,PCA-Triage,fixed_full_data,0.5,0.5,42,0.95,0.4815419774619354,0.24939793854156633,0.9610244988864143,0.3960229445506692,0.3021911964320341,0.6978088035679658,1.0,0.0,0.0,822.0,28.863373011692826,8.0,8.0,0.0
smd,PCA-Triage,fixed_full_data,0.5,0.5,42,0.975,0.5252108533272932,0.30706274628675356,0.7520415738678545,0.4360740421868274,0.17731239092495638,0.8226876090750437,0.875,4.0,0.0,248.0,8.708170932968152,8.0,7.0,1.0
smd,PCA-Triage,fixed_full_data,0.5,0.5,42,0.99,0.5828796373982275,0.32,0.5107646622123236,0.39348012582213326,0.11339926313748304,0.886600736862517,0.625,29.4,33.0,161.0,5.653288387934969,8.0,5.0,3.0
smd,PCA-Triage,fixed_full_data,0.5,0.5,42,0.995,0.6173287990634742,0.3358433734939759,0.41388270230141055,0.37080146325241103,0.08551483420593368,0.9144851657940664,0.625,102.4,77.0,92.0,3.2304505073914114,8.0,5.0,3.0
smd,PCA-Triage,fixed_full_data,0.5,0.5,42,0.999,0.6825169370276464,0.3888160768894714,0.3303637713437268,0.35721452939995985,0.05425635059142912,0.9457436494085709,0.625,335.8,321.0,51.0,1.7907932160539344,8.0,5.0,3.0
smd,Variance,method_retrained,0.5,0.5,42,0.95,0.4755205737890497,0.21994558748512158,0.9602821083890126,0.3579136690647482,0.3558270312197014,0.6441729687802986,1.0,0.0,0.0,1308.0,45.92857895291267,8.0,8.0,0.0
smd,Variance,method_retrained,0.5,0.5,42,0.975,0.5137729860313687,0.2940764598795687,0.779510022271715,0.42704626334519574,0.1955012604227264,0.8044987395772736,1.0,2.125,0.0,547.0,19.207135081990238,8.0,8.0,0.0
smd,Variance,method_retrained,0.5,0.5,42,0.99,0.5758286328760611,0.3390957446808511,0.5679287305122495,0.42464612822647796,0.11564863292611983,0.8843513670738802,0.875,4.857142857142857,0.0,209.0,7.338740826573967,8.0,7.0,1.0
smd,Variance,method_retrained,0.5,0.5,42,0.995,0.6063591856082352,0.3519086096405684,0.4688195991091314,0.40203724335508517,0.09020748497188288,0.9097925150281171,0.625,8.2,1.0,128.0,4.4945398363706595,8.0,5.0,3.0
smd,Variance,method_retrained,0.5,0.5,42,0.999,0.678775986633881,0.3771784232365145,0.3374164810690423,0.35619122257053293,0.05821213884041109,0.9417878611595889,0.625,251.0,247.0,50.0,1.7556796235822887,8.0,5.0,3.0
smd,Variance,fixed_full_data,0.5,0.5,42,0.95,0.4815419774619354,0.2439984636066833,0.9432071269487751,0.38770216661580714,0.30533255768857864,0.6946674423114214,1.0,1.0,0.0,1162.0,40.80199445205239,8.0,8.0,0.0
smd,Variance,fixed_full_data,0.5,0.5,42,0.975,0.5252108533272932,0.3010064043915828,0.732739420935412,0.4267185473411154,0.17777777777777778,0.8222222222222222,1.0,2.125,0.0,307.0,10.779872888795254,8.0,8.0,0.0
smd,Variance,fixed_full_data,0.5,0.5,42,0.99,0.5828796373982275,0.32915506035283193,0.526354862657758,0.4050271351042559,0.11208066705448905,0.887919332945511,0.875,10.714285714285714,1.0,206.0,7.233400049159029,8.0,7.0,1.0
smd,Variance,fixed_full_data,0.5,0.5,42,0.995,0.6173287990634742,0.3445804717826217,0.42835931700074237,0.38192950521264274,0.08512701182858251,0.9148729881714175,0.625,61.4,42.0,107.0,3.757154394466098,8.0,5.0,3.0
smd,Variance,fixed_full_data,0.5,0.5,42,0.999,0.6825169370276464,0.38728070175438595,0.3277654046028211,0.3550462404503418,0.05417878611595889,0.9458212138840411,0.625,248.0,247.0,54.0,1.896133993468872,8.0,5.0,3.0
smd,Threshold,method_retrained,0.5,0.5,42,0.95,0.4767010420742982,0.22989446870451238,0.9380103934669636,0.3692824784451264,0.3282916424277681,0.6717083575722319,1.0,1.0,0.0,1234.0,43.33017311001088,8.0,8.0,0.0
smd,Threshold,method_retrained,0.5,0.5,42,0.975,0.5246607028238516,0.29347661571060996,0.7197475872308834,0.4169444145790775,0.18103548574752762,0.8189645142524724,1.0,3.25,0.0,381.0,13.37827873169704,8.0,8.0,0.0
smd,Threshold,method_retrained,0.5,0.5,42,0.99,0.5835946533448446,0.31509347925216596,0.5129918337045286,0.3903954802259887,0.11650184215629242,0.8834981578437076,1.0,6.0,0.0,192.0,6.741809754555988,8.0,8.0,0.0
smd,Threshold,method_retrained,0.5,0.5,42,0.995,0.6182693583100537,0.3307448950244464,0.4268745360059391,0.37271106789823366,0.090246267209618,0.909753732790382,0.625,54.8,42.0,124.0,4.354085466484076,8.0,5.0,3.0
smd,Threshold,method_retrained,0.5,0.5,42,0.999,0.6799191528411734,0.3748395378690629,0.32516703786191536,0.34824090638044125,0.0566608493310064,0.9433391506689937,0.625,229.4,250.0,59.0,2.0717019558271006,8.0,5.0,3.0
smd,Threshold,fixed_full_data,0.5,0.5,42,0.95,0.4815419774619354,0.24013157894736842,0.9484038604305864,0.3832308384580771,0.3135543920884235,0.6864456079115765,1.0,2.125,0.0,1115.0,39.15165560588504,8.0,8.0,0.0
smd,Threshold,fixed_full_data,0.5,0.5,42,0.975,0.5252108533272932,0.29672447013487474,0.7431328878990349,0.4241076157186739,0.18402171805313167,0.8159782819468684,1.0,3.25,0.0,345.0,12.114189402717791,8.0,8.0,0.0
smd,Threshold,fixed_full_data,0.5,0.5,42,0.99,0.5828796373982275,0.31988211289956925,0.5237564959168522,0.3971850809289233,0.11634671320535195,0.883653286794648,0.875,17.0,0.0,208.0,7.303627234102321,8.0,7.0,1.0
smd,Threshold,fixed_full_data,0.5,0.5,42,0.995,0.6173287990634742,0.3346938775510204,0.4261321455085375,0.37491835401698237,0.08850106651153772,0.9114989334884623,0.625,65.6,42.0,136.0,4.775448576143825,8.0,5.0,3.0
smd,Threshold,fixed_full_data,0.5,0.5,42,0.999,0.6825169370276464,0.38071968014215907,0.31811432813659984,0.34661274014155713,0.054062439402753536,0.9459375605972464,0.625,288.2,268.0,73.0,2.5632922504301416,8.0,5.0,3.0
smd,Uniform,method_retrained,0.5,0.5,42,0.95,0.4702077847596725,0.20911021949492564,0.9866369710467706,0.3450827653359299,0.3898778359511344,0.6101221640488657,1.0,0.875,0.0,1064.0,37.360862389831105,8.0,8.0,0.0
smd,Uniform,method_retrained,0.5,0.5,42,0.975,0.5115512463204943,0.278699402786994,0.779510022271715,0.41059732134128457,0.2107814620903626,0.7892185379096374,1.0,1.125,0.0,410.0,14.396572913374767,8.0,8.0,0.0
smd,Uniform,method_retrained,0.5,0.5,42,0.99,0.5747628059268896,0.31644144144144143,0.5215293244246474,0.3938884216428371,0.11770409152608105,0.8822959084739189,0.875,4.714285714285714,0.0,154.0,5.407493240633449,8.0,7.0,1.0
smd,Uniform,method_retrained,0.5,0.5,42,0.995,0.6121538594483973,0.3376281112737921,0.4279881217520416,0.3774758552954657,0.08772542175683537,0.9122745782431646,0.75,10.833333333333334,4.0,85.0,2.984655360089891,8.0,6.0,2.0
smd,Uniform,method_retrained,0.5,0.5,42,0.999,0.6777794767386045,0.3785450061652281,0.3418708240534521,0.35927442949093036,0.05863874345549738,0.9413612565445026,0.625,318.8,319.0,35.0,1.2289757365076022,8.0,5.0,3.0
smd,Uniform,fixed_full_data,0.5,0.5,42,0.95,0.4815419774619354,0.24995157853960875,0.9580549368968078,0.39646697388632873,0.3003684312584836,0.6996315687415164,1.0,1.0,0.0,767.0,26.932125425752307,8.0,8.0,0.0
smd,Uniform,fixed_full_data,0.5,0.5,42,0.975,0.5252108533272932,0.30486880024268165,0.7461024498886414,0.4328631420264886,0.17773899554004266,0.8222610044599573,0.875,3.5714285714285716,0.0,227.0,7.970785491063591,8.0,7.0,1.0
smd,Uniform,fixed_full_data,0.5,0.5,42,0.99,0.5828796373982275,0.32158693115519255,0.5115070527097253,0.3948989826622725,0.11273996509598604,0.887260034904014,0.75,10.0,3.5,153.0,5.372379648161804,8.0,6.0,2.0
smd,Uniform,fixed_full_data,0.5,0.5,42,0.995,0.6173287990634742,0.34155883238037915,0.42130660727542685,0.3772644174837959,0.08485553616443668,0.9151444638355634,0.625,31.0,27.0,90.0,3.1602233224481195,8.0,5.0,3.0
smd,Uniform,fixed_full_data,0.5,0.5,42,0.999,0.6825169370276464,0.38770170082860883,0.32999257609502597,0.35652697012231804,0.05445026178010471,0.9455497382198953,0.625,353.2,326.0,45.0,1.5801116612240598,8.0,5.0,3.0
smd,Full Data,method_retrained,1.0,0.5,42,0.95,0.4815419774619354,0.24717789022966136,0.9428359317000743,0.39167309175019277,0.30001939111886755,0.6999806088811324,1.0,0.125,0.0,1259.0,44.20801292180203,8.0,8.0,0.0
smd,Full Data,method_retrained,1.0,0.5,42,0.975,0.5252108533272932,0.29676340981613736,0.7249443207126949,0.4211320754716981,0.17948419623812295,0.820515803761877,1.0,2.625,0.0,393.0,13.79964184135679,8.0,8.0,0.0
smd,Full Data,method_retrained,1.0,0.5,42,0.99,0.5828796373982275,0.3257103257103257,0.5233853006681515,0.40153780435711234,0.11320535194880745,0.8867946480511926,1.0,4.25,0.0,247.0,8.673057340496506,8.0,8.0,0.0
smd,Full Data,method_retrained,1.0,0.5,42,0.995,0.6173287990634742,0.3501041976778803,0.4365256124721604,0.38856765240376673,0.0846616249757611,0.9153383750242389,0.625,23.0,27.0,146.0,5.126584500860283,8.0,5.0,3.0
smd,Full Data,method_retrained,1.0,0.5,42,0.999,0.6825169370276464,0.38725065047701646,0.3314773570898292,0.3572,0.054799301919720766,0.9452006980802792,0.625,195.6,232.0,63.0,2.212156325713684,8.0,5.0,3.0
smd,Full Data,fixed_full_data,1.0,0.5,42,0.95,0.4815419774619354,0.24717789022966136,0.9428359317000743,0.39167309175019277,0.30001939111886755,0.6999806088811324,1.0,0.125,0.0,1259.0,44.20801292180203,8.0,8.0,0.0
smd,Full Data,fixed_full_data,1.0,0.5,42,0.975,0.5252108533272932,0.29676340981613736,0.7249443207126949,0.4211320754716981,0.17948419623812295,0.820515803761877,1.0,2.625,0.0,393.0,13.79964184135679,8.0,8.0,0.0
smd,Full Data,fixed_full_data,1.0,0.5,42,0.99,0.5828796373982275,0.3257103257103257,0.5233853006681515,0.40153780435711234,0.11320535194880745,0.8867946480511926,1.0,4.25,0.0,247.0,8.673057340496506,8.0,8.0,0.0
smd,Full Data,fixed_full_data,1.0,0.5,42,0.995,0.6173287990634742,0.3501041976778803,0.4365256124721604,0.38856765240376673,0.0846616249757611,0.9153383750242389,0.625,23.0,27.0,146.0,5.126584500860283,8.0,5.0,3.0
smd,Full Data,fixed_full_data,1.0,0.5,42,0.999,0.6825169370276464,0.38725065047701646,0.3314773570898292,0.3572,0.054799301919720766,0.9452006980802792,0.625,195.6,232.0,63.0,2.212156325713684,8.0,5.0,3.0
smd,PCA-Triage,method_retrained,0.5,0.5,123,0.95,0.48253484633069643,0.24964553372493417,0.914996288047513,0.3922660725652451,0.2873375993794842,0.7126624006205158,1.0,0.0,0.0,745.0,26.1596263913761,8.0,8.0,0.0
smd,PCA-Triage,method_retrained,0.5,0.5,123,0.975,0.529854386766951,0.299731395165113,0.7041573867854491,0.4204809930178433,0.17188287764203994,0.8281171223579601,1.0,0.0,0.0,241.0,8.462375785666632,8.0,8.0,0.0
smd,PCA-Triage,method_retrained,0.5,0.5,123,0.99,0.5806001293144666,0.3269185637174372,0.5170749814402376,0.4005751258087707,0.11122745782431646,0.8887725421756836,1.0,3.75,0.5,181.0,6.355560237367885,8.0,8.0,0.0
smd,PCA-Triage,method_retrained,0.5,0.5,123,0.995,0.6160402265455125,0.3383549261825851,0.41685226429101707,0.3735240312655912,0.08516579406631762,0.9148342059336824,0.75,77.66666666666667,45.5,78.0,2.7388602127883703,8.0,6.0,2.0
smd,PCA-Triage,method_retrained,0.5,0.5,123,0.999,0.6839467984444759,0.3803757828810021,0.338158871566444,0.3580271173118491,0.057552840798914096,0.9424471592010859,0.625,343.6,315.0,55.0,1.9312475859405176,8.0,5.0,3.0
smd,PCA-Triage,fixed_full_data,0.5,0.5,123,0.95,0.4864773503283707,0.23917209658873131,0.9265033407572383,0.3801980198019802,0.3079309676168315,0.6920690323831685,1.0,0.0,0.0,716.0,25.141332209698373,8.0,8.0,0.0
smd,PCA-Triage,fixed_full_data,0.5,0.5,123,0.975,0.5297092883892486,0.28693693693693695,0.7093541202672605,0.4085952533675433,0.18417684700407214,0.8158231529959279,1.0,0.25,0.0,276.0,9.691351522174234,8.0,8.0,0.0
smd,PCA-Triage,fixed_full_data,0.5,0.5,123,0.99,0.5830036603087762,0.3144294534644409,0.5103934669636229,0.3891325880854677,0.11626914872988171,0.8837308512701183,0.75,35.833333333333336,16.5,193.0,6.776923347027634,8.0,6.0,2.0
smd,PCA-Triage,fixed_full_data,0.5,0.5,123,0.995,0.6148783032911944,0.32905982905982906,0.4287305122494432,0.3723404255319149,0.09133216986620128,0.9086678301337987,0.625,103.6,60.0,92.0,3.2304505073914114,8.0,5.0,3.0
smd,PCA-Triage,fixed_full_data,0.5,0.5,123,0.999,0.6990999733654096,0.3812341504649197,0.3348181143281366,0.3565217391304348,0.056777196044211754,0.9432228039557883,0.625,349.4,316.0,47.0,1.6503388461673514,8.0,5.0,3.0
smd,Variance,method_retrained,0.5,0.5,123,0.95,0.4750063315704205,0.2350312779267203,0.878619153674833,0.37085781433607523,0.2987783595113438,0.7012216404886562,1.0,0.625,0.0,1166.0,40.942448821938974,8.0,8.0,0.0
smd,Variance,method_retrained,0.5,0.5,123,0.975,0.5229463198902735,0.2796313949793454,0.6533036377134372,0.3916332888295505,0.1758386658910219,0.8241613341089781,1.0,2.125,0.0,359.0,12.605779697320832,8.0,8.0,0.0
smd,Variance,method_retrained,0.5,0.5,123,0.99,0.5890848413527119,0.31633891721291574,0.48366740905716404,0.3825040364009981,0.10921078146209036,0.8907892185379096,0.625,42.4,35.0,180.0,6.320446644896239,8.0,5.0,3.0
smd,Variance,method_retrained,0.5,0.5,123,0.995,0.6202255631598405,0.33013937282229966,0.4220489977728285,0.3704789833822092,0.08947062245491565,0.9105293775450843,0.625,75.6,61.0,121.0,4.248744689069139,8.0,5.0,3.0
smd,Variance,method_retrained,0.5,0.5,123,0.999,0.6850779196105861,0.37417763157894735,0.33778767631774315,0.3550526726492392,0.05902656583284856,0.9409734341671514,0.625,254.8,268.0,59.0,2.0717019558271006,8.0,5.0,3.0
smd,Variance,fixed_full_data,0.5,0.5,123,0.95,0.4864773503283707,0.23091603053435114,0.8982925018559762,0.36739031425535146,0.31258483614504556,0.6874151638549544,1.0,0.125,0.0,1111.0,39.011201235998456,8.0,8.0,0.0
smd,Variance,fixed_full_data,0.5,0.5,123,0.975,0.5297092883892486,0.27460984393757504,0.6792873051224945,0.39110921136995086,0.1874733372115571,0.8125266627884429,1.0,1.125,0.0,410.0,14.396572913374767,8.0,8.0,0.0
smd,Variance,fixed_full_data,0.5,0.5,123,0.99,0.5830036603087762,0.31910569105691056,0.5244988864142539,0.396798652064027,0.1169284467713787,0.8830715532286213,0.875,27.571428571428573,11.0,226.0,7.935671898591945,8.0,7.0,1.0
smd,Variance,fixed_full_data,0.5,0.5,123,0.995,0.6148783032911944,0.340736575766095,0.44988864142538976,0.38777795552711564,0.09094434748885011,0.90905565251115,0.625,58.2,54.0,131.0,4.599880613785596,8.0,5.0,3.0
smd,Variance,fixed_full_data,0.5,0.5,123,0.999,0.6990999733654096,0.3812795191069128,0.32962138084632514,0.3535735616165638,0.055885204576304054,0.9441147954236959,0.625,308.6,313.0,48.0,1.685452438638997,8.0,5.0,3.0
smd,Threshold,method_retrained,0.5,0.5,123,0.95,0.4765404288981052,0.2565705911089399,0.9747587230883444,0.40621857838966663,0.29509404692650765,0.7049059530734924,1.0,1.125,0.0,1123.0,39.43256434565821,8.0,8.0,0.0
smd,Threshold,method_retrained,0.5,0.5,123,0.975,0.5149051123343825,0.31812311665949206,0.8229398663697105,0.45886370692331574,0.18429319371727748,0.8157068062827225,1.0,1.75,0.0,453.0,15.906457389655536,8.0,8.0,0.0
smd,Threshold,method_retrained,0.5,0.5,123,0.99,0.5800759129884534,0.3357159876101978,0.5230141054194506,0.40893919605282253,0.10812487880550707,0.891875121194493,0.75,14.5,0.0,180.0,6.320446644896239,8.0,6.0,2.0
smd,Threshold,method_retrained,0.5,0.5,123,0.995,0.6121616709554915,0.3369406259140099,0.42761692650334077,0.37690168493374776,0.08791933294551095,0.9120806670544891,0.625,89.4,83.0,127.0,4.4594262438990135,8.0,5.0,3.0
smd,Threshold,method_retrained,0.5,0.5,123,0.999,0.6857855290029553,0.3783783783783784,0.3273942093541203,0.351044776119403,0.05619546247818499,0.943804537521815,0.625,314.2,313.0,57.0,2.001474770883809,8.0,5.0,3.0
smd,Threshold,fixed_full_data,0.5,0.5,123,0.95,0.4864773503283707,0.2275533108866442,0.9031180400890868,0.36351411922904525,0.3203025014543339,0.6796974985456661,1.0,1.125,0.0,1104.0,38.765406088696935,8.0,8.0,0.0
smd,Threshold,fixed_full_data,0.5,0.5,123,0.975,0.5297092883892486,0.26952953246372563,0.6826280623608018,0.3864663234212462,0.1932906728718247,0.8067093271281753,1.0,2.25,0.0,400.0,14.04543698865831,8.0,8.0,0.0
smd,Threshold,fixed_full_data,0.5,0.5,123,0.99,0.5830036603087762,0.3045751633986928,0.5189309576837416,0.38385502471169686,0.12379290285049448,0.8762070971495055,0.75,5.666666666666667,0.0,237.0,8.321921415780048,8.0,6.0,2.0
smd,Threshold,fixed_full_data,0.5,0.5,123,0.995,0.6148783032911944,0.32324621733149933,0.43615441722345955,0.3713066835203034,0.0954043048283886,0.9045956951716114,0.625,79.6,61.0,151.0,5.302152463218512,8.0,5.0,3.0
smd,Threshold,fixed_full_data,0.5,0.5,123,0.999,0.6990999733654096,0.37532693984306886,0.3195991091314031,0.34522854851643947,0.055574946674423115,0.9444250533255769,0.625,316.6,313.0,50.0,1.7556796235822887,8.0,5.0,3.0
smd,Uniform,method_retrained,0.5,0.5,123,0.95,0.473041509863223,0.25385623550761166,0.9346696362286563,0.3992705938317609,0.2870273414776033,0.7129726585223968,1.0,0.0,0.0,759.0,26.651216685979144,8.0,8.0,0.0
smd,Uniform,method_retrained,0.5,0.5,123,0.975,0.5202458932005225,0.3004441624365482,0.7030438010393467,0.42098244054234274,0.17102966841186737,0.8289703315881326,1.0,0.0,0.0,230.0,8.076126268478529,8.0,8.0,0.0
smd,Uniform,method_retrained,0.5,0.5,123,0.99,0.5756422805853583,0.3296500920810313,0.5315515961395694,0.4069337880079568,0.11293387628466163,0.8870661237153383,1.0,6.25,0.0,156.0,5.477720425576741,8.0,8.0,0.0
smd,Uniform,method_retrained,0.5,0.5,123,0.995,0.6135699046950637,0.3367738130345031,0.4239049740163326,0.37534921939194743,0.08722125266627885,0.9127787473337211,0.75,41.666666666666664,40.0,72.0,2.5281786579584957,8.0,6.0,2.0
smd,Uniform,method_retrained,0.5,0.5,123,0.999,0.6964449942319749,0.38059071729957805,0.3348181143281366,0.35624012638230645,0.05693232499515222,0.9430676750048478,0.625,350.2,315.0,41.0,1.4396572913374768,8.0,5.0,3.0
smd,Uniform,fixed_full_data,0.5,0.5,123,0.95,0.4864773503283707,0.23563546423135465,0.9194506310319228,0.375132515523247,0.3116152802016676,0.6883847197983324,1.0,0.0,0.0,732.0,25.703149689244707,8.0,8.0,0.0
smd,Uniform,fixed_full_data,0.5,0.5,123,0.975,0.5297092883892486,0.28477218225419665,0.7052709725315516,0.4057228272474909,0.18506883847197983,0.8149311615280201,1.0,2.125,0.0,265.0,9.30510200498613,8.0,8.0,0.0
smd,Uniform,fixed_full_data,0.5,0.5,123,0.99,0.5830036603087762,0.3138370505234411,0.5118782479584262,0.38910835214446954,0.1169284467713787,0.8830715532286213,0.75,10.666666666666666,4.0,167.0,5.863969942764844,8.0,6.0,2.0
smd,Uniform,fixed_full_data,0.5,0.5,123,0.995,0.6148783032911944,0.3325798248092682,0.43689680772086115,0.3776672549334189,0.0916036455303471,0.908396354469653,0.625,54.2,60.0,93.0,3.265564099863057,8.0,5.0,3.0
smd,Uniform,fixed_full_data,0.5,0.5,123,0.999,0.6990999733654096,0.37849280270956814,0.33184855233853006,0.3536392405063291,0.05693232499515222,0.9430676750048478,0.625,338.6,321.0,42.0,1.4747708838091225,8.0,5.0,3.0
smd,Full Data,method_retrained,1.0,0.5,123,0.95,0.4864773503283707,0.2327237728585178,0.8975501113585747,0.36961173952919596,0.30917199922435523,0.6908280007756448,1.0,0.125,0.0,1202.0,42.20653815091822,8.0,8.0,0.0
smd,Full Data,method_retrained,1.0,0.5,123,0.975,0.5297092883892486,0.27489860297431273,0.6792873051224945,0.3914019890920757,0.18720186154741128,0.8127981384525887,1.0,1.0,0.0,454.0,15.941570982127182,8.0,8.0,0.0
smd,Full Data,method_retrained,1.0,0.5,123,0.99,0.5830036603087762,0.324373164671335,0.5330363771343727,0.4033141412722932,0.1159976730657359,0.8840023269342641,0.75,5.666666666666667,0.5,280.0,9.831805892060817,8.0,6.0,2.0
smd,Full Data,method_retrained,1.0,0.5,123,0.995,0.6148783032911944,0.34108744394618834,0.45174461766889384,0.3886937080804855,0.09117704091526081,0.9088229590847392,0.625,25.0,27.0,162.0,5.688401980406615,8.0,5.0,3.0
smd,Full Data,method_retrained,1.0,0.5,123,0.999,0.6990999733654096,0.37736642827092975,0.33296213808463254,0.35377637546834945,0.057397711847973626,0.9426022881520264,0.625,306.2,308.0,68.0,2.3877242880719125,8.0,5.0,3.0
smd,Full Data,fixed_full_data,1.0,0.5,123,0.95,0.4864773503283707,0.2327237728585178,0.8975501113585747,0.36961173952919596,0.30917199922435523,0.6908280007756448,1.0,0.125,0.0,1202.0,42.20653815091822,8.0,8.0,0.0
smd,Full Data,fixed_full_data,1.0,0.5,123,0.975,0.5297092883892486,0.27489860297431273,0.6792873051224945,0.3914019890920757,0.18720186154741128,0.8127981384525887,1.0,1.0,0.0,454.0,15.941570982127182,8.0,8.0,0.0
smd,Full Data,fixed_full_data,1.0,0.5,123,0.99,0.5830036603087762,0.324373164671335,0.5330363771343727,0.4033141412722932,0.1159976730657359,0.8840023269342641,0.75,5.666666666666667,0.5,280.0,9.831805892060817,8.0,6.0,2.0
smd,Full Data,fixed_full_data,1.0,0.5,123,0.995,0.6148783032911944,0.34108744394618834,0.45174461766889384,0.3886937080804855,0.09117704091526081,0.9088229590847392,0.625,25.0,27.0,162.0,5.688401980406615,8.0,5.0,3.0
smd,Full Data,fixed_full_data,1.0,0.5,123,0.999,0.6990999733654096,0.37736642827092975,0.33296213808463254,0.35377637546834945,0.057397711847973626,0.9426022881520264,0.625,306.2,308.0,68.0,2.3877242880719125,8.0,5.0,3.0
smd,PCA-Triage,method_retrained,0.5,0.5,456,0.95,0.4800474759226519,0.2434277280693663,0.979584261321455,0.38995197635759143,0.3180919139034322,0.6819080860965677,1.0,0.0,0.0,686.0,24.087924435549002,8.0,8.0,0.0
smd,PCA-Triage,method_retrained,0.5,0.5,456,0.975,0.5253639015379882,0.297503671071953,0.7520415738678545,0.42634680134680136,0.18553422532480124,0.8144657746751988,1.0,0.25,0.0,299.0,10.498964149022086,8.0,8.0,0.0
smd,PCA-Triage,method_retrained,0.5,0.5,456,0.99,0.5780501154057144,0.3217899707668091,0.5311804008908686,0.40078420389301217,0.11696722900911383,0.8830327709908862,0.625,44.8,26.0,189.0,6.636468977141051,8.0,5.0,3.0
smd,PCA-Triage,method_retrained,0.5,0.5,456,0.995,0.6155987565505824,0.33126110124333924,0.4153674832962138,0.3685770750988142,0.08760907504363001,0.91239092495637,0.625,106.4,88.0,99.0,3.4762456546929315,8.0,5.0,3.0
smd,PCA-Triage,method_retrained,0.5,0.5,456,0.999,0.6858014692035986,0.3724053724053724,0.33964365256124723,0.35527082119976705,0.0598022105875509,0.9401977894124491,0.625,345.6,315.0,64.0,2.2472699181853297,8.0,5.0,3.0
smd,PCA-Triage,fixed_full_data,0.5,0.5,456,0.95,0.4779888130611488,0.23178234121826533,0.9929472902746845,0.3758342114506498,0.3438433197595501,0.6561566802404498,1.0,0.0,0.0,821.0,28.82825941922118,8.0,8.0,0.0
smd,PCA-Triage,fixed_full_data,0.5,0.5,456,0.975,0.5240515418328757,0.32520891364902504,0.8667409057164068,0.4729592870164067,0.1878999418266434,0.8121000581733566,1.0,0.25,0.0,325.0,11.411917553284876,8.0,8.0,0.0
smd,PCA-Triage,fixed_full_data,0.5,0.5,456,0.99,0.5855605530841695,0.3247351450944265,0.5233853006681515,0.4007959067652075,0.11370952103936396,0.8862904789606361,0.625,53.0,26.0,174.0,6.1097650900663645,8.0,5.0,3.0
smd,PCA-Triage,fixed_full_data,0.5,0.5,456,0.995,0.6234335595848206,0.3335338345864662,0.41165553080920564,0.36849975078916763,0.08594143882101997,0.91405856117898,0.625,146.0,88.0,82.0,2.8793145826749535,8.0,5.0,3.0
smd,PCA-Triage,fixed_full_data,0.5,0.5,456,0.999,0.6893914472102501,0.37525688450472666,0.3389012620638456,0.3561536961185879,0.05894900135737832,0.9410509986426216,0.625,347.2,315.0,53.0,1.861020400997226,8.0,5.0,3.0
smd,Variance,method_retrained,0.5,0.5,456,0.95,0.4722179697793843,0.21339079083871998,0.9925760950259837,0.35126436781609194,0.38227651735505136,0.6177234826449486,1.0,0.375,0.0,1130.0,39.67835949295972,8.0,8.0,0.0
smd,Variance,method_retrained,0.5,0.5,456,0.975,0.5197047499747277,0.2922727879354064,0.8129175946547884,0.42995975262589575,0.20566220670932714,0.7943377932906729,1.0,1.0,0.0,459.0,16.11713894448541,8.0,8.0,0.0
smd,Variance,method_retrained,0.5,0.5,456,0.99,0.5848853928809209,0.315989847715736,0.5545657015590201,0.40258690379951495,0.1254217568353694,0.8745782431646306,1.0,3.5,0.0,206.0,7.233400049159029,8.0,8.0,0.0
smd,Variance,method_retrained,0.5,0.5,456,0.995,0.6149175814624877,0.3473965287049399,0.48292501855976244,0.40410001553036184,0.09478378902462672,0.9052162109753733,0.625,36.0,35.0,141.0,4.951016538502055,8.0,5.0,3.0
smd,Variance,method_retrained,0.5,0.5,456,0.999,0.6835316164060932,0.37605126151381657,0.34855233853006684,0.3617800038528222,0.06042272639131278,0.9395772736086873,0.625,171.4,138.0,48.0,1.685452438638997,8.0,5.0,3.0
smd,Variance,fixed_full_data,0.5,0.5,456,0.95,0.4779888130611488,0.23376509714685803,0.9914625092798812,0.378328611898017,0.3395384913709521,0.6604615086290478,1.0,0.375,0.0,1169.0,41.04778959935391,8.0,8.0,0.0
smd,Variance,fixed_full_data,0.5,0.5,456,0.975,0.5240515418328757,0.3163164574813143,0.8325909428359317,0.45845682166581503,0.18801628853984875,0.8119837114601512,1.0,1.0,0.0,424.0,14.888163207977808,8.0,8.0,0.0
smd,Variance,fixed_full_data,0.5,0.5,456,0.99,0.5855605530841695,0.3261070110701107,0.5248700816629547,0.402275960170697,0.1133216986620128,0.8866783013379872,0.875,5.285714285714286,0.0,219.0,7.6898767512904245,8.0,7.0,1.0
smd,Variance,fixed_full_data,0.5,0.5,456,0.995,0.6234335595848206,0.3416815742397138,0.42538975501113585,0.37896825396825395,0.08563118091913903,0.914368819080861,0.625,66.8,61.0,117.0,4.108290319182555,8.0,5.0,3.0
smd,Variance,fixed_full_data,0.5,0.5,456,0.999,0.6893914472102501,0.37896907216494846,0.3411284335560505,0.3590545028325845,0.05840605002908668,0.9415939499709133,0.625,303.6,296.0,61.0,2.1419291407703924,8.0,5.0,3.0
smd,Threshold,method_retrained,0.5,0.5,456,0.95,0.478839733250186,0.23804257672103954,0.9587973273942093,0.3813953488372093,0.32065154159395,0.6793484584060501,1.0,3.375,0.0,976.0,34.27086625232628,8.0,8.0,0.0
smd,Threshold,method_retrained,0.5,0.5,456,0.975,0.5269451296386389,0.2880942122648284,0.7446176688938382,0.41544993269131203,0.19224355245297653,0.8077564475470235,1.0,4.5,0.0,304.0,10.674532111380316,8.0,8.0,0.0
smd,Threshold,method_retrained,0.5,0.5,456,0.99,0.5870088758489013,0.3028658271819366,0.5178173719376392,0.3821917808219178,0.1245297653674617,0.8754702346325383,0.625,40.8,29.0,200.0,7.022718494329155,8.0,5.0,3.0
smd,Threshold,method_retrained,0.5,0.5,456,0.995,0.6186116047820358,0.32164073550212163,0.4220489977728285,0.3650666238561567,0.09299980608881132,0.9070001939111887,0.625,104.8,105.0,142.0,4.9861301309737,8.0,5.0,3.0
smd,Threshold,method_retrained,0.5,0.5,456,0.999,0.6835875380624744,0.36141732283464567,0.34075723830734966,0.3507833397019488,0.06290478960636028,0.9370952103936397,0.625,306.8,300.0,58.0,2.0365883633554547,8.0,5.0,3.0
smd,Threshold,fixed_full_data,0.5,0.5,456,0.95,0.4779888130611488,0.2266325224071703,0.9855233853006682,0.3685196752029981,0.35136707388016286,0.6486329261198371,1.0,1.0,0.0,1212.0,42.55767407563468,8.0,8.0,0.0
smd,Threshold,fixed_full_data,0.5,0.5,456,0.975,0.5240515418328757,0.3122955288985823,0.8504083147735709,0.4568295114656032,0.19565638937366686,0.8043436106263332,1.0,3.375,0.0,448.0,15.730889427297306,8.0,8.0,0.0
smd,Threshold,fixed_full_data,0.5,0.5,456,0.99,0.5855605530841695,0.3137647320435846,0.5237564959168522,0.39243498817966904,0.11968198565057203,0.8803180143494279,0.75,16.5,0.0,216.0,7.584535973875488,8.0,6.0,2.0
smd,Threshold,fixed_full_data,0.5,0.5,456,0.995,0.6234335595848206,0.3296543711879175,0.42130660727542685,0.36988756721525173,0.08950940469265077,0.9104905953073492,0.625,65.4,61.0,137.0,4.810562168615471,8.0,5.0,3.0
smd,Threshold,fixed_full_data,0.5,0.5,456,0.999,0.6893914472102501,0.3739530988274707,0.3314773570898292,0.35143644234553323,0.05797944541400039,0.9420205545859996,0.625,309.4,313.0,61.0,2.1419291407703924,8.0,5.0,3.0
smd,Uniform,method_retrained,0.5,0.5,456,0.95,0.4744153058634013,0.2084045362746621,0.995916852264291,0.3446813977389517,0.39522978475858056,0.6047702152414194,1.0,0.0,0.0,798.0,28.020646792373327,8.0,8.0,0.0
smd,Uniform,method_retrained,0.5,0.5,456,0.975,0.5222980676218628,0.29591564335290976,0.8229398663697105,0.43530335754957783,0.20457630405274385,0.7954236959472561,1.0,1.125,0.0,371.0,13.027142806980581,8.0,8.0,0.0
smd,Uniform,method_retrained,0.5,0.5,456,0.99,0.5898127795003141,0.31438356164383563,0.5111358574610245,0.3893129770992366,0.11646305991855731,0.8835369400814427,0.875,5.0,0.0,158.0,5.5479476105200325,8.0,7.0,1.0
smd,Uniform,method_retrained,0.5,0.5,456,0.995,0.6221782699172849,0.32909930715935337,0.42316258351893093,0.37025008119519326,0.09012992049641265,0.9098700795035873,0.75,27.666666666666668,27.5,84.0,2.949541767618245,8.0,6.0,2.0
smd,Uniform,method_retrained,0.5,0.5,456,0.999,0.6850993691860814,0.37149719775820655,0.34446919079435784,0.3574730354391371,0.060888113244134186,0.9391118867558658,0.625,345.4,315.0,41.0,1.4396572913374768,8.0,5.0,3.0
smd,Uniform,fixed_full_data,0.5,0.5,456,0.95,0.4779888130611488,0.23255004351610095,0.991833704528582,0.3767625493513818,0.3419817723482645,0.6580182276517355,1.0,0.125,0.0,811.0,28.477123494504724,8.0,8.0,0.0
smd,Uniform,fixed_full_data,0.5,0.5,456,0.975,0.5240515418328757,0.3266303588884234,0.8682256867112101,0.47468290208016234,0.1870079503587357,0.8129920496412643,1.0,1.125,0.0,301.0,10.569191333965378,8.0,8.0,0.0
smd,Uniform,fixed_full_data,0.5,0.5,456,0.99,0.5855605530841695,0.3280350149735084,0.5285820341499629,0.40483297796730633,0.11312778747333721,0.8868722125266628,0.75,14.0,4.0,171.0,6.004424312651428,8.0,6.0,2.0
smd,Uniform,fixed_full_data,0.5,0.5,456,0.995,0.6234335595848206,0.3341288782816229,0.41573867854491464,0.370492887859742,0.08656195462478185,0.9134380453752181,0.625,53.4,61.0,81.0,2.8442009902033076,8.0,5.0,3.0
smd,Uniform,fixed_full_data,0.5,0.5,456,0.999,0.6893914472102501,0.3754111842105263,0.3389012620638456,0.3562231759656652,0.058910219119643205,0.9410897808803568,0.625,348.2,315.0,48.0,1.685452438638997,8.0,5.0,3.0
smd,Full Data,method_retrained,1.0,0.5,456,0.95,0.4779888130611488,0.23462997265590543,0.9873793615441723,0.37916043047537595,0.33651347682761296,0.6634865231723871,1.0,0.0,0.0,1281.0,44.98051195617823,8.0,8.0,0.0
smd,Full Data,method_retrained,1.0,0.5,456,0.975,0.5240515418328757,0.3161371942648299,0.8348181143281366,0.458605220228385,0.18867558658134576,0.8113244134186542,1.0,1.0,0.0,481.0,16.889637978861618,8.0,8.0,0.0
smd,Full Data,method_retrained,1.0,0.5,456,0.99,0.5855605530841695,0.32913421896472744,0.5334075723830735,0.40708215297450423,0.11359317432615862,0.8864068256738413,0.75,5.666666666666667,0.5,262.0,9.199761227571193,8.0,6.0,2.0
smd,Full Data,method_retrained,1.0,0.5,456,0.995,0.6234335595848206,0.34263884807522776,0.4328136599851522,0.38248318845333773,0.08675586581345744,0.9132441341865426,0.625,23.0,27.0,145.0,5.091470908388637,8.0,5.0,3.0
smd,Full Data,method_retrained,1.0,0.5,456,0.999,0.6893914472102501,0.3781443298969072,0.34038604305864884,0.35827310021488573,0.05848361450455691,0.9415163854954431,0.625,304.6,307.0,88.0,3.089996137504828,8.0,5.0,3.0
smd,Full Data,fixed_full_data,1.0,0.5,456,0.95,0.4779888130611488,0.23462997265590543,0.9873793615441723,0.37916043047537595,0.33651347682761296,0.6634865231723871,1.0,0.0,0.0,1281.0,44.98051195617823,8.0,8.0,0.0
smd,Full Data,fixed_full_data,1.0,0.5,456,0.975,0.5240515418328757,0.3161371942648299,0.8348181143281366,0.458605220228385,0.18867558658134576,0.8113244134186542,1.0,1.0,0.0,481.0,16.889637978861618,8.0,8.0,0.0
smd,Full Data,fixed_full_data,1.0,0.5,456,0.99,0.5855605530841695,0.32913421896472744,0.5334075723830735,0.40708215297450423,0.11359317432615862,0.8864068256738413,0.75,5.666666666666667,0.5,262.0,9.199761227571193,8.0,6.0,2.0
smd,Full Data,fixed_full_data,1.0,0.5,456,0.995,0.6234335595848206,0.34263884807522776,0.4328136599851522,0.38248318845333773,0.08675586581345744,0.9132441341865426,0.625,23.0,27.0,145.0,5.091470908388637,8.0,5.0,3.0
smd,Full Data,fixed_full_data,1.0,0.5,456,0.999,0.6893914472102501,0.3781443298969072,0.34038604305864884,0.35827310021488573,0.05848361450455691,0.9415163854954431,0.625,304.6,307.0,88.0,3.089996137504828,8.0,5.0,3.0
smd,PCA-Triage,method_retrained,0.5,0.5,789,0.95,0.4776354233763708,0.2518439440993789,0.9632516703786191,0.39929219879981537,0.2989722707000194,0.7010277292999806,1.0,0.125,0.0,764.0,26.826784648337373,8.0,8.0,0.0
smd,PCA-Triage,method_retrained,0.5,0.5,789,0.975,0.5183002192225903,0.3114997036158862,0.7802524127691166,0.44524465155687354,0.18018227651735505,0.8198177234826449,0.75,2.8333333333333335,0.0,283.0,9.937146669475753,8.0,6.0,2.0
smd,PCA-Triage,method_retrained,0.5,0.5,789,0.99,0.5744631006229388,0.3281653746770026,0.5185597624350409,0.40195655301395483,0.11091719992243552,0.8890828000775645,0.625,17.4,7.0,162.0,5.688401980406615,8.0,5.0,3.0
smd,PCA-Triage,method_retrained,0.5,0.5,789,0.995,0.6092774079333526,0.334622248661511,0.41759465478841873,0.37153236459709377,0.08675586581345744,0.9132441341865426,0.625,62.0,63.0,76.0,2.668633027845079,8.0,5.0,3.0
smd,PCA-Triage,method_retrained,0.5,0.5,789,0.999,0.6690364810081394,0.36871733011660635,0.34038604305864884,0.3539857170430419,0.060888113244134186,0.9391118867558658,0.625,345.6,314.0,55.0,1.9312475859405176,8.0,5.0,3.0
smd,PCA-Triage,fixed_full_data,0.5,0.5,789,0.95,0.4798697739151712,0.263003736996263,0.9665924276169265,0.4134974196109567,0.28299398875315107,0.7170060112468489,1.0,0.125,0.0,781.0,27.42371572035535,8.0,8.0,0.0
smd,PCA-Triage,fixed_full_data,0.5,0.5,789,0.975,0.5170722019765318,0.3195057369814651,0.8062360801781737,0.45764854614412137,0.1794066317626527,0.8205933682373473,0.75,0.16666666666666666,0.0,294.0,10.323396186663858,8.0,6.0,2.0
smd,PCA-Triage,fixed_full_data,0.5,0.5,789,0.99,0.5714888648892734,0.3441466854724965,0.5434298440979956,0.4214162348877375,0.1082024432809773,0.8917975567190227,0.625,12.4,7.0,174.0,6.1097650900663645,8.0,5.0,3.0
smd,PCA-Triage,fixed_full_data,0.5,0.5,789,0.995,0.6096981420888973,0.3390296002441257,0.4123979213066073,0.37213197119410485,0.08400232693426411,0.9159976730657359,0.625,74.4,72.0,81.0,2.8442009902033076,8.0,5.0,3.0
smd,PCA-Triage,fixed_full_data,0.5,0.5,789,0.999,0.6804889240789177,0.3802876480541455,0.33370452858203414,0.3554764729141953,0.05681597828194687,0.9431840217180532,0.625,346.0,315.0,50.0,1.7556796235822887,8.0,5.0,3.0
smd,Variance,method_retrained,0.5,0.5,789,0.95,0.4711191823115779,0.2478616049975973,0.9573125463994061,0.3937705168333461,0.30350979251502813,0.6964902074849719,1.0,0.0,0.0,1135.0,39.85392745531795,8.0,8.0,0.0
smd,Variance,method_retrained,0.5,0.5,789,0.975,0.5144903905423326,0.30634339737724914,0.7457312546399406,0.43428447903156076,0.17642039945704868,0.8235796005429513,1.0,1.0,0.0,370.0,12.992029214508936,8.0,8.0,0.0
smd,Variance,method_retrained,0.5,0.5,789,0.99,0.5774009260943723,0.3523626769009355,0.5452858203414996,0.4280926708436544,0.10471204188481675,0.8952879581151832,0.875,9.857142857142858,1.0,191.0,6.706696162084343,8.0,7.0,1.0
smd,Variance,method_retrained,0.5,0.5,789,0.995,0.6131350911888471,0.35947712418300654,0.4491462509279881,0.39933993399339934,0.08361450455691294,0.9163854954430871,0.625,57.0,35.0,95.0,3.3357912848063487,8.0,5.0,3.0
smd,Variance,method_retrained,0.5,0.5,789,0.999,0.6780971160044329,0.3755546591367487,0.34558277654046027,0.35994587280108253,0.0600349040139616,0.9399650959860384,0.625,212.6,232.0,69.0,2.4228378805435584,8.0,5.0,3.0
smd,Variance,fixed_full_data,0.5,0.5,789,0.95,0.4798697739151712,0.2621665648544085,0.9558277654046028,0.4114733141578779,0.2810548768663952,0.7189451231336048,1.0,0.125,0.0,1000.0,35.113592471645774,8.0,8.0,0.0
smd,Variance,fixed_full_data,0.5,0.5,789,0.975,0.5170722019765318,0.309711684370258,0.7576095025983668,0.4396811719086601,0.17642039945704868,0.8235796005429513,1.0,1.0,0.0,408.0,14.326345728431475,8.0,8.0,0.0
smd,Variance,fixed_full_data,0.5,0.5,789,0.99,0.5714888648892734,0.3481743227326266,0.5486265775798069,0.4259979824182159,0.10731045181306961,0.8926895481869304,1.0,4.25,0.0,212.0,7.444081603988904,8.0,8.0,0.0
smd,Variance,fixed_full_data,0.5,0.5,789,0.995,0.6096981420888973,0.36038473098887885,0.44506310319227915,0.39827271217405746,0.08252860190032965,0.9174713980996704,0.625,53.0,39.0,83.0,2.9144281751465995,8.0,5.0,3.0
smd,Variance,fixed_full_data,0.5,0.5,789,0.999,0.6804889240789177,0.38175675675675674,0.33556050482553823,0.3571710786250494,0.056777196044211754,0.9432228039557883,0.625,295.8,307.0,54.0,1.896133993468872,8.0,5.0,3.0
smd,Threshold,method_retrained,0.5,0.5,789,0.95,0.4799657278495052,0.23646192562214557,0.9417223459539718,0.3780078968933919,0.31770409152608103,0.682295908473919,1.0,0.875,0.0,1041.0,36.55324976298325,8.0,8.0,0.0
smd,Threshold,method_retrained,0.5,0.5,789,0.975,0.5241119473656817,0.2922665875018554,0.7308834446919079,0.41755911356165837,0.18491370952103936,0.8150862904789606,1.0,2.125,0.0,343.0,12.043962217774501,8.0,8.0,0.0
smd,Threshold,method_retrained,0.5,0.5,789,0.99,0.6005183319069601,0.3137587964086387,0.4799554565701559,0.379457079970653,0.10967616831491177,0.8903238316850882,0.625,47.0,52.0,130.0,4.56476702131395,8.0,5.0,3.0
smd,Threshold,method_retrained,0.5,0.5,789,0.995,0.6336600860169842,0.32544201378483667,0.40311804008908686,0.3601392803846792,0.08729881714174909,0.912701182858251,0.625,121.4,125.0,100.0,3.5113592471645774,8.0,5.0,3.0
smd,Threshold,method_retrained,0.5,0.5,789,0.999,0.6827721317925375,0.370907583920431,0.3322197475872309,0.35049931466614453,0.05887143688190809,0.9411285631180919,0.625,306.2,307.0,78.0,2.7388602127883703,8.0,5.0,3.0
smd,Threshold,fixed_full_data,0.5,0.5,789,0.95,0.4798697739151712,0.252985884907709,0.9513734224201931,0.39968810916179337,0.2935039751793678,0.7064960248206321,1.0,0.5,0.0,1039.0,36.48302257803996,8.0,8.0,0.0
smd,Threshold,fixed_full_data,0.5,0.5,789,0.975,0.5170722019765318,0.30303476723629935,0.7635486265775798,0.43387470997679817,0.18347876672484004,0.81652123327516,1.0,1.0,0.0,438.0,15.379753502580849,8.0,8.0,0.0
smd,Threshold,fixed_full_data,0.5,0.5,789,0.99,0.5714888648892734,0.3378839590443686,0.5512249443207127,0.4189589504866695,0.1128563118091914,0.8871436881908086,1.0,3.625,0.0,224.0,7.865444713648653,8.0,8.0,0.0
smd,Threshold,fixed_full_data,0.5,0.5,789,0.995,0.6096981420888973,0.35190097259062775,0.44320712694877507,0.39231148348940365,0.08528214077952298,0.914717859220477,0.625,38.8,39.0,99.0,3.4762456546929315,8.0,5.0,3.0
smd,Threshold,fixed_full_data,0.5,0.5,789,0.999,0.6804889240789177,0.3776732249786142,0.3277654046028211,0.3509538950715421,0.0564281559045957,0.9435718440954043,0.625,300.0,313.0,49.0,1.720566031110643,8.0,5.0,3.0
smd,Uniform,method_retrained,0.5,0.5,789,0.95,0.4795462335762118,0.24824777419965902,0.9729027468448403,0.3955629338967703,0.30781462090362616,0.6921853790963739,1.0,0.25,0.0,726.0,25.492468134414832,8.0,8.0,0.0
smd,Uniform,method_retrained,0.5,0.5,789,0.975,0.5152199088799381,0.30603085553997195,0.8099480326651819,0.44421824104234525,0.1918945123133605,0.8081054876866395,1.0,0.25,0.0,346.0,12.149302995189437,8.0,8.0,0.0
smd,Uniform,method_retrained,0.5,0.5,789,0.99,0.5768753655758876,0.32365339578454333,0.5129918337045286,0.3968983342906376,0.11200310257901881,0.8879968974209812,0.875,16.142857142857142,1.0,141.0,4.951016538502055,8.0,7.0,1.0
smd,Uniform,method_retrained,0.5,0.5,789,0.995,0.6203755509089698,0.3443728917509966,0.41685226429101707,0.3771620486985726,0.08291642427768083,0.9170835757223191,0.625,75.4,69.0,51.0,1.7907932160539344,8.0,5.0,3.0
smd,Uniform,method_retrained,0.5,0.5,789,0.999,0.6741409886939644,0.37032664305391577,0.34929472902746844,0.3595033428844317,0.06205158037618771,0.9379484196238123,0.625,303.6,300.0,50.0,1.7556796235822887,8.0,5.0,3.0
smd,Uniform,fixed_full_data,0.5,0.5,789,0.95,0.4798697739151712,0.2630570679572494,0.9684484038604306,0.413732952743419,0.28345937560597245,0.7165406243940275,1.0,0.0,0.0,734.0,25.773376874188,8.0,8.0,0.0
smd,Uniform,fixed_full_data,0.5,0.5,789,0.975,0.5170722019765318,0.3181953988646549,0.7906458797327395,0.4537707711972731,0.17700213302307544,0.8229978669769246,1.0,0.25,0.0,301.0,10.569191333965378,8.0,8.0,0.0
smd,Uniform,fixed_full_data,0.5,0.5,789,0.99,0.5714888648892734,0.34086584205518555,0.5319227913882703,0.4154827486227892,0.10746558076401008,0.8925344192359899,0.875,5.0,0.0,161.0,5.653288387934969,8.0,7.0,1.0
smd,Uniform,fixed_full_data,0.5,0.5,789,0.995,0.6096981420888973,0.34836561743341404,0.42724573125463994,0.3837945981993998,0.08349815784370758,0.9165018421562924,0.625,50.8,48.0,70.0,2.4579514730152043,8.0,5.0,3.0
smd,Uniform,fixed_full_data,0.5,0.5,789,0.999,0.6804889240789177,0.3803292528493035,0.3344469190794358,0.3559154651392455,0.05693232499515222,0.9430676750048478,0.625,349.8,315.0,40.0,1.4045436988658309,8.0,5.0,3.0
smd,Full Data,method_retrained,1.0,0.5,789,0.95,0.4798697739151712,0.2613891726251277,0.9498886414253898,0.4099647548862544,0.2804343610626333,0.7195656389373667,1.0,0.125,0.0,1126.0,39.537905123073145,8.0,8.0,0.0
smd,Full Data,method_retrained,1.0,0.5,789,0.975,0.5170722019765318,0.3051181102362205,0.7479584261321455,0.43342654334265435,0.17797168896645335,0.8220283110335467,1.0,1.0,0.0,500.0,17.556796235822887,8.0,8.0,0.0
smd,Full Data,method_retrained,1.0,0.5,789,0.99,0.5714888648892734,0.3470629534285046,0.550482553823311,0.4257212573561074,0.1082024432809773,0.8917975567190227,1.0,4.25,0.0,242.0,8.497489378138278,8.0,8.0,0.0
smd,Full Data,method_retrained,1.0,0.5,789,0.995,0.6096981420888973,0.3620689655172414,0.4521158129175947,0.4021129085506768,0.08322668217956176,0.9167733178204382,0.625,18.0,26.0,118.0,4.143403911654201,8.0,5.0,3.0
smd,Full Data,method_retrained,1.0,0.5,789,0.999,0.6804889240789177,0.37938318546683564,0.3333333333333333,0.354870578936969,0.056971107232887334,0.9430288927671127,0.625,346.0,315.0,64.0,2.2472699181853297,8.0,5.0,3.0
smd,Full Data,fixed_full_data,1.0,0.5,789,0.95,0.4798697739151712,0.2613891726251277,0.9498886414253898,0.4099647548862544,0.2804343610626333,0.7195656389373667,1.0,0.125,0.0,1126.0,39.537905123073145,8.0,8.0,0.0
smd,Full Data,fixed_full_data,1.0,0.5,789,0.975,0.5170722019765318,0.3051181102362205,0.7479584261321455,0.43342654334265435,0.17797168896645335,0.8220283110335467,1.0,1.0,0.0,500.0,17.556796235822887,8.0,8.0,0.0
smd,Full Data,fixed_full_data,1.0,0.5,789,0.99,0.5714888648892734,0.3470629534285046,0.550482553823311,0.4257212573561074,0.1082024432809773,0.8917975567190227,1.0,4.25,0.0,242.0,8.497489378138278,8.0,8.0,0.0
smd,Full Data,fixed_full_data,1.0,0.5,789,0.995,0.6096981420888973,0.3620689655172414,0.4521158129175947,0.4021129085506768,0.08322668217956176,0.9167733178204382,0.625,18.0,26.0,118.0,4.143403911654201,8.0,5.0,3.0
smd,Full Data,fixed_full_data,1.0,0.5,789,0.999,0.6804889240789177,0.37938318546683564,0.3333333333333333,0.354870578936969,0.056971107232887334,0.9430288927671127,0.625,346.0,315.0,64.0,2.2472699181853297,8.0,5.0,3.0
smd,PCA-Triage,method_retrained,0.5,0.5,1024,0.95,0.484807297006274,0.24288076428440197,0.9814402375649591,0.3893961708394698,0.3196432034128369,0.6803567965871631,1.0,0.0,0.0,812.0,28.51223708697637,8.0,8.0,0.0
smd,PCA-Triage,method_retrained,0.5,0.5,1024,0.975,0.5335521985312157,0.29981746273197446,0.7316258351893096,0.425334484246871,0.178514640294745,0.821485359705255,0.75,0.6666666666666666,1.0,262.0,9.199761227571193,8.0,6.0,2.0
smd,PCA-Triage,method_retrained,0.5,0.5,1024,0.99,0.5839130833051893,0.31211979410388396,0.4951744617668894,0.38289322617680827,0.1140197789412449,0.8859802210587551,0.625,20.4,10.0,189.0,6.636468977141051,8.0,5.0,3.0
smd,PCA-Triage,method_retrained,0.5,0.5,1024,0.995,0.6185790376093044,0.33081570996978854,0.4064587973273942,0.3647568287808128,0.08590265658328486,0.9140973434167151,0.625,78.8,72.0,87.0,3.0548825450331822,8.0,5.0,3.0
smd,PCA-Triage,method_retrained,0.5,0.5,1024,0.999,0.6955692382722263,0.3806423611111111,0.3255382331106162,0.3509403761504602,0.05534225324801241,0.9446577467519875,0.625,352.6,328.0,51.0,1.7907932160539344,8.0,5.0,3.0
smd,PCA-Triage,fixed_full_data,0.5,0.5,1024,0.95,0.47670706435634125,0.22401808893727493,0.9929472902746845,0.36556200888281515,0.35935621485359703,0.640643785146403,1.0,0.0,0.0,942.0,33.07700410829032,8.0,8.0,0.0
smd,PCA-Triage,fixed_full_data,0.5,0.5,1024,0.975,0.518136496239012,0.31693766937669376,0.8682256867112101,0.4643637085566806,0.1955012604227264,0.8044987395772736,0.875,0.2857142857142857,0.0,392.0,13.764528248885144,8.0,7.0,1.0
smd,PCA-Triage,fixed_full_data,0.5,0.5,1024,0.99,0.5793335900430052,0.3204985533051413,0.534521158129176,0.40072352859329347,0.11840217180531316,0.8815978281946868,0.625,7.4,1.0,166.0,5.828856350293199,8.0,5.0,3.0
smd,PCA-Triage,fixed_full_data,0.5,0.5,1024,0.995,0.6184243261340316,0.33008562149394743,0.414996288047513,0.3677026804801842,0.08799689742098118,0.9120031025790188,0.625,60.0,70.0,86.0,3.0197689525615368,8.0,5.0,3.0
smd,PCA-Triage,fixed_full_data,0.5,0.5,1024,0.999,0.701269520848572,0.3857020547945205,0.3344469190794358,0.35825049701789263,0.05565251114989335,0.9443474888501067,0.625,347.0,321.0,47.0,1.6503388461673514,8.0,5.0,3.0
smd,Variance,method_retrained,0.5,0.5,1024,0.95,0.47632478413247653,0.2555521752357773,0.9354120267260579,0.4014336917562724,0.2847004072134962,0.7152995927865038,1.0,0.125,0.0,1062.0,37.29063520488781,8.0,8.0,0.0
smd,Variance,method_retrained,0.5,0.5,1024,0.975,0.5246925845056786,0.2871065665441764,0.6670378619153675,0.40142968837261256,0.17304634477409347,0.8269536552259066,1.0,1.125,0.0,314.0,11.025668036096773,8.0,8.0,0.0
smd,Variance,method_retrained,0.5,0.5,1024,0.99,0.578824503573666,0.32291427258101585,0.5215293244246474,0.3988644428672818,0.11425247236765561,0.8857475276323444,0.75,12.0,7.0,209.0,7.338740826573967,8.0,6.0,2.0
smd,Variance,method_retrained,0.5,0.5,1024,0.995,0.6243146241050246,0.3421452446065026,0.4179658500371195,0.37627401837928154,0.08396354469652899,0.916036455303471,0.625,72.2,61.0,108.0,3.792267986937744,8.0,5.0,3.0
smd,Variance,method_retrained,0.5,0.5,1024,0.999,0.7054039153553199,0.38099352051835855,0.3273942093541203,0.3521661010181673,0.055574946674423115,0.9444250533255769,0.625,349.8,326.0,57.0,2.001474770883809,8.0,5.0,3.0
smd,Variance,fixed_full_data,0.5,0.5,1024,0.95,0.47670706435634125,0.22287047841306884,0.9925760950259837,0.3640076231962973,0.36160558464223386,0.6383944153577662,1.0,0.0,0.0,1282.0,45.01562554864988,8.0,8.0,0.0
smd,Variance,fixed_full_data,0.5,0.5,1024,0.975,0.518136496239012,0.30594594594594593,0.8403860430586488,0.44858331682187436,0.19918557300756254,0.8008144269924374,1.0,1.0,0.0,544.0,19.1017943045753,8.0,8.0,0.0
smd,Variance,fixed_full_data,0.5,0.5,1024,0.99,0.5793335900430052,0.31937403570641393,0.5378619153674833,0.40077444336882867,0.11975955012604227,0.8802404498739578,0.875,4.428571428571429,0.0,203.0,7.1280592717440925,8.0,7.0,1.0
smd,Variance,fixed_full_data,0.5,0.5,1024,0.995,0.6184243261340316,0.33704572098475966,0.4268745360059391,0.3766786767114314,0.08772542175683537,0.9122745782431646,0.625,53.0,60.0,114.0,4.002949541767618,8.0,5.0,3.0
smd,Variance,fixed_full_data,0.5,0.5,1024,0.999,0.701269520848572,0.3854121709106603,0.3314773570898292,0.35641588505288363,0.05522590653480706,0.9447740934651929,0.625,351.8,315.0,47.0,1.6503388461673514,8.0,5.0,3.0
smd,Threshold,method_retrained,0.5,0.5,1024,0.95,0.48055213578933426,0.2718029350104822,0.9625092798812175,0.42390060487166914,0.26942020554586,0.73057979445414,1.0,0.125,0.0,820.0,28.793145826749534,8.0,8.0,0.0
smd,Threshold,method_retrained,0.5,0.5,1024,0.975,0.5300722898240698,0.30459408432976715,0.718634001484781,0.4278453038674033,0.17141749078921853,0.8285825092107815,1.0,1.0,0.0,314.0,11.025668036096773,8.0,8.0,0.0
smd,Threshold,method_retrained,0.5,0.5,1024,0.99,0.5855845260578092,0.33164739884393063,0.5111358574610245,0.4022787028921998,0.10762070971495055,0.8923792902850495,0.625,33.2,31.0,201.0,7.057832086800801,8.0,5.0,3.0
smd,Threshold,method_retrained,0.5,0.5,1024,0.995,0.618434340565611,0.34597875569044007,0.42316258351893093,0.3806979462347637,0.08357572231917781,0.9164242776808221,0.625,59.0,52.0,97.0,3.40601846974964,8.0,5.0,3.0
smd,Threshold,method_retrained,0.5,0.5,1024,0.999,0.686566737702466,0.37163299663299665,0.3277654046028211,0.3483234714003945,0.05790188093853015,0.9420981190614699,0.625,310.0,314.0,40.0,1.4045436988658309,8.0,5.0,3.0
smd,Threshold,fixed_full_data,0.5,0.5,1024,0.95,0.47670706435634125,0.21608896826041074,0.9881217520415738,0.3546259908079664,0.37452006980802793,0.6254799301919721,1.0,0.0,0.0,1289.0,45.2614206959514,8.0,8.0,0.0
smd,Threshold,fixed_full_data,0.5,0.5,1024,0.975,0.518136496239012,0.299960789439289,0.8518930957683741,0.44369260512324793,0.20771766530928834,0.7922823346907116,1.0,1.0,0.0,544.0,19.1017943045753,8.0,8.0,0.0
smd,Threshold,fixed_full_data,0.5,0.5,1024,0.99,0.5793335900430052,0.30830636461704425,0.5304380103934669,0.3899577022786192,0.12433585417878612,0.8756641458212139,0.75,15.666666666666666,0.5,228.0,8.005899083535237,8.0,6.0,2.0
smd,Threshold,fixed_full_data,0.5,0.5,1024,0.995,0.6184243261340316,0.3244482659787905,0.4201930215293244,0.36616529192948405,0.09140973434167152,0.9085902656583285,0.625,50.2,35.0,116.0,4.073176726710909,8.0,5.0,3.0
smd,Threshold,fixed_full_data,0.5,0.5,1024,0.999,0.701269520848572,0.38299737072743206,0.3244246473645137,0.3512861736334405,0.05460539073104518,0.9453946092689548,0.625,360.8,330.0,52.0,1.8259068085255803,8.0,5.0,3.0
smd,Uniform,method_retrained,0.5,0.5,1024,0.95,0.47363493470893087,0.24990533888678532,0.9799554565701559,0.3982501131392367,0.3073104518130696,0.6926895481869304,1.0,0.0,0.0,703.0,24.68485550756698,8.0,8.0,0.0
smd,Uniform,method_retrained,0.5,0.5,1024,0.975,0.5205579731729478,0.30771531100478466,0.7639198218262806,0.4387124280537199,0.17956176071359317,0.8204382392864068,1.0,0.25,0.0,214.0,7.514308788932196,8.0,8.0,0.0
smd,Uniform,method_retrained,0.5,0.5,1024,0.99,0.5754768413789304,0.30894854586129755,0.5126206384558277,0.38553880513679506,0.11979833236377739,0.8802016676362227,0.625,22.4,27.0,151.0,5.302152463218512,8.0,5.0,3.0
smd,Uniform,method_retrained,0.5,0.5,1024,0.995,0.6121653867576138,0.327864049223557,0.4153674832962138,0.36646471262485675,0.08896645336435913,0.9110335466356408,0.625,57.8,61.0,93.0,3.265564099863057,8.0,5.0,3.0
smd,Uniform,method_retrained,0.5,0.5,1024,0.999,0.6935442561172754,0.3768236765318883,0.33556050482553823,0.3549970547810721,0.05797944541400039,0.9420205545859996,0.625,347.8,316.0,33.0,1.1587485515643106,8.0,5.0,3.0
smd,Uniform,fixed_full_data,0.5,0.5,1024,0.95,0.47670706435634125,0.22283379201067469,0.991833704528582,0.36390875042560433,0.3614116734535583,0.6385883265464417,1.0,0.0,0.0,898.0,31.532006039537904,8.0,8.0,0.0
smd,Uniform,fixed_full_data,0.5,0.5,1024,0.975,0.518136496239012,0.31594474989942334,0.874536005939124,0.46419072012609597,0.19782819468683344,0.8021718053131666,1.0,0.25,0.0,367.0,12.886688437094,8.0,8.0,0.0
smd,Uniform,fixed_full_data,0.5,0.5,1024,0.99,0.5793335900430052,0.31552330694810904,0.5326651818856719,0.3962993648163491,0.12072910606942021,0.8792708939305798,0.75,8.166666666666666,4.5,151.0,5.302152463218512,8.0,6.0,2.0
smd,Uniform,fixed_full_data,0.5,0.5,1024,0.995,0.6184243261340316,0.3307715045817322,0.4153674832962138,0.3682738193187428,0.0878029862323056,0.9121970137676944,0.625,118.6,128.0,80.0,2.8090873977316617,8.0,5.0,3.0
smd,Uniform,fixed_full_data,0.5,0.5,1024,0.999,0.701269520848572,0.38643194504079004,0.33407572383073497,0.35835158271949036,0.055419817723482645,0.9445801822765174,0.625,350.2,316.0,39.0,1.3694301063941852,8.0,5.0,3.0
smd,Full Data,method_retrained,1.0,0.5,1024,0.95,0.47670706435634125,0.22464135021097045,0.9881217520415738,0.36606160616061606,0.3563312003102579,0.6436687996897421,1.0,0.0,0.0,1431.0,50.2475508269251,8.0,8.0,0.0
smd,Full Data,method_retrained,1.0,0.5,1024,0.975,0.518136496239012,0.3080283997815401,0.8374164810690423,0.4503892992613296,0.19654838084157455,0.8034516191584254,1.0,1.0,0.0,604.0,21.208609852874048,8.0,8.0,0.0
smd,Full Data,method_retrained,1.0,0.5,1024,0.99,0.5793335900430052,0.3254424778761062,0.5460282108389013,0.407818131411145,0.1182470428543727,0.8817529571456273,0.875,5.0,1.0,246.0,8.63794374802486,8.0,7.0,1.0
smd,Full Data,method_retrained,1.0,0.5,1024,0.995,0.6184243261340316,0.34016993847055377,0.4309576837416481,0.3802194203373178,0.0873375993794842,0.9126624006205158,0.625,37.2,11.0,125.0,4.389199058955722,8.0,5.0,3.0
smd,Full Data,method_retrained,1.0,0.5,1024,0.999,0.701269520848572,0.38324117396852403,0.3344469190794358,0.35718533201189295,0.05623424471592011,0.9437657552840799,0.625,346.0,315.0,62.0,2.177042733242038,8.0,5.0,3.0
smd,Full Data,fixed_full_data,1.0,0.5,1024,0.95,0.47670706435634125,0.22464135021097045,0.9881217520415738,0.36606160616061606,0.3563312003102579,0.6436687996897421,1.0,0.0,0.0,1431.0,50.2475508269251,8.0,8.0,0.0
smd,Full Data,fixed_full_data,1.0,0.5,1024,0.975,0.518136496239012,0.3080283997815401,0.8374164810690423,0.4503892992613296,0.19654838084157455,0.8034516191584254,1.0,1.0,0.0,604.0,21.208609852874048,8.0,8.0,0.0
smd,Full Data,fixed_full_data,1.0,0.5,1024,0.99,0.5793335900430052,0.3254424778761062,0.5460282108389013,0.407818131411145,0.1182470428543727,0.8817529571456273,0.875,5.0,1.0,246.0,8.63794374802486,8.0,7.0,1.0
smd,Full Data,fixed_full_data,1.0,0.5,1024,0.995,0.6184243261340316,0.34016993847055377,0.4309576837416481,0.3802194203373178,0.0873375993794842,0.9126624006205158,0.625,37.2,11.0,125.0,4.389199058955722,8.0,5.0,3.0
smd,Full Data,fixed_full_data,1.0,0.5,1024,0.999,0.701269520848572,0.38324117396852403,0.3344469190794358,0.35718533201189295,0.05623424471592011,0.9437657552840799,0.625,346.0,315.0,62.0,2.177042733242038,8.0,5.0,3.0
smd,PCA-Triage,method_retrained,0.7,0.7,42,0.95,0.48102099985521746,0.24689499435453519,0.9740163325909429,0.3939348446179252,0.310413030831879,0.689586969168121,1.0,0.125,0.0,1025.0,35.99143228343692,8.0,8.0,0.0
smd,PCA-Triage,method_retrained,0.7,0.7,42,0.975,0.5238203632716656,0.30314541862938765,0.7405345211581291,0.43018867924528303,0.177855342253248,0.8221446577467519,1.0,1.125,0.0,355.0,12.46532532743425,8.0,8.0,0.0
smd,PCA-Triage,method_retrained,0.7,0.7,42,0.99,0.5792501643796,0.3210455764075067,0.5334075723830735,0.400836820083682,0.11785922047702152,0.8821407795229784,1.0,4.25,0.0,193.0,6.776923347027634,8.0,8.0,0.0
smd,PCA-Triage,method_retrained,0.7,0.7,42,0.995,0.628072160160744,0.34235046588518186,0.42279138827023016,0.3783424680285667,0.08485553616443668,0.9151444638355634,0.625,43.0,7.0,95.0,3.3357912848063487,8.0,5.0,3.0
smd,PCA-Triage,method_retrained,0.7,0.7,42,0.999,0.6843127708780086,0.3763352506162695,0.340014847809948,0.35725429017160687,0.05887143688190809,0.9411285631180919,0.625,245.4,292.0,55.0,1.9312475859405176,8.0,5.0,3.0
smd,PCA-Triage,fixed_full_data,0.7,0.7,42,0.95,0.4815419774619354,0.24859632139399807,0.9532293986636972,0.39434889434889436,0.3010277292999806,0.6989722707000194,1.0,0.125,0.0,1049.0,36.83415850275642,8.0,8.0,0.0
smd,PCA-Triage,fixed_full_data,0.7,0.7,42,0.975,0.5252108533272932,0.30120481927710846,0.7331106161841129,0.4269808669333045,0.17770021330230754,0.8222997866976924,1.0,3.375,0.0,337.0,11.833280662944626,8.0,8.0,0.0
smd,PCA-Triage,fixed_full_data,0.7,0.7,42,0.99,0.5828796373982275,0.3235225955967555,0.51818856718634,0.39834498501926097,0.11320535194880745,0.8867946480511926,0.75,6.5,0.0,197.0,6.917377716914218,8.0,6.0,2.0
smd,PCA-Triage,fixed_full_data,0.7,0.7,42,0.995,0.6173287990634742,0.34499252615844545,0.42835931700074237,0.3821824805431363,0.08497188287764204,0.915028117122358,0.625,48.6,28.0,119.0,4.178517504125847,8.0,5.0,3.0
smd,PCA-Triage,fixed_full_data,0.7,0.7,42,0.999,0.6825169370276464,0.3884297520661157,0.3314773570898292,0.35770078109353093,0.054527826255574945,0.945472173744425,0.625,246.6,293.0,59.0,2.0717019558271006,8.0,5.0,3.0
smd,Variance,method_retrained,0.7,0.7,42,0.95,0.4792386693623793,0.22973566347589355,0.9710467706013363,0.3715645195653718,0.340159007174714,0.659840992825286,1.0,0.0,0.0,1235.0,43.36528670248253,8.0,8.0,0.0
smd,Variance,method_retrained,0.7,0.7,42,0.975,0.5218457682546661,0.29517045454545454,0.771343726800297,0.42695705773577153,0.19243746364165212,0.8075625363583478,1.0,1.0,0.0,493.0,17.311001088521365,8.0,8.0,0.0
smd,Variance,method_retrained,0.7,0.7,42,0.99,0.5762847913718844,0.3236825661320558,0.576837416481069,0.41467645096731154,0.1259259259259259,0.8740740740740741,1.0,4.125,0.0,247.0,8.673057340496506,8.0,8.0,0.0
smd,Variance,method_retrained,0.7,0.7,42,0.995,0.6105271548083709,0.34704729918835714,0.4602821083890126,0.39572363172171693,0.0904789606360287,0.9095210393639713,0.625,7.0,1.0,158.0,5.5479476105200325,8.0,5.0,3.0
smd,Variance,method_retrained,0.7,0.7,42,0.999,0.6865939268465718,0.3796768707482993,0.3314773570898292,0.35394371779627426,0.05658328485553617,0.9434167151444638,0.625,305.6,307.0,64.0,2.2472699181853297,8.0,5.0,3.0
smd,Variance,fixed_full_data,0.7,0.7,42,0.95,0.4815419774619354,0.24682007961938052,0.9435783221974758,0.3912876164088355,0.300833818111305,0.699166181888695,1.0,0.0,0.0,1212.0,42.55767407563468,8.0,8.0,0.0
smd,Variance,fixed_full_data,0.7,0.7,42,0.975,0.5252108533272932,0.29934361166234164,0.7279138827023014,0.42422931314223905,0.17801047120418848,0.8219895287958116,1.0,2.625,0.0,373.0,13.097369991923873,8.0,8.0,0.0
smd,Variance,fixed_full_data,0.7,0.7,42,0.99,0.5828796373982275,0.3282336578581363,0.5256124721603563,0.4041095890410959,0.11239092495636999,0.8876090750436301,1.0,4.25,0.0,230.0,8.076126268478529,8.0,8.0,0.0
smd,Variance,fixed_full_data,0.7,0.7,42,0.995,0.6173287990634742,0.34778734778734777,0.4346696362286563,0.38640488368256065,0.08516579406631762,0.9148342059336824,0.625,42.8,31.0,129.0,4.5296534288423045,8.0,5.0,3.0
smd,Variance,fixed_full_data,0.7,0.7,42,0.999,0.6825169370276464,0.3873913043478261,0.3307349665924276,0.3568281938325991,0.0546441729687803,0.9453558270312197,0.625,243.4,247.0,63.0,2.212156325713684,8.0,5.0,3.0
smd,Threshold,method_retrained,0.7,0.7,42,0.95,0.4773775502044365,0.23215743175841116,0.9502598366740905,0.37315064499672035,0.32836920690323834,0.6716307930967617,1.0,0.625,0.0,1314.0,46.13926050774255,8.0,8.0,0.0
smd,Threshold,method_retrained,0.7,0.7,42,0.975,0.5178493011486889,0.2836517427446405,0.7219747587230884,0.4072871950581091,0.19049835175489627,0.8095016482451037,1.0,1.0,0.0,494.0,17.34611468099301,8.0,8.0,0.0
smd,Threshold,method_retrained,0.7,0.7,42,0.99,0.5752156064394556,0.32545045045045046,0.53637713437268,0.4051023268853378,0.11615280201667637,0.8838471979833237,1.0,3.375,0.0,252.0,8.848625302854735,8.0,8.0,0.0
smd,Threshold,method_retrained,0.7,0.7,42,0.995,0.6103100366448184,0.35117153601388484,0.4506310319227914,0.3947325638107625,0.08698855923986815,0.9130114407601319,0.75,10.833333333333334,4.0,126.0,4.424312651427368,8.0,6.0,2.0
smd,Threshold,method_retrained,0.7,0.7,42,0.999,0.679473732862758,0.3780687397708674,0.3429844097995546,0.35967302452316074,0.05894900135737832,0.9410509986426216,0.625,225.0,293.0,51.0,1.7907932160539344,8.0,5.0,3.0
smd,Threshold,fixed_full_data,0.7,0.7,42,0.95,0.4815419774619354,0.2451974128776909,0.9428359317000743,0.38918256339538804,0.3032383168508823,0.6967616831491177,1.0,1.0,0.0,1249.0,43.85687699708557,8.0,8.0,0.0
smd,Threshold,fixed_full_data,0.7,0.7,42,0.975,0.5252108533272932,0.29877402754654153,0.732739420935412,0.4244704870444038,0.17967810742679852,0.8203218925732014,1.0,2.625,0.0,386.0,13.553846694055268,8.0,8.0,0.0
smd,Threshold,fixed_full_data,0.7,0.7,42,0.99,0.5828796373982275,0.3253290233202494,0.5230141054194506,0.40113879003558717,0.1133216986620128,0.8866783013379872,0.875,4.714285714285714,0.0,245.0,8.602830155553214,8.0,7.0,1.0
smd,Threshold,fixed_full_data,0.7,0.7,42,0.995,0.6173287990634742,0.3460740740740741,0.4335560504825538,0.38490690393804583,0.08559239868140392,0.9144076013185961,0.625,23.2,27.0,141.0,4.951016538502055,8.0,5.0,3.0
smd,Threshold,fixed_full_data,0.7,0.7,42,0.999,0.6825169370276464,0.3861859252823632,0.32999257609502597,0.35588470776621295,0.054799301919720766,0.9452006980802792,0.625,255.8,268.0,61.0,2.1419291407703924,8.0,5.0,3.0
smd,Uniform,method_retrained,0.7,0.7,42,0.95,0.4797429049314427,0.22981084030556567,0.9380103934669636,0.36917457998539077,0.32844677137870854,0.6715532286212914,1.0,1.0,0.0,935.0,32.831208960988796,8.0,8.0,0.0
smd,Uniform,method_retrained,0.7,0.7,42,0.975,0.5229729881934061,0.2717359697586508,0.6937639198218263,0.390513999164229,0.19426022881520263,0.8057397711847973,1.0,3.25,0.0,409.0,14.361459320903121,8.0,8.0,0.0
smd,Uniform,method_retrained,0.7,0.7,42,0.99,0.5792790408215984,0.3078132016165245,0.5089086859688196,0.38360380526021265,0.11956563893736669,0.8804343610626333,0.875,4.714285714285714,0.0,230.0,8.076126268478529,8.0,7.0,1.0
smd,Uniform,method_retrained,0.7,0.7,42,0.995,0.6233056825912185,0.3397040690505549,0.40905716406829995,0.37116874368474234,0.0830715532286213,0.9169284467713787,0.625,44.6,31.0,89.0,3.125109729976474,8.0,5.0,3.0
smd,Uniform,method_retrained,0.7,0.7,42,0.999,0.6939247922704761,0.386845521419299,0.33184855233853006,0.3572427572427572,0.054954430870661236,0.9450455691293388,0.625,306.0,307.0,52.0,1.8259068085255803,8.0,5.0,3.0
smd,Uniform,fixed_full_data,0.7,0.7,42,0.95,0.4815419774619354,0.24878617207224704,0.9510022271714922,0.39439655172413796,0.30001939111886755,0.6999806088811324,1.0,1.125,0.0,1000.0,35.113592471645774,8.0,8.0,0.0
smd,Uniform,fixed_full_data,0.7,0.7,42,0.975,0.5252108533272932,0.3033074226489864,0.7386785449146251,0.43003781739600216,0.17727360868722125,0.8227263913127787,1.0,3.0,0.0,277.0,9.72646511464588,8.0,8.0,0.0
smd,Uniform,fixed_full_data,0.7,0.7,42,0.99,0.5828796373982275,0.32448171441882134,0.5170749814402376,0.39874051810505223,0.11246848943184022,0.8875315105681598,0.875,4.714285714285714,0.0,185.0,6.496014607254468,8.0,7.0,1.0
smd,Uniform,fixed_full_data,0.7,0.7,42,0.995,0.6173287990634742,0.34468339307048984,0.42835931700074237,0.3819927176431645,0.08508822959084739,0.9149117704091526,0.625,30.6,27.0,106.0,3.722040801994452,8.0,5.0,3.0
smd,Uniform,fixed_full_data,0.7,0.7,42,0.999,0.6825169370276464,0.3867883528900478,0.3303637713437268,0.3563563563563564,0.05472173744425053,0.9452782625557494,0.625,308.2,313.0,52.0,1.8259068085255803,8.0,5.0,3.0
smd,Full Data,method_retrained,1.0,0.7,42,0.95,0.4815419774619354,0.24717789022966136,0.9428359317000743,0.39167309175019277,0.30001939111886755,0.6999806088811324,1.0,0.125,0.0,1259.0,44.20801292180203,8.0,8.0,0.0
smd,Full Data,method_retrained,1.0,0.7,42,0.975,0.5252108533272932,0.29676340981613736,0.7249443207126949,0.4211320754716981,0.17948419623812295,0.820515803761877,1.0,2.625,0.0,393.0,13.79964184135679,8.0,8.0,0.0
smd,Full Data,method_retrained,1.0,0.7,42,0.99,0.5828796373982275,0.3257103257103257,0.5233853006681515,0.40153780435711234,0.11320535194880745,0.8867946480511926,1.0,4.25,0.0,247.0,8.673057340496506,8.0,8.0,0.0
smd,Full Data,method_retrained,1.0,0.7,42,0.995,0.6173287990634742,0.3501041976778803,0.4365256124721604,0.38856765240376673,0.0846616249757611,0.9153383750242389,0.625,23.0,27.0,146.0,5.126584500860283,8.0,5.0,3.0
smd,Full Data,method_retrained,1.0,0.7,42,0.999,0.6825169370276464,0.38725065047701646,0.3314773570898292,0.3572,0.054799301919720766,0.9452006980802792,0.625,195.6,232.0,63.0,2.212156325713684,8.0,5.0,3.0
smd,Full Data,fixed_full_data,1.0,0.7,42,0.95,0.4815419774619354,0.24717789022966136,0.9428359317000743,0.39167309175019277,0.30001939111886755,0.6999806088811324,1.0,0.125,0.0,1259.0,44.20801292180203,8.0,8.0,0.0
smd,Full Data,fixed_full_data,1.0,0.7,42,0.975,0.5252108533272932,0.29676340981613736,0.7249443207126949,0.4211320754716981,0.17948419623812295,0.820515803761877,1.0,2.625,0.0,393.0,13.79964184135679,8.0,8.0,0.0
smd,Full Data,fixed_full_data,1.0,0.7,42,0.99,0.5828796373982275,0.3257103257103257,0.5233853006681515,0.40153780435711234,0.11320535194880745,0.8867946480511926,1.0,4.25,0.0,247.0,8.673057340496506,8.0,8.0,0.0
smd,Full Data,fixed_full_data,1.0,0.7,42,0.995,0.6173287990634742,0.3501041976778803,0.4365256124721604,0.38856765240376673,0.0846616249757611,0.9153383750242389,0.625,23.0,27.0,146.0,5.126584500860283,8.0,5.0,3.0
smd,Full Data,fixed_full_data,1.0,0.7,42,0.999,0.6825169370276464,0.38725065047701646,0.3314773570898292,0.3572,0.054799301919720766,0.9452006980802792,0.625,195.6,232.0,63.0,2.212156325713684,8.0,5.0,3.0
smd,PCA-Triage,method_retrained,0.7,0.7,123,0.95,0.4816107141043519,0.2506980454726765,0.933184855233853,0.3952208772205628,0.2914097343416715,0.7085902656583285,1.0,0.125,0.0,1073.0,37.67688472207592,8.0,8.0,0.0
smd,PCA-Triage,method_retrained,0.7,0.7,123,0.975,0.5263218065342056,0.30981449183446963,0.7253155159613957,0.4341739806688146,0.16881908086096567,0.8311809191390344,1.0,2.125,0.0,375.0,13.167597176867165,8.0,8.0,0.0
smd,PCA-Triage,method_retrained,0.7,0.7,123,0.99,0.5793664192575693,0.343905325443787,0.5393466963622866,0.4200028905911259,0.1075043630017452,0.8924956369982548,0.625,25.4,7.0,215.0,7.549422381403842,8.0,5.0,3.0
smd,PCA-Triage,method_retrained,0.7,0.7,123,0.995,0.6165080687809412,0.355602793805041,0.4346696362286563,0.3911808919325205,0.08229590847391895,0.917704091526081,0.625,48.2,32.0,117.0,4.108290319182555,8.0,5.0,3.0
smd,PCA-Triage,method_retrained,0.7,0.7,123,0.999,0.6851211822632945,0.3820322721325774,0.32516703786191536,0.35131341487868456,0.054954430870661236,0.9450455691293388,0.625,351.6,320.0,59.0,2.0717019558271006,8.0,5.0,3.0
smd,PCA-Triage,fixed_full_data,0.7,0.7,123,0.95,0.4864773503283707,0.2348209155334227,0.9101707498144024,0.3733252131546894,0.30987007950358736,0.6901299204964126,1.0,0.125,0.0,1036.0,36.37768180062502,8.0,8.0,0.0
smd,PCA-Triage,fixed_full_data,0.7,0.7,123,0.975,0.5297092883892486,0.28142900211034066,0.6930215293244246,0.40030017152658665,0.18487492728330424,0.8151250727166958,1.0,1.125,0.0,373.0,13.097369991923873,8.0,8.0,0.0
smd,PCA-Triage,fixed_full_data,0.7,0.7,123,0.99,0.5830036603087762,0.32146098003629764,0.5259836674090571,0.39904252323289213,0.1159976730657359,0.8840023269342641,0.75,10.5,4.0,247.0,8.673057340496506,8.0,6.0,2.0
smd,PCA-Triage,fixed_full_data,0.7,0.7,123,0.995,0.6148783032911944,0.3365303244005642,0.44283593170007424,0.3824330822247155,0.09121582315299592,0.9087841768470041,0.625,48.0,32.0,133.0,4.670107798728888,8.0,5.0,3.0
smd,PCA-Triage,fixed_full_data,0.7,0.7,123,0.999,0.6990999733654096,0.37743026204564667,0.3314773570898292,0.35296442687747037,0.057126236183827804,0.9428737638161722,0.625,349.2,315.0,64.0,2.2472699181853297,8.0,5.0,3.0
smd,Variance,method_retrained,0.7,0.7,123,0.95,0.4814055952554653,0.23671592132302574,0.8979213066072754,0.3746611941454348,0.30250145433391507,0.6974985456660849,1.0,1.0,0.0,1235.0,43.36528670248253,8.0,8.0,0.0
smd,Variance,method_retrained,0.7,0.7,123,0.975,0.5268907426682935,0.2777095486644151,0.6714922048997772,0.39291920069504777,0.18247042854372697,0.817529571456273,1.0,1.0,0.0,435.0,15.274412725165911,8.0,8.0,0.0
smd,Variance,method_retrained,0.7,0.7,123,0.99,0.5873235788306764,0.31431159420289856,0.5152190051967335,0.39043600562587905,0.11743261586193524,0.8825673841380648,1.0,10.125,0.0,266.0,9.340215597457776,8.0,8.0,0.0
smd,Variance,method_retrained,0.7,0.7,123,0.995,0.6210398196452234,0.3344778254649499,0.43392724573125463,0.37776700597834867,0.09020748497188288,0.9097925150281171,0.75,33.666666666666664,18.0,157.0,5.512834018048387,8.0,6.0,2.0
smd,Variance,method_retrained,0.7,0.7,123,0.999,0.6963387916608823,0.3845486111111111,0.32887899034892354,0.35454181672669066,0.054993213108396354,0.9450067868916037,0.625,306.8,313.0,80.0,2.8090873977316617,8.0,5.0,3.0
smd,Variance,fixed_full_data,0.7,0.7,123,0.95,0.4864773503283707,0.23144484123154135,0.8901262063845583,0.3673688242052853,0.30882295908473917,0.6911770409152608,1.0,0.125,0.0,1164.0,40.87222163699568,8.0,8.0,0.0
smd,Variance,fixed_full_data,0.7,0.7,123,0.975,0.5297092883892486,0.2730566037735849,0.6714922048997772,0.38823908144650715,0.186775256932325,0.813224743067675,1.0,1.0,0.0,445.0,15.625548649882369,8.0,8.0,0.0
smd,Variance,fixed_full_data,0.7,0.7,123,0.99,0.5830036603087762,0.3204954954954955,0.5282108389012621,0.39893467900196244,0.11700601124684894,0.882993988753151,0.75,6.0,1.0,283.0,9.937146669475753,8.0,6.0,2.0
smd,Variance,fixed_full_data,0.7,0.7,123,0.995,0.6148783032911944,0.3398250070561671,0.44691907943578324,0.38608305274971944,0.0907116540624394,0.9092883459375606,0.625,56.8,54.0,153.0,5.372379648161804,8.0,5.0,3.0
smd,Variance,fixed_full_data,0.7,0.7,123,0.999,0.6990999733654096,0.37919320594479833,0.3314773570898292,0.35373341255694196,0.05669963156874152,0.9433003684312585,0.625,306.2,308.0,68.0,2.3877242880719125,8.0,5.0,3.0
smd,Threshold,method_retrained,0.7,0.7,123,0.95,0.4807614658584539,0.2681880037684497,0.9510022271714922,0.41838817669633377,0.2711266240062052,0.7288733759937949,1.0,0.125,0.0,1107.0,38.87074686611187,8.0,8.0,0.0
smd,Threshold,method_retrained,0.7,0.7,123,0.975,0.5284327431524277,0.2965593434343434,0.6974758723088345,0.41616832779623475,0.17285243358541788,0.8271475664145821,1.0,1.0,0.0,351.0,12.324870957547667,8.0,8.0,0.0
smd,Threshold,method_retrained,0.7,0.7,123,0.99,0.5791360102777697,0.33485818847209514,0.5434298440979956,0.4143787149731107,0.11277874733372116,0.8872212526662788,0.75,5.666666666666667,0.5,237.0,8.321921415780048,8.0,6.0,2.0
smd,Threshold,method_retrained,0.7,0.7,123,0.995,0.6186542524500432,0.34581626682270333,0.43875278396436523,0.3867801047120419,0.08671708357572232,0.9132829164242777,0.625,24.4,27.0,134.0,4.705221391200534,8.0,5.0,3.0
smd,Threshold,method_retrained,0.7,0.7,123,0.999,0.6955052349336919,0.3868421052631579,0.3273942093541203,0.3546441495778046,0.054217568353694005,0.945782431646306,0.625,308.2,313.0,61.0,2.1419291407703924,8.0,5.0,3.0
smd,Threshold,fixed_full_data,0.7,0.7,123,0.95,0.4864773503283707,0.23253139077925813,0.9005196733481812,0.36961986744876973,0.31052937754508436,0.6894706224549156,1.0,0.125,0.0,1159.0,40.69665367463745,8.0,8.0,0.0
smd,Threshold,fixed_full_data,0.7,0.7,123,0.975,0.5297092883892486,0.2741644083107498,0.6759465478841871,0.39010282776349614,0.1869691681210006,0.8130308318789994,1.0,1.0,0.0,446.0,15.660662242354014,8.0,8.0,0.0
smd,Threshold,fixed_full_data,0.7,0.7,123,0.99,0.5830036603087762,0.31983805668016196,0.5278396436525612,0.3983193277310924,0.11727748691099477,0.8827225130890053,0.75,7.333333333333333,3.5,279.0,9.796692299589171,8.0,6.0,2.0
smd,Threshold,fixed_full_data,0.7,0.7,123,0.995,0.6148783032911944,0.34056338028169014,0.4487750556792873,0.38725176169122355,0.09078921853790964,0.9092107814620903,0.625,25.0,27.0,147.0,5.161698093331929,8.0,5.0,3.0
smd,Threshold,fixed_full_data,0.7,0.7,123,0.999,0.6990999733654096,0.3762166737198476,0.32999257609502597,0.3515918528771999,0.05716501842156292,0.942834981578437,0.625,307.2,313.0,58.0,2.0365883633554547,8.0,5.0,3.0
smd,Uniform,method_retrained,0.7,0.7,123,0.95,0.48079379387550375,0.2497361199071142,0.8782479584261321,0.3888888888888889,0.2756641458212139,0.7243358541787861,1.0,1.0,0.0,805.0,28.26644193967485,8.0,8.0,0.0
smd,Uniform,method_retrained,0.7,0.7,123,0.975,0.5375191450321547,0.2827699917559769,0.6365998515219006,0.3915972142938692,0.16870273414776032,0.8312972658522396,1.0,2.125,0.0,234.0,8.21658063836511,8.0,8.0,0.0
smd,Uniform,method_retrained,0.7,0.7,123,0.99,0.5883223415235439,0.31257372021703234,0.49183370452858205,0.3822299148997548,0.11301144076013186,0.8869885592398682,1.0,7.875,0.5,207.0,7.268513641630675,8.0,8.0,0.0
smd,Uniform,method_retrained,0.7,0.7,123,0.995,0.6211121112008705,0.33757773171453953,0.42316258351893093,0.3755559215944655,0.08675586581345744,0.9132441341865426,0.625,30.6,27.0,116.0,4.073176726710909,8.0,5.0,3.0
smd,Uniform,method_retrained,0.7,0.7,123,0.999,0.6903017885769501,0.38555798687089715,0.32702301410541945,0.35388632255472985,0.05445026178010471,0.9455497382198953,0.625,357.8,321.0,54.0,1.896133993468872,8.0,5.0,3.0
smd,Uniform,fixed_full_data,0.7,0.7,123,0.95,0.4864773503283707,0.23403646081893673,0.9101707498144024,0.37233315617644824,0.3112274578243165,0.6887725421756835,1.0,0.125,0.0,930.0,32.65564099863057,8.0,8.0,0.0
smd,Uniform,fixed_full_data,0.7,0.7,123,0.975,0.5297092883892486,0.2837797619047619,0.7078693392724573,0.40514127894625024,0.18665891021911965,0.8133410897808804,1.0,1.125,0.0,343.0,12.043962217774501,8.0,8.0,0.0
smd,Uniform,fixed_full_data,0.7,0.7,123,0.99,0.5830036603087762,0.31967398686891557,0.5241276911655531,0.3971312051750809,0.11654062439402754,0.8834593756059724,0.875,8.857142857142858,1.0,216.0,7.584535973875488,8.0,7.0,1.0
smd,Uniform,fixed_full_data,0.7,0.7,123,0.995,0.6148783032911944,0.3386093838326738,0.4446919079435783,0.38446726572528883,0.09075043630017451,0.9092495636998255,0.625,32.2,27.0,120.0,4.213631096597493,8.0,5.0,3.0
smd,Uniform,fixed_full_data,0.7,0.7,123,0.999,0.6990999733654096,0.38022165387894286,0.33110616184112845,0.353968253968254,0.05638937366686058,0.9436106263331394,0.625,351.2,315.0,48.0,1.685452438638997,8.0,5.0,3.0
smd,Full Data,method_retrained,1.0,0.7,123,0.95,0.4864773503283707,0.2327237728585178,0.8975501113585747,0.36961173952919596,0.30917199922435523,0.6908280007756448,1.0,0.125,0.0,1202.0,42.20653815091822,8.0,8.0,0.0
smd,Full Data,method_retrained,1.0,0.7,123,0.975,0.5297092883892486,0.27489860297431273,0.6792873051224945,0.3914019890920757,0.18720186154741128,0.8127981384525887,1.0,1.0,0.0,454.0,15.941570982127182,8.0,8.0,0.0
smd,Full Data,method_retrained,1.0,0.7,123,0.99,0.5830036603087762,0.324373164671335,0.5330363771343727,0.4033141412722932,0.1159976730657359,0.8840023269342641,0.75,5.666666666666667,0.5,280.0,9.831805892060817,8.0,6.0,2.0
smd,Full Data,method_retrained,1.0,0.7,123,0.995,0.6148783032911944,0.34108744394618834,0.45174461766889384,0.3886937080804855,0.09117704091526081,0.9088229590847392,0.625,25.0,27.0,162.0,5.688401980406615,8.0,5.0,3.0
smd,Full Data,method_retrained,1.0,0.7,123,0.999,0.6990999733654096,0.37736642827092975,0.33296213808463254,0.35377637546834945,0.057397711847973626,0.9426022881520264,0.625,306.2,308.0,68.0,2.3877242880719125,8.0,5.0,3.0
smd,Full Data,fixed_full_data,1.0,0.7,123,0.95,0.4864773503283707,0.2327237728585178,0.8975501113585747,0.36961173952919596,0.30917199922435523,0.6908280007756448,1.0,0.125,0.0,1202.0,42.20653815091822,8.0,8.0,0.0
smd,Full Data,fixed_full_data,1.0,0.7,123,0.975,0.5297092883892486,0.27489860297431273,0.6792873051224945,0.3914019890920757,0.18720186154741128,0.8127981384525887,1.0,1.0,0.0,454.0,15.941570982127182,8.0,8.0,0.0
smd,Full Data,fixed_full_data,1.0,0.7,123,0.99,0.5830036603087762,0.324373164671335,0.5330363771343727,0.4033141412722932,0.1159976730657359,0.8840023269342641,0.75,5.666666666666667,0.5,280.0,9.831805892060817,8.0,6.0,2.0
smd,Full Data,fixed_full_data,1.0,0.7,123,0.995,0.6148783032911944,0.34108744394618834,0.45174461766889384,0.3886937080804855,0.09117704091526081,0.9088229590847392,0.625,25.0,27.0,162.0,5.688401980406615,8.0,5.0,3.0
smd,Full Data,fixed_full_data,1.0,0.7,123,0.999,0.6990999733654096,0.37736642827092975,0.33296213808463254,0.35377637546834945,0.057397711847973626,0.9426022881520264,0.625,306.2,308.0,68.0,2.3877242880719125,8.0,5.0,3.0
smd,PCA-Triage,method_retrained,0.7,0.7,456,0.95,0.4803243758264491,0.22860915492957745,0.9639940608760208,0.36957449836345524,0.33984874927283304,0.660151250727167,1.0,0.0,0.0,1094.0,38.414270163980476,8.0,8.0,0.0
smd,PCA-Triage,method_retrained,0.7,0.7,456,0.975,0.5284357951523794,0.29378366574464987,0.749072011878248,0.42204329185402073,0.1881326352530541,0.8118673647469459,1.0,2.5,0.0,373.0,13.097369991923873,8.0,8.0,0.0
smd,PCA-Triage,method_retrained,0.7,0.7,456,0.99,0.5843660732432868,0.30056301429190124,0.5152190051967335,0.3796498905908096,0.12526662788442894,0.8747333721155711,0.75,25.666666666666668,3.5,237.0,8.321921415780048,8.0,6.0,2.0
smd,PCA-Triage,method_retrained,0.7,0.7,456,0.995,0.6158776151506117,0.3278275475923852,0.4346696362286563,0.37376316629428663,0.09311615280201668,0.9068838471979833,0.625,34.2,7.0,170.0,5.969310720179782,8.0,5.0,3.0
smd,PCA-Triage,method_retrained,0.7,0.7,456,0.999,0.6858226494454666,0.3707865168539326,0.3429844097995546,0.35634400308522945,0.06081054876866395,0.939189451231336,0.625,342.4,312.0,70.0,2.4579514730152043,8.0,5.0,3.0
smd,PCA-Triage,fixed_full_data,0.7,0.7,456,0.95,0.4779888130611488,0.23385535808551822,0.9866369710467706,0.37809388335704125,0.3377157261974016,0.6622842738025984,1.0,0.0,0.0,1147.0,40.2752905649777,8.0,8.0,0.0
smd,PCA-Triage,fixed_full_data,0.7,0.7,456,0.975,0.5240515418328757,0.3196916608269096,0.8466963622865628,0.46413673822362395,0.18824898196625944,0.8117510180337405,1.0,1.125,0.0,402.0,14.115664173601601,8.0,8.0,0.0
smd,PCA-Triage,fixed_full_data,0.7,0.7,456,0.99,0.5855605530841695,0.32732732732732733,0.5259836674090571,0.40353125444966537,0.11293387628466163,0.8870661237153383,0.625,20.0,1.0,229.0,8.041012676006883,8.0,5.0,3.0
smd,PCA-Triage,fixed_full_data,0.7,0.7,456,0.995,0.6234335595848206,0.3403560830860534,0.4257609502598367,0.3782981530343008,0.0862129144851658,0.9137870855148342,0.625,43.2,28.0,112.0,3.9327223568243266,8.0,5.0,3.0
smd,PCA-Triage,fixed_full_data,0.7,0.7,456,0.999,0.6893914472102501,0.37783271528636175,0.34038604305864884,0.35813317711384496,0.05856117898002715,0.9414388210199729,0.625,304.8,308.0,69.0,2.4228378805435584,8.0,5.0,3.0
smd,Variance,method_retrained,0.7,0.7,456,0.95,0.48177360414403897,0.22288902037021385,0.9788418708240535,0.36309810671256454,0.3565638937366686,0.6434361062633314,1.0,0.125,0.0,1188.0,41.71494785631518,8.0,8.0,0.0
smd,Variance,method_retrained,0.7,0.7,456,0.975,0.5302126439279807,0.28832116788321166,0.7624350408314774,0.4184151558362192,0.1966259453170448,0.8033740546829552,1.0,1.0,0.0,479.0,16.819410793918326,8.0,8.0,0.0
smd,Variance,method_retrained,0.7,0.7,456,0.99,0.5907819091124757,0.29903888160768893,0.508166295471418,0.3765126512651265,0.12445220089199147,0.8755477991080085,0.625,16.8,7.0,251.0,8.81351171038309,8.0,5.0,3.0
smd,Variance,method_retrained,0.7,0.7,456,0.995,0.6232145174278536,0.32667617689015693,0.425018559762435,0.36941442168091626,0.09152608105487686,0.9084739189451231,0.625,44.8,35.0,157.0,5.512834018048387,8.0,5.0,3.0
smd,Variance,method_retrained,0.7,0.7,456,0.999,0.6920522818091057,0.37057435090479934,0.34966592427616927,0.359816653934301,0.06205158037618771,0.9379484196238123,0.625,303.4,300.0,69.0,2.4228378805435584,8.0,5.0,3.0
smd,Variance,fixed_full_data,0.7,0.7,456,0.95,0.4779888130611488,0.23464525238263326,0.9870081662954714,0.3791530015685156,0.33635834787667246,0.6636416521233275,1.0,0.125,0.0,1270.0,44.594262438990135,8.0,8.0,0.0
smd,Variance,fixed_full_data,0.7,0.7,456,0.975,0.5240515418328757,0.3164128595600677,0.8329621380846325,0.45861434702636417,0.18801628853984875,0.8119837114601512,1.0,1.0,0.0,468.0,16.43316127673022,8.0,8.0,0.0
smd,Variance,fixed_full_data,0.7,0.7,456,0.99,0.5855605530841695,0.32901734104046243,0.5282108389012621,0.40547086479555494,0.11254605390731046,0.8874539460926896,0.75,5.666666666666667,0.5,254.0,8.918852487798027,8.0,6.0,2.0
smd,Variance,fixed_full_data,0.7,0.7,456,0.995,0.6234335595848206,0.3419335705812574,0.4279881217520416,0.38015166501813386,0.08605778553422533,0.9139422144657747,0.625,48.4,35.0,139.0,4.880789353558763,8.0,5.0,3.0
smd,Variance,fixed_full_data,0.7,0.7,456,0.999,0.6893914472102501,0.37969459347915807,0.3414996288047513,0.3595856947430135,0.058289703315881326,0.9417102966841187,0.625,303.4,300.0,76.0,2.668633027845079,8.0,5.0,3.0
smd,Threshold,method_retrained,0.7,0.7,456,0.95,0.47485714358317477,0.21665319320937754,0.9948032665181886,0.35581518852894317,0.3757998836532868,0.6242001163467132,1.0,0.125,0.0,1375.0,48.28118964851294,8.0,8.0,0.0
smd,Threshold,method_retrained,0.7,0.7,456,0.975,0.5265531498327963,0.29861210473601374,0.7746844840386043,0.4310647526592998,0.19011052937754508,0.8098894706224549,1.0,1.0,0.0,496.0,17.416341865936303,8.0,8.0,0.0
smd,Threshold,method_retrained,0.7,0.7,456,0.99,0.5869643546352933,0.3243423985733393,0.5400890868596881,0.4052924791086351,0.11754896257514058,0.8824510374248594,1.0,4.25,0.0,267.0,9.375329189929422,8.0,8.0,0.0
smd,Threshold,method_retrained,0.7,0.7,456,0.995,0.6174705044005344,0.34031267448352875,0.45248700816629545,0.3884639898024219,0.09164242776808222,0.9083575722319178,0.625,17.2,7.0,145.0,5.091470908388637,8.0,5.0,3.0
smd,Threshold,method_retrained,0.7,0.7,456,0.999,0.6843250568728796,0.36973788721207307,0.34558277654046027,0.3572524942440522,0.06154741128563118,0.9384525887143689,0.625,252.0,307.0,57.0,2.001474770883809,8.0,5.0,3.0
smd,Threshold,fixed_full_data,0.7,0.7,456,0.95,0.4779888130611488,0.23417164966584594,0.9884929472902747,0.37864353760841746,0.3377545084351367,0.6622454915648633,1.0,0.125,0.0,1272.0,44.66448962393343,8.0,8.0,0.0
smd,Threshold,fixed_full_data,0.7,0.7,456,0.975,0.5240515418328757,0.3164237668161435,0.838158871566444,0.45940996948118007,0.18917975567190226,0.8108202443280977,1.0,1.0,0.0,494.0,17.34611468099301,8.0,8.0,0.0
smd,Threshold,fixed_full_data,0.7,0.7,456,0.99,0.5855605530841695,0.3286729314691726,0.532293986636971,0.4064049879552218,0.11359317432615862,0.8864068256738413,0.75,5.5,0.0,252.0,8.848625302854735,8.0,6.0,2.0
smd,Threshold,fixed_full_data,0.7,0.7,456,0.995,0.6234335595848206,0.33990002940311675,0.429101707498144,0.3793273174733388,0.08706612371533838,0.9129338762846616,0.625,28.8,29.0,129.0,4.5296534288423045,8.0,5.0,3.0
smd,Threshold,fixed_full_data,0.7,0.7,456,0.999,0.6893914472102501,0.37602965403624383,0.3389012620638456,0.3565013666536509,0.058755090168702735,0.9412449098312973,0.625,305.2,308.0,70.0,2.4579514730152043,8.0,5.0,3.0
smd,Uniform,method_retrained,0.7,0.7,456,0.95,0.47827088441837623,0.2371977240398293,0.9903489235337788,0.38272844642088655,0.33275159976730656,0.6672484002326934,1.0,0.0,0.0,910.0,31.953369149197655,8.0,8.0,0.0
smd,Uniform,method_retrained,0.7,0.7,456,0.975,0.522586653965156,0.30052178818220276,0.7910170749814402,0.43556463975472665,0.1923598991661819,0.8076401008338181,1.0,1.125,0.0,341.0,11.97373503283121,8.0,8.0,0.0
smd,Uniform,method_retrained,0.7,0.7,456,0.99,0.5819961250451018,0.31945681211041854,0.5326651818856719,0.3993876983022544,0.11855730075625363,0.8814426992437464,0.875,4.0,0.0,194.0,6.81203693949928,8.0,7.0,1.0
smd,Uniform,method_retrained,0.7,0.7,456,0.995,0.6195898099492126,0.3400058021467943,0.4350408314773571,0.3816967920534115,0.08822959084739189,0.9117704091526081,0.625,7.2,1.0,109.0,3.8273815794093893,8.0,5.0,3.0
smd,Uniform,method_retrained,0.7,0.7,456,0.999,0.6880020281596688,0.37414141414141416,0.3437268002969562,0.3582898046043722,0.06007368625169672,0.9399263137483033,0.625,305.4,306.0,50.0,1.7556796235822887,8.0,5.0,3.0
smd,Uniform,fixed_full_data,0.7,0.7,456,0.95,0.4779888130611488,0.2336244541484716,0.9929472902746845,0.3782522624434389,0.3403141361256545,0.6596858638743456,1.0,0.0,0.0,1004.0,35.25404684153236,8.0,8.0,0.0
smd,Uniform,fixed_full_data,0.7,0.7,456,0.975,0.5240515418328757,0.3205721497686159,0.8485523385300668,0.46534351145038166,0.1878999418266434,0.8121000581733566,1.0,1.125,0.0,385.0,13.518733101583623,8.0,8.0,0.0
smd,Uniform,fixed_full_data,0.7,0.7,456,0.99,0.5855605530841695,0.32933855727126066,0.5304380103934669,0.406369970140765,0.1128563118091914,0.8871436881908086,0.75,5.5,0.0,210.0,7.373854419045612,8.0,6.0,2.0
smd,Uniform,fixed_full_data,0.7,0.7,456,0.995,0.6234335595848206,0.3365069919666766,0.4198218262806236,0.3735755573905863,0.08648439014931161,0.9135156098506884,0.625,12.8,7.0,92.0,3.2304505073914114,8.0,5.0,3.0
smd,Uniform,fixed_full_data,0.7,0.7,456,0.999,0.6893914472102501,0.3784564589352043,0.34038604305864884,0.35841313269493846,0.05840605002908668,0.9415939499709133,0.625,305.8,308.0,61.0,2.1419291407703924,8.0,5.0,3.0
smd,Full Data,method_retrained,1.0,0.7,456,0.95,0.4779888130611488,0.23462997265590543,0.9873793615441723,0.37916043047537595,0.33651347682761296,0.6634865231723871,1.0,0.0,0.0,1281.0,44.98051195617823,8.0,8.0,0.0
smd,Full Data,method_retrained,1.0,0.7,456,0.975,0.5240515418328757,0.3161371942648299,0.8348181143281366,0.458605220228385,0.18867558658134576,0.8113244134186542,1.0,1.0,0.0,481.0,16.889637978861618,8.0,8.0,0.0
smd,Full Data,method_retrained,1.0,0.7,456,0.99,0.5855605530841695,0.32913421896472744,0.5334075723830735,0.40708215297450423,0.11359317432615862,0.8864068256738413,0.75,5.666666666666667,0.5,262.0,9.199761227571193,8.0,6.0,2.0
smd,Full Data,method_retrained,1.0,0.7,456,0.995,0.6234335595848206,0.34263884807522776,0.4328136599851522,0.38248318845333773,0.08675586581345744,0.9132441341865426,0.625,23.0,27.0,145.0,5.091470908388637,8.0,5.0,3.0
smd,Full Data,method_retrained,1.0,0.7,456,0.999,0.6893914472102501,0.3781443298969072,0.34038604305864884,0.35827310021488573,0.05848361450455691,0.9415163854954431,0.625,304.6,307.0,88.0,3.089996137504828,8.0,5.0,3.0
smd,Full Data,fixed_full_data,1.0,0.7,456,0.95,0.4779888130611488,0.23462997265590543,0.9873793615441723,0.37916043047537595,0.33651347682761296,0.6634865231723871,1.0,0.0,0.0,1281.0,44.98051195617823,8.0,8.0,0.0
smd,Full Data,fixed_full_data,1.0,0.7,456,0.975,0.5240515418328757,0.3161371942648299,0.8348181143281366,0.458605220228385,0.18867558658134576,0.8113244134186542,1.0,1.0,0.0,481.0,16.889637978861618,8.0,8.0,0.0
smd,Full Data,fixed_full_data,1.0,0.7,456,0.99,0.5855605530841695,0.32913421896472744,0.5334075723830735,0.40708215297450423,0.11359317432615862,0.8864068256738413,0.75,5.666666666666667,0.5,262.0,9.199761227571193,8.0,6.0,2.0
smd,Full Data,fixed_full_data,1.0,0.7,456,0.995,0.6234335595848206,0.34263884807522776,0.4328136599851522,0.38248318845333773,0.08675586581345744,0.9132441341865426,0.625,23.0,27.0,145.0,5.091470908388637,8.0,5.0,3.0
smd,Full Data,fixed_full_data,1.0,0.7,456,0.999,0.6893914472102501,0.3781443298969072,0.34038604305864884,0.35827310021488573,0.05848361450455691,0.9415163854954431,0.625,304.6,307.0,88.0,3.089996137504828,8.0,5.0,3.0
smd,PCA-Triage,method_retrained,0.7,0.7,789,0.95,0.47710546093290096,0.243685129052999,0.9847809948032665,0.3906928797584861,0.319332945510956,0.680667054489044,1.0,0.0,0.0,1021.0,35.85097791355034,8.0,8.0,0.0
smd,PCA-Triage,method_retrained,0.7,0.7,789,0.975,0.5126042451103423,0.3050387070487573,0.8337045285820341,0.4466540717907925,0.19844871049059531,0.8015512895094047,1.0,0.625,0.0,495.0,17.381228273464657,8.0,8.0,0.0
smd,PCA-Triage,method_retrained,0.7,0.7,789,0.99,0.5710606284311257,0.32616641582455386,0.5631031922791389,0.413070115724983,0.12154353306185767,0.8784564669381423,0.75,5.833333333333333,1.0,253.0,8.883738895326381,8.0,6.0,2.0
smd,PCA-Triage,method_retrained,0.7,0.7,789,0.995,0.6067462647432134,0.34915730337078654,0.46139569413511505,0.3975055964182923,0.08985844483226682,0.9101415551677332,0.625,29.0,28.0,120.0,4.213631096597493,8.0,5.0,3.0
smd,PCA-Triage,method_retrained,0.7,0.7,789,0.999,0.6785589815478575,0.3724696356275304,0.3414996288047513,0.3563129357087529,0.06011246848943184,0.9398875315105681,0.625,305.6,307.0,52.0,1.8259068085255803,8.0,5.0,3.0
smd,PCA-Triage,fixed_full_data,0.7,0.7,789,0.95,0.4798697739151712,0.26332959526965033,0.9587973273942093,0.4131808365992162,0.28024044987395774,0.7197595501260423,1.0,0.0,0.0,1001.0,35.14870606411742,8.0,8.0,0.0
smd,PCA-Triage,fixed_full_data,0.7,0.7,789,0.975,0.5170722019765318,0.3111914444946528,0.7668893838158871,0.44273009750348225,0.1773511731626915,0.8226488268373086,1.0,0.0,0.0,432.0,15.169071947750975,8.0,8.0,0.0
smd,PCA-Triage,fixed_full_data,0.7,0.7,789,0.99,0.5714888648892734,0.3457371643900141,0.5449146250927989,0.42305475504322765,0.10773705642815591,0.8922629435718441,1.0,4.25,0.0,204.0,7.1631728642157375,8.0,8.0,0.0
smd,PCA-Triage,fixed_full_data,0.7,0.7,789,0.995,0.6096981420888973,0.35320551228280406,0.4376391982182628,0.39091511936339524,0.08373085127011828,0.9162691487298817,0.625,36.8,28.0,100.0,3.5113592471645774,8.0,5.0,3.0
smd,PCA-Triage,fixed_full_data,0.7,0.7,789,0.999,0.6804889240789177,0.38008474576271184,0.33296213808463254,0.3549663632766126,0.05673841380647664,0.9432615861935234,0.625,346.2,315.0,62.0,2.177042733242038,8.0,5.0,3.0
smd,Variance,method_retrained,0.7,0.7,789,0.95,0.4779636060100809,0.2360025164015458,0.9747587230883444,0.38000144707329425,0.3296878029862323,0.6703121970137677,1.0,0.25,0.0,1291.0,45.33164788089469,8.0,8.0,0.0
smd,Variance,method_retrained,0.7,0.7,789,0.975,0.5149050213073629,0.28876636802205374,0.7776540460282109,0.421147854055684,0.20011634671320536,0.7998836532867947,1.0,1.0,0.0,618.0,21.700200147477087,8.0,8.0,0.0
smd,Variance,method_retrained,0.7,0.7,789,0.99,0.585667443568942,0.33641975308641975,0.5259836674090571,0.41036779611931656,0.1083963544696529,0.8916036455303471,1.0,4.25,0.0,221.0,7.760103936233716,8.0,8.0,0.0
smd,Variance,method_retrained,0.7,0.7,789,0.995,0.6188813097203381,0.34758418740849195,0.4406087602078693,0.3886069733180553,0.08640682567384138,0.9135931743261586,1.0,10.5,0.5,109.0,3.8273815794093893,8.0,8.0,0.0
smd,Variance,method_retrained,0.7,0.7,789,0.999,0.690570734404193,0.37967914438502676,0.34261321455085375,0.3601951219512195,0.05848361450455691,0.9415163854954431,0.625,304.4,306.0,68.0,2.3877242880719125,8.0,5.0,3.0
smd,Variance,fixed_full_data,0.7,0.7,789,0.95,0.4798697739151712,0.26233023588277343,0.9536005939123979,0.41146792664370946,0.2801628853984875,0.7198371146015126,1.0,0.125,0.0,1096.0,38.48449734892377,8.0,8.0,0.0
smd,Variance,fixed_full_data,0.7,0.7,789,0.975,0.5170722019765318,0.30846072347510217,0.7564959168522642,0.43823244812385764,0.17719604421175103,0.8228039557882489,1.0,1.0,0.0,464.0,16.292706906843637,8.0,8.0,0.0
smd,Variance,fixed_full_data,0.7,0.7,789,0.99,0.5714888648892734,0.3493070237256284,0.5519673348181143,0.42785210761041576,0.10742679852627497,0.892573201473725,1.0,4.25,0.0,238.0,8.357035008251694,8.0,8.0,0.0
smd,Variance,fixed_full_data,0.7,0.7,789,0.995,0.6096981420888973,0.3604197901049475,0.4461766889383816,0.3987394261071488,0.08272251308900523,0.9172774869109948,0.625,31.4,31.0,105.0,3.686927209522806,8.0,5.0,3.0
smd,Variance,fixed_full_data,0.7,0.7,789,0.999,0.6804889240789177,0.38012684989429174,0.33370452858203414,0.35540620676022927,0.05685476051968198,0.943145239480318,0.625,346.0,315.0,63.0,2.212156325713684,8.0,5.0,3.0
smd,Threshold,method_retrained,0.7,0.7,789,0.95,0.47746414028296774,0.2271419855312473,0.9673348181143281,0.36789722594762475,0.34388210199728525,0.6561178980027148,1.0,0.125,0.0,1203.0,42.241651743389866,8.0,8.0,0.0
smd,Threshold,method_retrained,0.7,0.7,789,0.975,0.5166633657770725,0.28394546466332776,0.7576095025983668,0.4130742764622546,0.19961217762264882,0.8003878223773512,1.0,1.0,0.0,490.0,17.205660311106428,8.0,8.0,0.0
smd,Threshold,method_retrained,0.7,0.7,789,0.99,0.5791784448715607,0.31536622473375353,0.538604305864885,0.3978067169294037,0.12216404886561955,0.8778359511343804,1.0,4.375,0.0,214.0,7.514308788932196,8.0,8.0,0.0
smd,Threshold,method_retrained,0.7,0.7,789,0.995,0.6153334072000866,0.34209039548022596,0.44951744617668893,0.3885145973692653,0.09032383168508823,0.9096761683149117,0.625,35.6,7.0,132.0,4.634994206257242,8.0,5.0,3.0
smd,Threshold,method_retrained,0.7,0.7,789,0.999,0.678434456844501,0.37054631828978624,0.34743875278396436,0.3586206896551724,0.061663757998836534,0.9383362420011635,0.625,292.0,306.0,71.0,2.49306506548685,8.0,5.0,3.0
smd,Threshold,fixed_full_data,0.7,0.7,789,0.95,0.4798697739151712,0.26026005688744414,0.9510022271714922,0.40867762003509334,0.2824122551871243,0.7175877448128757,1.0,0.125,0.0,1084.0,38.063134239264016,8.0,8.0,0.0
smd,Threshold,fixed_full_data,0.7,0.7,789,0.975,0.5170722019765318,0.3053874092009685,0.749072011878248,0.4338851859815094,0.17801047120418848,0.8219895287958116,1.0,1.0,0.0,485.0,17.0300923487482,8.0,8.0,0.0
smd,Threshold,fixed_full_data,0.7,0.7,789,0.99,0.5714888648892734,0.3475509725802672,0.550482553823311,0.42608820571756933,0.1079697498545666,0.8920302501454334,1.0,4.375,0.0,229.0,8.041012676006883,8.0,8.0,0.0
smd,Threshold,fixed_full_data,0.7,0.7,789,0.995,0.6096981420888973,0.3593935790725327,0.4487750556792873,0.39914163090128757,0.08357572231917781,0.9164242776808221,0.625,40.4,31.0,107.0,3.757154394466098,8.0,5.0,3.0
smd,Threshold,fixed_full_data,0.7,0.7,789,0.999,0.6804889240789177,0.38054968287526425,0.33407572383073497,0.35580154180668117,0.05681597828194687,0.9431840217180532,0.625,305.8,307.0,61.0,2.1419291407703924,8.0,5.0,3.0
smd,Uniform,method_retrained,0.7,0.7,789,0.95,0.47770891758688616,0.264930625377036,0.9780994803266518,0.41693037974683544,0.2835369400814427,0.7164630599185573,1.0,0.0,0.0,918.0,32.23427788897082,8.0,8.0,0.0
smd,Uniform,method_retrained,0.7,0.7,789,0.975,0.5121460705300447,0.31524842946887494,0.8195991091314031,0.45535161889049286,0.18599961217762265,0.8140003878223774,1.0,0.0,0.0,370.0,12.992029214508936,8.0,8.0,0.0
smd,Uniform,method_retrained,0.7,0.7,789,0.99,0.5708158563014905,0.3322791958436865,0.5460282108389013,0.4131442213172307,0.11464029474500678,0.8853597052549932,1.0,3.125,0.0,186.0,6.531128199726114,8.0,8.0,0.0
smd,Uniform,method_retrained,0.7,0.7,789,0.995,0.6091860306584131,0.3440046565774156,0.43875278396436523,0.38564437194127243,0.08741516385495443,0.9125848361450456,0.625,34.2,48.0,103.0,3.6167000245795147,8.0,5.0,3.0
smd,Uniform,method_retrained,0.7,0.7,789,0.999,0.6779728269972688,0.37945318972659486,0.340014847809948,0.3586530931871574,0.05809579212720574,0.9419042078727943,0.625,266.6,293.0,47.0,1.6503388461673514,8.0,5.0,3.0
smd,Uniform,fixed_full_data,0.7,0.7,789,0.95,0.4798697739151712,0.26376752692542166,0.96362286562732,0.414167198468411,0.28101609462866006,0.7189839053713399,1.0,0.0,0.0,895.0,31.426665262122967,8.0,8.0,0.0
smd,Uniform,fixed_full_data,0.7,0.7,789,0.975,0.5170722019765318,0.31348196917551996,0.7776540460282109,0.4468380078916498,0.17793290672871825,0.8220670932712818,1.0,0.0,0.0,384.0,13.483619509111977,8.0,8.0,0.0
smd,Uniform,fixed_full_data,0.7,0.7,789,0.99,0.5714888648892734,0.341700213118636,0.5356347438752784,0.4172329044383403,0.10781462090362615,0.8921853790963739,1.0,4.375,0.0,180.0,6.320446644896239,8.0,8.0,0.0
smd,Uniform,fixed_full_data,0.7,0.7,789,0.995,0.6096981420888973,0.34963985594237695,0.43244246473645137,0.38665781613010286,0.08404110917199922,0.9159588908280007,0.625,48.2,48.0,90.0,3.1602233224481195,8.0,5.0,3.0
smd,Uniform,fixed_full_data,0.7,0.7,789,0.999,0.6804889240789177,0.3825503355704698,0.33853006681514475,0.3591965340685309,0.05708745394609269,0.9429125460539073,0.625,305.6,307.0,48.0,1.685452438638997,8.0,5.0,3.0
smd,Full Data,method_retrained,1.0,0.7,789,0.95,0.4798697739151712,0.2613891726251277,0.9498886414253898,0.4099647548862544,0.2804343610626333,0.7195656389373667,1.0,0.125,0.0,1126.0,39.537905123073145,8.0,8.0,0.0
smd,Full Data,method_retrained,1.0,0.7,789,0.975,0.5170722019765318,0.3051181102362205,0.7479584261321455,0.43342654334265435,0.17797168896645335,0.8220283110335467,1.0,1.0,0.0,500.0,17.556796235822887,8.0,8.0,0.0
smd,Full Data,method_retrained,1.0,0.7,789,0.99,0.5714888648892734,0.3470629534285046,0.550482553823311,0.4257212573561074,0.1082024432809773,0.8917975567190227,1.0,4.25,0.0,242.0,8.497489378138278,8.0,8.0,0.0
smd,Full Data,method_retrained,1.0,0.7,789,0.995,0.6096981420888973,0.3620689655172414,0.4521158129175947,0.4021129085506768,0.08322668217956176,0.9167733178204382,0.625,18.0,26.0,118.0,4.143403911654201,8.0,5.0,3.0
smd,Full Data,method_retrained,1.0,0.7,789,0.999,0.6804889240789177,0.37938318546683564,0.3333333333333333,0.354870578936969,0.056971107232887334,0.9430288927671127,0.625,346.0,315.0,64.0,2.2472699181853297,8.0,5.0,3.0
smd,Full Data,fixed_full_data,1.0,0.7,789,0.95,0.4798697739151712,0.2613891726251277,0.9498886414253898,0.4099647548862544,0.2804343610626333,0.7195656389373667,1.0,0.125,0.0,1126.0,39.537905123073145,8.0,8.0,0.0
smd,Full Data,fixed_full_data,1.0,0.7,789,0.975,0.5170722019765318,0.3051181102362205,0.7479584261321455,0.43342654334265435,0.17797168896645335,0.8220283110335467,1.0,1.0,0.0,500.0,17.556796235822887,8.0,8.0,0.0
smd,Full Data,fixed_full_data,1.0,0.7,789,0.99,0.5714888648892734,0.3470629534285046,0.550482553823311,0.4257212573561074,0.1082024432809773,0.8917975567190227,1.0,4.25,0.0,242.0,8.497489378138278,8.0,8.0,0.0
smd,Full Data,fixed_full_data,1.0,0.7,789,0.995,0.6096981420888973,0.3620689655172414,0.4521158129175947,0.4021129085506768,0.08322668217956176,0.9167733178204382,0.625,18.0,26.0,118.0,4.143403911654201,8.0,5.0,3.0
smd,Full Data,fixed_full_data,1.0,0.7,789,0.999,0.6804889240789177,0.37938318546683564,0.3333333333333333,0.354870578936969,0.056971107232887334,0.9430288927671127,0.625,346.0,315.0,64.0,2.2472699181853297,8.0,5.0,3.0
smd,PCA-Triage,method_retrained,0.7,0.7,1024,0.95,0.4816255220375942,0.23785259326660602,0.9703043801039347,0.38205203156971645,0.32484002326934264,0.6751599767306573,1.0,0.0,0.0,974.0,34.20063906738299,8.0,8.0,0.0
smd,PCA-Triage,method_retrained,0.7,0.7,1024,0.975,0.5421653665720009,0.28298039215686277,0.6696362286562731,0.39783879148748486,0.17727360868722125,0.8227263913127787,1.0,3.25,0.0,283.0,9.937146669475753,8.0,8.0,0.0
smd,PCA-Triage,method_retrained,0.7,0.7,1024,0.99,0.6016461316336384,0.29671864091226435,0.4732739420935412,0.36475468459447863,0.11719992243552453,0.8828000775644754,0.625,31.8,7.0,240.0,8.427262193194986,8.0,5.0,3.0
smd,PCA-Triage,method_retrained,0.7,0.7,1024,0.995,0.6293773151349225,0.32871870397643593,0.4142538975501114,0.3665626539661685,0.08838471979833236,0.9116152802016676,0.625,63.6,52.0,148.0,5.196811685803574,8.0,5.0,3.0
smd,PCA-Triage,method_retrained,0.7,0.7,1024,0.999,0.6925828826756614,0.379281537176274,0.3370452858203415,0.35691823899371067,0.05763040527438433,0.9423695947256157,0.625,305.0,307.0,62.0,2.177042733242038,8.0,5.0,3.0
smd,PCA-Triage,fixed_full_data,0.7,0.7,1024,0.95,0.47670706435634125,0.22510968612892338,0.9903489235337788,0.3668362436408635,0.35617607135931745,0.6438239286406826,1.0,0.0,0.0,1215.0,42.66301485304962,8.0,8.0,0.0
smd,PCA-Triage,fixed_full_data,0.7,0.7,1024,0.975,0.518136496239012,0.31219312602291327,0.8496659242761693,0.4566128067025733,0.1955788248981966,0.8044211751018033,1.0,1.0,0.0,525.0,18.43463604761403,8.0,8.0,0.0
smd,PCA-Triage,fixed_full_data,0.7,0.7,1024,0.99,0.5793335900430052,0.3229305002213369,0.5415738678544915,0.40460343871325566,0.11863486523172387,0.8813651347682762,0.75,6.0,0.5,206.0,7.233400049159029,8.0,6.0,2.0
smd,PCA-Triage,fixed_full_data,0.7,0.7,1024,0.995,0.6184243261340316,0.3374814814814815,0.42279138827023016,0.3753501400560224,0.08671708357572232,0.9132829164242777,0.625,43.6,28.0,107.0,3.757154394466098,8.0,5.0,3.0
smd,PCA-Triage,fixed_full_data,0.7,0.7,1024,0.999,0.701269520848572,0.38527032779906345,0.33593170007423906,0.35891334523101326,0.056001551289509406,0.9439984487104905,0.625,346.0,315.0,63.0,2.212156325713684,8.0,5.0,3.0
smd,Variance,method_retrained,0.7,0.7,1024,0.95,0.4721608604566403,0.24162679425837322,0.9747587230883444,0.3872585164430025,0.3196432034128369,0.6803567965871631,1.0,0.0,0.0,1372.0,48.175848871098005,8.0,8.0,0.0
smd,Variance,method_retrained,0.7,0.7,1024,0.975,0.5178512109793862,0.2927676279631587,0.7197475872308834,0.41622839969947406,0.1816560015512895,0.8183439984487105,1.0,1.0,0.0,392.0,13.764528248885144,8.0,8.0,0.0
smd,Variance,method_retrained,0.7,0.7,1024,0.99,0.5778745556514568,0.3247566063977747,0.5200445434298441,0.3998287671232877,0.11297265852239674,0.8870273414776032,0.75,7.333333333333333,3.5,251.0,8.81351171038309,8.0,6.0,2.0
smd,Variance,method_retrained,0.7,0.7,1024,0.995,0.6157356773738085,0.3388822829964328,0.42316258351893093,0.3763618355893034,0.08625169672290091,0.9137483032770991,0.625,63.6,52.0,125.0,4.389199058955722,8.0,5.0,3.0
smd,Variance,method_retrained,0.7,0.7,1024,0.999,0.7012144973991058,0.3793391886240067,0.33667409057164066,0.3567354965585054,0.057552840798914096,0.9424471592010859,0.625,343.4,315.0,64.0,2.2472699181853297,8.0,5.0,3.0
smd,Variance,fixed_full_data,0.7,0.7,1024,0.95,0.47670706435634125,0.22466515036643922,0.9899777282850779,0.3662203913491246,0.35695171611401977,0.6430482838859802,1.0,0.0,0.0,1400.0,49.15902946030408,8.0,8.0,0.0
smd,Variance,fixed_full_data,0.7,0.7,1024,0.975,0.518136496239012,0.3093387866394001,0.8422420193021529,0.4524877854222754,0.19647081636610433,0.8035291836338957,1.0,1.0,0.0,581.0,20.400997226026195,8.0,8.0,0.0
smd,Variance,fixed_full_data,0.7,0.7,1024,0.99,0.5793335900430052,0.3241746066917793,0.5430586488492948,0.40599417233245455,0.11828582509210782,0.8817141749078922,0.875,4.857142857142857,0.0,249.0,8.743284525439798,8.0,7.0,1.0
smd,Variance,fixed_full_data,0.7,0.7,1024,0.995,0.6184243261340316,0.33910745742806814,0.4287305122494432,0.37868852459016394,0.08729881714174909,0.912701182858251,0.625,56.4,60.0,116.0,4.073176726710909,8.0,5.0,3.0
smd,Variance,fixed_full_data,0.7,0.7,1024,0.999,0.701269520848572,0.38399318859088977,0.3348181143281366,0.35772357723577236,0.05611789800271476,0.9438821019972853,0.625,343.2,315.0,62.0,2.177042733242038,8.0,5.0,3.0
smd,Threshold,method_retrained,0.7,0.7,1024,0.95,0.4739908371909396,0.22575180008470988,0.9892353377876764,0.36761155941789087,0.35446965289897225,0.6455303471010277,1.0,0.0,0.0,1486.0,52.17879841286562,8.0,8.0,0.0
smd,Threshold,method_retrained,0.7,0.7,1024,0.975,0.5162614651771429,0.31368543915961483,0.7980697847067557,0.4503560955173858,0.18243164630599185,0.8175683536940082,1.0,1.0,0.0,573.0,20.120088486253028,8.0,8.0,0.0
smd,Threshold,method_retrained,0.7,0.7,1024,0.99,0.5735450548933797,0.3412322274881517,0.5612472160356348,0.4244210526315789,0.11320535194880745,0.8867946480511926,1.0,4.125,0.0,248.0,8.708170932968152,8.0,8.0,0.0
smd,Threshold,method_retrained,0.7,0.7,1024,0.995,0.6096089401302865,0.35920114122681884,0.46733481811432814,0.40619454750766254,0.08710490595307349,0.9128950940469265,0.875,17.142857142857142,0.0,139.0,4.880789353558763,8.0,7.0,1.0
smd,Threshold,method_retrained,0.7,0.7,1024,0.999,0.6867487746647947,0.3800084352593842,0.3344469190794358,0.35577492596248766,0.05700988947062245,0.9429901105293775,0.625,225.0,268.0,63.0,2.212156325713684,8.0,5.0,3.0
smd,Threshold,fixed_full_data,0.7,0.7,1024,0.95,0.47670706435634125,0.22258496567888833,0.9870081662954714,0.3632513661202186,0.36017064184603453,0.6398293581539655,1.0,0.0,0.0,1394.0,48.94834790547421,8.0,8.0,0.0
smd,Threshold,fixed_full_data,0.7,0.7,1024,0.975,0.518136496239012,0.30696849856811675,0.8355605048255382,0.44898773312057444,0.1970913321698662,0.8029086678301338,1.0,1.0,0.0,577.0,20.26054285613961,8.0,8.0,0.0
smd,Threshold,fixed_full_data,0.7,0.7,1024,0.99,0.5793335900430052,0.31971153846153844,0.5430586488492948,0.4024759284731774,0.12072910606942021,0.8792708939305798,0.75,6.666666666666667,0.5,237.0,8.321921415780048,8.0,6.0,2.0
smd,Threshold,fixed_full_data,0.7,0.7,1024,0.995,0.6184243261340316,0.33880903490759756,0.4287305122494432,0.3785023758807144,0.08741516385495443,0.9125848361450456,0.625,46.4,29.0,129.0,4.5296534288423045,8.0,5.0,3.0
smd,Threshold,fixed_full_data,0.7,0.7,1024,0.999,0.701269520848572,0.3873602751504729,0.3344469190794358,0.35896414342629485,0.055264688772542175,0.9447353112274578,0.625,346.4,315.0,52.0,1.8259068085255803,8.0,5.0,3.0
smd,Uniform,method_retrained,0.7,0.7,1024,0.95,0.4740616914045563,0.21391013384321222,0.9966592427616926,0.35222353404171586,0.38266433973240255,0.6173356602675975,1.0,0.0,0.0,1155.0,40.55619930475087,8.0,8.0,0.0
smd,Uniform,method_retrained,0.7,0.7,1024,0.975,0.5208471052333283,0.3042869151022695,0.8062360801781737,0.44182262001627337,0.1925925925925926,0.8074074074074075,1.0,1.125,0.0,430.0,15.098844762807683,8.0,8.0,0.0
smd,Uniform,method_retrained,0.7,0.7,1024,0.99,0.5877005112304835,0.3255869669381888,0.5044543429844098,0.3957483983692487,0.10917199922435525,0.8908280007756447,0.875,8.714285714285714,0.0,187.0,6.56624179219776,8.0,7.0,1.0
smd,Uniform,method_retrained,0.7,0.7,1024,0.995,0.6241102984358914,0.3463203463203463,0.41573867854491464,0.37786774628879893,0.08198565057203801,0.918014349427962,0.625,57.8,62.0,90.0,3.1602233224481195,8.0,5.0,3.0
smd,Uniform,method_retrained,0.7,0.7,1024,0.999,0.6944241098790198,0.3825136612021858,0.33778767631774315,0.35876207372363494,0.056971107232887334,0.9430288927671127,0.625,343.6,315.0,47.0,1.6503388461673514,8.0,5.0,3.0
smd,Uniform,fixed_full_data,0.7,0.7,1024,0.95,0.47670706435634125,0.22382067581130813,0.9933184855233853,0.3653242320819113,0.3598991661818887,0.6401008338181113,1.0,0.0,0.0,1136.0,39.8890410477896,8.0,8.0,0.0
smd,Uniform,fixed_full_data,0.7,0.7,1024,0.975,0.518136496239012,0.3128529174509277,0.8637713437268003,0.45933675483616265,0.1982160170641846,0.8017839829358154,1.0,1.0,0.0,473.0,16.60872923908845,8.0,8.0,0.0
smd,Uniform,fixed_full_data,0.7,0.7,1024,0.99,0.5793335900430052,0.32077550121172066,0.540460282108389,0.402599198119729,0.11956563893736669,0.8804343610626333,0.875,4.714285714285714,0.0,185.0,6.496014607254468,8.0,7.0,1.0
smd,Uniform,fixed_full_data,0.7,0.7,1024,0.995,0.6184243261340316,0.3365638766519824,0.42538975501113585,0.37579931136251843,0.08760907504363001,0.91239092495637,0.625,36.4,26.0,101.0,3.5464728396362233,8.0,5.0,3.0
smd,Uniform,fixed_full_data,0.7,0.7,1024,0.999,0.701269520848572,0.3857630008525149,0.33593170007423906,0.35912698412698413,0.055885204576304054,0.9441147954236959,0.625,346.0,315.0,48.0,1.685452438638997,8.0,5.0,3.0
smd,Full Data,method_retrained,1.0,0.7,1024,0.95,0.47670706435634125,0.22464135021097045,0.9881217520415738,0.36606160616061606,0.3563312003102579,0.6436687996897421,1.0,0.0,0.0,1431.0,50.2475508269251,8.0,8.0,0.0
smd,Full Data,method_retrained,1.0,0.7,1024,0.975,0.518136496239012,0.3080283997815401,0.8374164810690423,0.4503892992613296,0.19654838084157455,0.8034516191584254,1.0,1.0,0.0,604.0,21.208609852874048,8.0,8.0,0.0
smd,Full Data,method_retrained,1.0,0.7,1024,0.99,0.5793335900430052,0.3254424778761062,0.5460282108389013,0.407818131411145,0.1182470428543727,0.8817529571456273,0.875,5.0,1.0,246.0,8.63794374802486,8.0,7.0,1.0
smd,Full Data,method_retrained,1.0,0.7,1024,0.995,0.6184243261340316,0.34016993847055377,0.4309576837416481,0.3802194203373178,0.0873375993794842,0.9126624006205158,0.625,37.2,11.0,125.0,4.389199058955722,8.0,5.0,3.0
smd,Full Data,method_retrained,1.0,0.7,1024,0.999,0.701269520848572,0.38324117396852403,0.3344469190794358,0.35718533201189295,0.05623424471592011,0.9437657552840799,0.625,346.0,315.0,62.0,2.177042733242038,8.0,5.0,3.0
smd,Full Data,fixed_full_data,1.0,0.7,1024,0.95,0.47670706435634125,0.22464135021097045,0.9881217520415738,0.36606160616061606,0.3563312003102579,0.6436687996897421,1.0,0.0,0.0,1431.0,50.2475508269251,8.0,8.0,0.0
smd,Full Data,fixed_full_data,1.0,0.7,1024,0.975,0.518136496239012,0.3080283997815401,0.8374164810690423,0.4503892992613296,0.19654838084157455,0.8034516191584254,1.0,1.0,0.0,604.0,21.208609852874048,8.0,8.0,0.0
smd,Full Data,fixed_full_data,1.0,0.7,1024,0.99,0.5793335900430052,0.3254424778761062,0.5460282108389013,0.407818131411145,0.1182470428543727,0.8817529571456273,0.875,5.0,1.0,246.0,8.63794374802486,8.0,7.0,1.0
smd,Full Data,fixed_full_data,1.0,0.7,1024,0.995,0.6184243261340316,0.34016993847055377,0.4309576837416481,0.3802194203373178,0.0873375993794842,0.9126624006205158,0.625,37.2,11.0,125.0,4.389199058955722,8.0,5.0,3.0
smd,Full Data,fixed_full_data,1.0,0.7,1024,0.999,0.701269520848572,0.38324117396852403,0.3344469190794358,0.35718533201189295,0.05623424471592011,0.9437657552840799,0.625,346.0,315.0,62.0,2.177042733242038,8.0,5.0,3.0
psm,PCA-Triage,method_retrained,0.3,0.3,42,0.95,0.47584275268903425,0.6420676202860858,0.16201140232147984,0.25873644908787213,0.03469902300661834,0.9653009769933817,0.3333333333333333,51.333333333333336,6.5,209.0,2.379298960622033,72.0,24.0,48.0
psm,PCA-Triage,method_retrained,0.3,0.3,42,0.975,0.5088871596087864,0.7005681818181818,0.05057216685123662,0.09433457021537049,0.008304443744090766,0.9916955562559092,0.2222222222222222,314.5625,19.5,58.0,0.6602839220864972,72.0,16.0,56.0
psm,PCA-Triage,method_retrained,0.3,0.3,42,0.99,0.5649810894175872,0.9973684210526316,0.015544891513883762,0.03061265700092888,1.575795776867318e-05,0.9999842420422314,0.06944444444444445,814.0,95.0,1.0,0.01138420555321547,72.0,5.0,67.0
psm,PCA-Triage,method_retrained,0.3,0.3,42,0.995,0.594930311523557,1.0,0.014109347442680775,0.02782608695652174,0.0,1.0,0.05555555555555555,1029.75,152.5,0.0,0.0,72.0,4.0,68.0
psm,PCA-Triage,method_retrained,0.3,0.3,42,0.999,0.7318648568281765,1.0,0.01160739920429843,0.02294842685695751,0.0,1.0,0.027777777777777776,1911.5,1911.5,0.0,0.0,72.0,2.0,70.0
psm,PCA-Triage,fixed_full_data,0.3,0.3,42,0.95,0.4763294226637041,0.659297789336801,0.20794881259997539,0.3161734900689096,0.04128584935392373,0.9587141506460762,0.3472222222222222,49.56,4.0,225.0,2.5614462494734807,72.0,25.0,47.0
psm,PCA-Triage,fixed_full_data,0.3,0.3,42,0.975,0.5085675591477058,0.6794554455445545,0.06755260243632337,0.12288752098489088,0.01224393318625906,0.987756066813741,0.2222222222222222,308.75,16.0,97.0,1.1042679386619005,72.0,16.0,56.0
psm,PCA-Triage,fixed_full_data,0.3,0.3,42,0.99,0.557090405140736,0.9471153846153846,0.024240187030884704,0.04727054589082184,0.000520012606366215,0.9994799873936338,0.125,1325.0,47.0,7.0,0.07968943887250828,72.0,9.0,63.0
psm,PCA-Triage,fixed_full_data,0.3,0.3,42,0.995,0.6043167848933841,1.0,0.013658176448874123,0.026948288419519302,0.0,1.0,0.041666666666666664,1303.3333333333333,96.0,0.0,0.0,72.0,3.0,69.0
psm,PCA-Triage,fixed_full_data,0.3,0.3,42,0.999,0.738884031790683,1.0,0.011566383659406916,0.022868264201435347,0.0,1.0,0.027777777777777776,1911.5,1911.5,0.0,0.0,72.0,2.0,70.0
psm,Variance,method_retrained,0.3,0.3,42,0.95,0.4711966525612104,0.6042861042861043,0.18157581723473196,0.2792443309048475,0.04568231957138355,0.9543176804286164,0.3611111111111111,136.15384615384616,4.5,358.0,4.0755455880511375,72.0,26.0,46.0
psm,Variance,method_retrained,0.3,0.3,42,0.975,0.5043963618171543,0.7154742096505824,0.05291005291005291,0.09853345554537121,0.008083832335329342,0.9919161676646706,0.2777777777777778,268.65,10.5,121.0,1.3774888719390717,72.0,20.0,52.0
psm,Variance,method_retrained,0.3,0.3,42,0.99,0.5566209320792129,0.9975669099756691,0.016816373405520692,0.03307518554372378,1.575795776867318e-05,0.9999842420422314,0.1388888888888889,1212.4,60.0,1.0,0.01138420555321547,72.0,10.0,62.0
psm,Variance,method_retrained,0.3,0.3,42,0.995,0.5891706976548122,1.0,0.01415036298757229,0.027905848095122542,0.0,1.0,0.05555555555555555,1030.25,154.5,0.0,0.0,72.0,4.0,68.0
psm,Variance,method_retrained,0.3,0.3,42,0.999,0.7124782543194481,1.0,0.011812476928755998,0.02334914264866837,0.0,1.0,0.027777777777777776,1909.5,1909.5,0.0,0.0,72.0,2.0,70.0
psm,Variance,fixed_full_data,0.3,0.3,42,0.95,0.4763294226637041,0.6598893321322867,0.2103277142036832,0.3189848220950485,0.041648282382603215,0.9583517176173968,0.3611111111111111,46.11538461538461,4.5,286.0,3.255882788219624,72.0,26.0,46.0
psm,Variance,fixed_full_data,0.3,0.3,42,0.975,0.5085675591477058,0.680720425706099,0.0682088511545876,0.12399343871160155,0.01229120705956508,0.9877087929404349,0.2777777777777778,260.45,8.5,123.0,1.4002572830455027,72.0,20.0,52.0
psm,Variance,fixed_full_data,0.3,0.3,42,0.99,0.557090405140736,0.9716981132075472,0.02534760674295558,0.04940640364552105,0.00028364323983611726,0.9997163567601639,0.18055555555555555,716.7692307692307,25.0,5.0,0.056921027766077346,72.0,13.0,59.0
psm,Variance,fixed_full_data,0.3,0.3,42,0.995,0.6043167848933841,1.0,0.013904269718223207,0.027427184466019418,0.0,1.0,0.041666666666666664,1303.0,97.0,0.0,0.0,72.0,3.0,69.0
psm,Variance,fixed_full_data,0.3,0.3,42,0.999,0.738884031790683,1.0,0.011525368114515402,0.022788095045008516,0.0,1.0,0.027777777777777776,1911.5,1911.5,0.0,0.0,72.0,2.0,70.0
psm,Threshold,method_retrained,0.3,0.3,42,0.95,0.46854204641108954,0.6155163555403322,0.1474098683401009,0.23785572468563865,0.03537661519067129,0.9646233848093287,0.2916666666666667,55.23809523809524,9.0,272.0,3.0965039104746075,72.0,21.0,51.0
psm,Threshold,method_retrained,0.3,0.3,42,0.975,0.4971884677110338,0.7725733634311512,0.05615028095648251,0.10469162237601805,0.006350456980775292,0.9936495430192247,0.2638888888888889,281.94736842105266,20.0,88.0,1.0018100886829613,72.0,19.0,53.0
psm,Threshold,method_retrained,0.3,0.3,42,0.99,0.5572875166301382,1.0,0.015011689430294082,0.029579342950660687,0.0,1.0,0.06944444444444445,830.4,96.0,0.0,0.0,72.0,5.0,67.0
psm,Threshold,method_retrained,0.3,0.3,42,0.995,0.587753159414122,1.0,0.014109347442680775,0.02782608695652174,0.0,1.0,0.041666666666666664,1303.0,97.0,0.0,0.0,72.0,3.0,69.0
psm,Threshold,method_retrained,0.3,0.3,42,0.999,0.7128029719340649,1.0,0.011812476928755998,0.02334914264866837,0.0,1.0,0.027777777777777776,1909.0,1909.0,0.0,0.0,72.0,2.0,70.0
psm,Threshold,fixed_full_data,0.3,0.3,42,0.95,0.4763294226637041,0.6592507352001022,0.21147614946064558,0.32022855723247,0.041994957453514024,0.958005042546486,0.2916666666666667,52.333333333333336,18.0,260.0,2.959893443836022,72.0,21.0,51.0
psm,Threshold,fixed_full_data,0.3,0.3,42,0.975,0.5085675591477058,0.6682946682946683,0.0673475247118658,0.12236381250465758,0.012842735581468642,0.9871572644185314,0.2361111111111111,324.4117647058824,21.0,112.0,1.2750310219601324,72.0,17.0,55.0
psm,Threshold,fixed_full_data,0.3,0.3,42,0.99,0.557090405140736,0.9807073954983923,0.02501948238382347,0.04879414470263568,0.00018909549322407816,0.9998109045067759,0.1111111111111111,1485.875,75.5,2.0,0.02276841110643094,72.0,8.0,64.0
psm,Threshold,fixed_full_data,0.3,0.3,42,0.995,0.6043167848933841,1.0,0.013699191993765637,0.02702812057454987,0.0,1.0,0.041666666666666664,1303.6666666666667,99.0,0.0,0.0,72.0,3.0,69.0
psm,Threshold,fixed_full_data,0.3,0.3,42,0.999,0.738884031790683,1.0,0.011115212665600262,0.021986045756936558,0.0,1.0,0.027777777777777776,1917.0,1917.0,0.0,0.0,72.0,2.0,70.0
psm,Uniform,method_retrained,0.3,0.3,42,0.95,0.47428133043869336,0.6561043802423113,0.17324966162175465,0.27411661637301665,0.03488811849984242,0.9651118815001576,0.3055555555555556,171.1818181818182,6.5,233.0,2.6525198938992043,72.0,22.0,50.0
psm,Uniform,method_retrained,0.3,0.3,42,0.975,0.5049193008688927,0.773454157782516,0.059513555637586646,0.11052290817686712,0.006697132051686101,0.9933028679483139,0.19444444444444445,405.35714285714283,58.0,65.0,0.7399733609590055,72.0,14.0,58.0
psm,Uniform,method_retrained,0.3,0.3,42,0.99,0.5604433481689323,1.0,0.015216767154751652,0.02997737556561086,0.0,1.0,0.09722222222222222,672.5714285714286,210.0,0.0,0.0,72.0,7.0,65.0
psm,Uniform,method_retrained,0.3,0.3,42,0.995,0.5905728400386169,1.0,0.013822238628440179,0.02726757828303261,0.0,1.0,0.05555555555555555,984.25,62.5,0.0,0.0,72.0,4.0,68.0
psm,Uniform,method_retrained,0.3,0.3,42,0.999,0.7366657984503007,1.0,0.011689430294081456,0.0231087326684505,0.0,1.0,0.027777777777777776,1910.5,1910.5,0.0,0.0,72.0,2.0,70.0
psm,Uniform,fixed_full_data,0.3,0.3,42,0.95,0.4763294226637041,0.6604898276532332,0.20905623231204626,0.3175898809894698,0.04128584935392373,0.9587141506460762,0.3194444444444444,53.130434782608695,3.0,233.0,2.6525198938992043,72.0,23.0,49.0
psm,Uniform,fixed_full_data,0.3,0.3,42,0.975,0.5085675591477058,0.6798485485906605,0.06628112054468643,0.12078630689887136,0.011991805861960289,0.9880081941380398,0.19444444444444445,351.92857142857144,17.5,106.0,1.2067257886408398,72.0,14.0,58.0
psm,Uniform,fixed_full_data,0.3,0.3,42,0.99,0.557090405140736,0.9618441971383148,0.0248144046593659,0.048380647740903636,0.0003781909864481563,0.9996218090135518,0.1388888888888889,1214.7,70.0,8.0,0.09107364442572376,72.0,10.0,62.0
psm,Uniform,fixed_full_data,0.3,0.3,42,0.995,0.6043167848933841,1.0,0.013740207538657151,0.027107946269622915,0.0,1.0,0.041666666666666664,1303.3333333333333,97.0,0.0,0.0,72.0,3.0,69.0
psm,Uniform,fixed_full_data,0.3,0.3,42,0.999,0.738884031790683,1.0,0.011648414749189944,0.0230285830123657,0.0,1.0,0.027777777777777776,1910.5,1910.5,0.0,0.0,72.0,2.0,70.0
psm,Full Data,method_retrained,1.0,0.3,42,0.95,0.4763294226637041,0.6572565122545875,0.2100816209343341,0.318393734070989,0.04208950520012606,0.9579104947998739,0.4861111111111111,32.6,2.0,539.0,6.1360867931831375,72.0,35.0,37.0
psm,Full Data,method_retrained,1.0,0.3,42,0.975,0.5085675591477058,0.6783625730994152,0.07136704811123416,0.1291471832553997,0.013000315159155373,0.9869996848408447,0.375,189.44444444444446,4.0,220.0,2.504525221707403,72.0,27.0,45.0
psm,Full Data,method_retrained,1.0,0.3,42,0.99,0.557090405140736,0.9565916398713826,0.02440424921045076,0.047594288685357755,0.00042546485975417586,0.9995745351402459,0.20833333333333334,562.4,21.0,21.0,0.23906831661752484,72.0,15.0,57.0
psm,Full Data,method_retrained,1.0,0.3,42,0.995,0.6043167848933841,1.0,0.013945285263114721,0.027506977873063387,0.0,1.0,0.09722222222222222,1340.857142857143,21.0,0.0,0.0,72.0,7.0,65.0
psm,Full Data,method_retrained,1.0,0.3,42,0.999,0.738884031790683,1.0,0.012017554653213568,0.02374969603631353,0.0,1.0,0.027777777777777776,1905.5,1905.5,0.0,0.0,72.0,2.0,70.0
psm,Full Data,fixed_full_data,1.0,0.3,42,0.95,0.4763294226637041,0.6572565122545875,0.2100816209343341,0.318393734070989,0.04208950520012606,0.9579104947998739,0.4861111111111111,32.6,2.0,539.0,6.1360867931831375,72.0,35.0,37.0
psm,Full Data,fixed_full_data,1.0,0.3,42,0.975,0.5085675591477058,0.6783625730994152,0.07136704811123416,0.1291471832553997,0.013000315159155373,0.9869996848408447,0.375,189.44444444444446,4.0,220.0,2.504525221707403,72.0,27.0,45.0
psm,Full Data,fixed_full_data,1.0,0.3,42,0.99,0.557090405140736,0.9565916398713826,0.02440424921045076,0.047594288685357755,0.00042546485975417586,0.9995745351402459,0.20833333333333334,562.4,21.0,21.0,0.23906831661752484,72.0,15.0,57.0
psm,Full Data,fixed_full_data,1.0,0.3,42,0.995,0.6043167848933841,1.0,0.013945285263114721,0.027506977873063387,0.0,1.0,0.09722222222222222,1340.857142857143,21.0,0.0,0.0,72.0,7.0,65.0
psm,Full Data,fixed_full_data,1.0,0.3,42,0.999,0.738884031790683,1.0,0.012017554653213568,0.02374969603631353,0.0,1.0,0.027777777777777776,1905.5,1905.5,0.0,0.0,72.0,2.0,70.0
psm,PCA-Triage,method_retrained,0.3,0.3,123,0.95,0.47544667480617714,0.5942307692307692,0.13941183708625568,0.22583967310056144,0.03657421998109045,0.9634257800189095,0.4027777777777778,33.793103448275865,5.0,213.0,2.424835782834895,72.0,29.0,43.0
psm,PCA-Triage,method_retrained,0.3,0.3,123,0.975,0.5111142109727664,0.7909604519774012,0.040195233993683605,0.07650273224043716,0.004081311062086353,0.9959186889379137,0.2361111111111111,587.7647058823529,15.0,40.0,0.45536822212861877,72.0,17.0,55.0
psm,PCA-Triage,method_retrained,0.3,0.3,123,0.99,0.566710174756049,1.0,0.014273409622246831,0.028145092806017225,0.0,1.0,0.06944444444444445,826.6,96.0,0.0,0.0,72.0,5.0,67.0
psm,PCA-Triage,method_retrained,0.3,0.3,123,0.995,0.6186012338603842,1.0,0.013658176448874123,0.026948288419519302,0.0,1.0,0.041666666666666664,1303.6666666666667,97.0,0.0,0.0,72.0,3.0,69.0
psm,PCA-Triage,method_retrained,0.3,0.3,123,0.999,0.7386622791938273,1.0,0.011566383659406916,0.022868264201435347,0.0,1.0,0.013888888888888888,26.0,26.0,0.0,0.0,72.0,1.0,71.0
psm,PCA-Triage,fixed_full_data,0.3,0.3,123,0.95,0.476438866982497,0.5867753623188405,0.13284934990361347,0.2166482726330223,0.035943901670343524,0.9640560983296564,0.3333333333333333,203.875,9.0,218.0,2.4817568106009724,72.0,24.0,48.0
psm,PCA-Triage,fixed_full_data,0.3,0.3,123,0.975,0.508074222806844,0.7159971811134602,0.04167179360977811,0.07875968992248061,0.006350456980775292,0.9936495430192247,0.2777777777777778,309.0,13.5,74.0,0.8424312109379447,72.0,20.0,52.0
psm,PCA-Triage,fixed_full_data,0.3,0.3,123,0.99,0.5625037007398999,0.9661458333333334,0.015216767154751652,0.029961639410458308,0.00020485345099275135,0.9997951465490073,0.1111111111111111,921.375,125.0,4.0,0.04553682221286188,72.0,8.0,64.0
psm,PCA-Triage,fixed_full_data,0.3,0.3,123,0.995,0.614267428503997,1.0,0.013699191993765637,0.02702812057454987,0.0,1.0,0.041666666666666664,1303.6666666666667,96.0,0.0,0.0,72.0,3.0,69.0
psm,PCA-Triage,fixed_full_data,0.3,0.3,123,0.999,0.7286199156830038,1.0,0.01160739920429843,0.02294842685695751,0.0,1.0,0.013888888888888888,25.0,25.0,0.0,0.0,72.0,1.0,71.0
psm,Variance,method_retrained,0.3,0.3,123,0.95,0.4774731668156024,0.6089150546677881,0.08908576350436816,0.15543151567196223,0.021982351087299085,0.9780176489127009,0.4027777777777778,47.275862068965516,6.0,213.0,2.424835782834895,72.0,29.0,43.0
psm,Variance,method_retrained,0.3,0.3,123,0.975,0.5099875762009543,0.8137860082304527,0.03244329600918748,0.06239892714866091,0.0028521903561298458,0.9971478096438702,0.2361111111111111,359.11764705882354,15.0,33.0,0.3756787832561105,72.0,17.0,55.0
psm,Variance,method_retrained,0.3,0.3,123,0.99,0.5626395923266921,0.9946949602122016,0.015380829334317706,0.03029323854915583,3.151591553734636e-05,0.9999684840844627,0.1111111111111111,540.625,59.0,2.0,0.02276841110643094,72.0,8.0,64.0
psm,Variance,method_retrained,0.3,0.3,123,0.995,0.6115477241733922,1.0,0.013576145359091095,0.02678860472644869,0.0,1.0,0.041666666666666664,1304.3333333333333,98.0,0.0,0.0,72.0,3.0,69.0
psm,Variance,method_retrained,0.3,0.3,123,0.999,0.7284529646393844,1.0,0.01140232147984086,0.022547548562391013,0.0,1.0,0.013888888888888888,30.0,30.0,0.0,0.0,72.0,1.0,71.0
psm,Variance,fixed_full_data,0.3,0.3,123,0.95,0.476438866982497,0.5982285208148804,0.13850949509864238,0.22493838673149938,0.03573904821935077,0.9642609517806492,0.3888888888888889,132.85714285714286,5.5,310.0,3.5291037214967953,72.0,28.0,44.0
psm,Variance,fixed_full_data,0.3,0.3,123,0.975,0.508074222806844,0.737449118046133,0.04458389729707559,0.08408431637981048,0.00609832965647652,0.9939016703435235,0.3194444444444444,173.95652173913044,15.0,85.0,0.9676574720233149,72.0,23.0,49.0
psm,Variance,fixed_full_data,0.3,0.3,123,0.99,0.5625037007398999,0.9921671018276762,0.015585907058775276,0.03068971087061864,4.727387330601954e-05,0.999952726126694,0.1527777777777778,1126.0,95.0,2.0,0.02276841110643094,72.0,11.0,61.0
psm,Variance,fixed_full_data,0.3,0.3,123,0.995,0.614267428503997,1.0,0.013535129814199581,0.026708753186839868,0.0,1.0,0.041666666666666664,1304.3333333333333,97.0,0.0,0.0,72.0,3.0,69.0
psm,Variance,fixed_full_data,0.3,0.3,123,0.999,0.7286199156830038,1.0,0.011443337024732374,0.022627737226277374,0.0,1.0,0.013888888888888888,28.0,28.0,0.0,0.0,72.0,1.0,71.0
psm,Threshold,method_retrained,0.3,0.3,123,0.95,0.4715191947292922,0.6177806619078521,0.11714039621016366,0.1969383533305751,0.02784431137724551,0.9721556886227545,0.3611111111111111,162.6153846153846,9.0,224.0,2.550062043920265,72.0,26.0,46.0
psm,Threshold,method_retrained,0.3,0.3,123,0.975,0.5015322204877144,0.8295543393275997,0.04351749312989623,0.08269680436477007,0.003435234793570753,0.9965647652064292,0.20833333333333334,513.0,21.0,36.0,0.4098313999157569,72.0,15.0,57.0
psm,Threshold,method_retrained,0.3,0.3,123,0.99,0.5500449489110099,0.9511627906976744,0.01677535786062918,0.03296924751118455,0.0003309171131421368,0.9996690828868579,0.08333333333333333,688.1666666666666,83.0,7.0,0.07968943887250828,72.0,6.0,66.0
psm,Threshold,method_retrained,0.3,0.3,123,0.995,0.5912029131996449,1.0,0.013699191993765637,0.02702812057454987,0.0,1.0,0.041666666666666664,1304.0,98.0,0.0,0.0,72.0,3.0,69.0
psm,Threshold,method_retrained,0.3,0.3,123,0.999,0.7196957474329895,1.0,0.011484352569623888,0.022707919386886176,0.0,1.0,0.013888888888888888,28.0,28.0,0.0,0.0,72.0,1.0,71.0
psm,Threshold,fixed_full_data,0.3,0.3,123,0.95,0.476438866982497,0.599532037437005,0.13662278003363273,0.22253398804155394,0.035061456035297825,0.9649385439647021,0.375,139.8148148148148,8.0,290.0,3.301419610432486,72.0,27.0,45.0
psm,Threshold,fixed_full_data,0.3,0.3,123,0.975,0.508074222806844,0.7224278312361214,0.04003117181411755,0.07585885279030001,0.005909234163252442,0.9940907658367476,0.2222222222222222,300.875,19.0,75.0,0.8538154164911602,72.0,16.0,56.0
psm,Threshold,fixed_full_data,0.3,0.3,123,0.99,0.5625037007398999,0.95822454308094,0.015052704975185596,0.02963979970925537,0.0002521273242987709,0.9997478726757012,0.1111111111111111,1472.5,225.5,7.0,0.07968943887250828,72.0,8.0,64.0
psm,Threshold,fixed_full_data,0.3,0.3,123,0.995,0.614267428503997,1.0,0.013576145359091095,0.02678860472644869,0.0,1.0,0.041666666666666664,1303.6666666666667,97.0,0.0,0.0,72.0,3.0,69.0
psm,Threshold,fixed_full_data,0.3,0.3,123,0.999,0.7286199156830038,1.0,0.011033181575817235,0.02182555780933063,0.0,1.0,0.013888888888888888,36.0,36.0,0.0,0.0,72.0,1.0,71.0
psm,Uniform,method_retrained,0.3,0.3,123,0.95,0.479913783612631,0.617968094038623,0.09056232312046265,0.1579738141232024,0.02150961235423889,0.9784903876457611,0.3194444444444444,50.08695652173913,17.0,192.0,2.18576746621737,72.0,23.0,49.0
psm,Uniform,method_retrained,0.3,0.3,123,0.975,0.5128996850728282,0.7885514018691588,0.02768549280177187,0.05349288742719024,0.0028521903561298458,0.9971478096438702,0.2361111111111111,678.4705882352941,27.0,30.0,0.34152616659646406,72.0,17.0,55.0
psm,Uniform,method_retrained,0.3,0.3,123,0.99,0.5622004243604322,0.9947229551451188,0.015462860424100734,0.03045234248788368,3.151591553734636e-05,0.9999684840844627,0.1111111111111111,547.75,69.5,2.0,0.02276841110643094,72.0,8.0,64.0
psm,Uniform,method_retrained,0.3,0.3,123,0.995,0.6170828743728123,1.0,0.013535129814199581,0.026708753186839868,0.0,1.0,0.041666666666666664,1304.3333333333333,98.0,0.0,0.0,72.0,3.0,69.0
psm,Uniform,method_retrained,0.3,0.3,123,0.999,0.7314399426579193,1.0,0.011361305934949346,0.022467353394435882,0.0,1.0,0.013888888888888888,27.0,27.0,0.0,0.0,72.0,1.0,71.0
psm,Uniform,fixed_full_data,0.3,0.3,123,0.95,0.476438866982497,0.585158371040724,0.1326032566342644,0.216210793820638,0.03611723920579893,0.9638827607942011,0.3194444444444444,107.8695652173913,12.0,228.0,2.595598866133127,72.0,23.0,49.0
psm,Uniform,fixed_full_data,0.3,0.3,123,0.975,0.508074222806844,0.7159090909090909,0.041343669250646,0.0781728643995502,0.006303183107469272,0.9936968168925308,0.2777777777777778,314.6,19.5,60.0,0.6830523331929281,72.0,20.0,52.0
psm,Uniform,fixed_full_data,0.3,0.3,123,0.99,0.5625037007398999,0.9772727272727273,0.015873015873015872,0.03123864874682165,0.00014182161991805863,0.999858178380082,0.09722222222222222,618.8571428571429,96.0,4.0,0.04553682221286188,72.0,7.0,65.0
psm,Uniform,fixed_full_data,0.3,0.3,123,0.995,0.614267428503997,1.0,0.013617160903982609,0.026868449803747016,0.0,1.0,0.041666666666666664,1304.0,97.0,0.0,0.0,72.0,3.0,69.0
psm,Uniform,fixed_full_data,0.3,0.3,123,0.999,0.7286199156830038,1.0,0.011320290390057832,0.022387151721620636,0.0,1.0,0.013888888888888888,32.0,32.0,0.0,0.0,72.0,1.0,71.0
psm,Full Data,method_retrained,1.0,0.3,123,0.95,0.476438866982497,0.6035523978685613,0.13937082154136418,0.2264503015560961,0.035171761739678536,0.9648282382603215,0.5277777777777778,60.76315789473684,2.0,529.0,6.022244737650983,72.0,38.0,34.0
psm,Full Data,method_retrained,1.0,0.3,123,0.975,0.508074222806844,0.708043065231159,0.04585537918871252,0.08613251155624037,0.007264418531358336,0.9927355814686417,0.375,159.8148148148148,5.0,161.0,1.8328570940676905,72.0,27.0,45.0
psm,Full Data,method_retrained,1.0,0.3,123,0.99,0.5625037007398999,0.9713603818615751,0.016693326770846152,0.03282258064516129,0.00018909549322407816,0.9998109045067759,0.20833333333333334,761.9333333333333,17.0,11.0,0.12522626108537016,72.0,15.0,57.0
psm,Full Data,method_retrained,1.0,0.3,123,0.995,0.614267428503997,1.0,0.013986300808006235,0.02758676482485236,0.0,1.0,0.1111111111111111,1174.0,13.5,0.0,0.0,72.0,8.0,64.0
psm,Full Data,method_retrained,1.0,0.3,123,0.999,0.7286199156830038,1.0,0.01193552356343054,0.023589494163424124,0.0,1.0,0.027777777777777776,1905.5,1905.5,0.0,0.0,72.0,2.0,70.0
psm,Full Data,fixed_full_data,1.0,0.3,123,0.95,0.476438866982497,0.6035523978685613,0.13937082154136418,0.2264503015560961,0.035171761739678536,0.9648282382603215,0.5277777777777778,60.76315789473684,2.0,529.0,6.022244737650983,72.0,38.0,34.0
psm,Full Data,fixed_full_data,1.0,0.3,123,0.975,0.508074222806844,0.708043065231159,0.04585537918871252,0.08613251155624037,0.007264418531358336,0.9927355814686417,0.375,159.8148148148148,5.0,161.0,1.8328570940676905,72.0,27.0,45.0
psm,Full Data,fixed_full_data,1.0,0.3,123,0.99,0.5625037007398999,0.9713603818615751,0.016693326770846152,0.03282258064516129,0.00018909549322407816,0.9998109045067759,0.20833333333333334,761.9333333333333,17.0,11.0,0.12522626108537016,72.0,15.0,57.0
psm,Full Data,fixed_full_data,1.0,0.3,123,0.995,0.614267428503997,1.0,0.013986300808006235,0.02758676482485236,0.0,1.0,0.1111111111111111,1174.0,13.5,0.0,0.0,72.0,8.0,64.0
psm,Full Data,fixed_full_data,1.0,0.3,123,0.999,0.7286199156830038,1.0,0.01193552356343054,0.023589494163424124,0.0,1.0,0.027777777777777776,1905.5,1905.5,0.0,0.0,72.0,2.0,70.0
psm,PCA-Triage,method_retrained,0.3,0.3,456,0.95,0.4780133486862536,0.5342516753536858,0.11771461383864484,0.19292172217927603,0.039426410337220295,0.9605735896627797,0.375,151.2962962962963,4.0,248.0,2.823282977197436,72.0,27.0,45.0
psm,PCA-Triage,method_retrained,0.3,0.3,456,0.975,0.5070339811377742,0.7645519947678221,0.04794717197817973,0.09023543033577769,0.005672864796722345,0.9943271352032776,0.2361111111111111,293.47058823529414,14.0,85.0,0.9676574720233149,72.0,17.0,55.0
psm,PCA-Triage,method_retrained,0.3,0.3,456,0.99,0.5574995664232643,0.9862637362637363,0.014724580616053484,0.029015962820771873,7.87897888433659e-05,0.9999212102111567,0.09722222222222222,619.4285714285714,95.0,4.0,0.04553682221286188,72.0,7.0,65.0
psm,PCA-Triage,method_retrained,0.3,0.3,456,0.995,0.6089795811428503,1.0,0.013863254173331693,0.02734738460293701,0.0,1.0,0.041666666666666664,1302.6666666666667,96.0,0.0,0.0,72.0,3.0,69.0
psm,PCA-Triage,method_retrained,0.3,0.3,456,0.999,0.7475216763421554,1.0,0.011853492473647512,0.02342926631536279,0.0,1.0,0.027777777777777776,1908.5,1908.5,0.0,0.0,72.0,2.0,70.0
psm,PCA-Triage,fixed_full_data,0.3,0.3,456,0.95,0.47790675504481567,0.6236006606716828,0.13937082154136418,0.22782433791485082,0.03231957138354869,0.9676804286164513,0.3611111111111111,185.92307692307693,5.0,275.0,3.130656527134254,72.0,26.0,46.0
psm,PCA-Triage,fixed_full_data,0.3,0.3,456,0.975,0.5094592882632383,0.8013289036544851,0.049464747139165745,0.09317777949470757,0.004711629372833281,0.9952883706271667,0.2638888888888889,295.05263157894734,14.0,54.0,0.6147470998736353,72.0,19.0,53.0
psm,PCA-Triage,fixed_full_data,0.3,0.3,456,0.99,0.5632375540086498,0.9865229110512129,0.015011689430294082,0.029573367808661925,7.87897888433659e-05,0.9999212102111567,0.09722222222222222,593.1428571428571,33.0,3.0,0.034152616659646404,72.0,7.0,65.0
psm,PCA-Triage,fixed_full_data,0.3,0.3,456,0.995,0.6241871856240392,1.0,0.013822238628440179,0.02726757828303261,0.0,1.0,0.041666666666666664,1303.0,97.0,0.0,0.0,72.0,3.0,69.0
psm,PCA-Triage,fixed_full_data,0.3,0.3,456,0.999,0.746789842920736,1.0,0.011812476928755998,0.02334914264866837,0.0,1.0,0.027777777777777776,1909.0,1909.0,0.0,0.0,72.0,2.0,70.0
psm,Variance,method_retrained,0.3,0.3,456,0.95,0.473631703256183,0.5494172121986268,0.14113448997169928,0.2245790366792847,0.04446895682319572,0.9555310431768043,0.3611111111111111,165.8846153846154,5.5,298.0,3.3924932548582096,72.0,26.0,46.0
psm,Variance,method_retrained,0.3,0.3,456,0.975,0.5070397980084216,0.7064273306311523,0.05003896476764694,0.09345794392523364,0.007989284588717302,0.9920107154112827,0.2638888888888889,288.36842105263156,21.0,94.0,1.0701153220022541,72.0,19.0,53.0
psm,Variance,method_retrained,0.3,0.3,456,0.99,0.5644423394752262,0.9734748010610079,0.015052704975185596,0.029646982793440503,0.0001575795776867318,0.9998424204223133,0.1111111111111111,551.875,65.5,5.0,0.056921027766077346,72.0,8.0,64.0
psm,Variance,method_retrained,0.3,0.3,456,0.995,0.6101997557710179,1.0,0.013822238628440179,0.02726757828303261,0.0,1.0,0.041666666666666664,1303.3333333333333,97.0,0.0,0.0,72.0,3.0,69.0
psm,Variance,method_retrained,0.3,0.3,456,0.999,0.7440484325999877,1.0,0.011443337024732374,0.022627737226277374,0.0,1.0,0.013888888888888888,29.0,29.0,0.0,0.0,72.0,1.0,71.0
psm,Variance,fixed_full_data,0.3,0.3,456,0.95,0.47790675504481567,0.6280067126608242,0.13814035519461876,0.22646584185045723,0.03143712574850299,0.968562874251497,0.4027777777777778,41.89655172413793,4.0,337.0,3.836477271433613,72.0,29.0,43.0
psm,Variance,fixed_full_data,0.3,0.3,456,0.975,0.5094592882632383,0.7911172796668979,0.046757721176325824,0.08829680117729068,0.0047431452883706276,0.9952568547116294,0.2638888888888889,290.7894736842105,21.0,64.0,0.7285891554057901,72.0,19.0,53.0
psm,Variance,fixed_full_data,0.3,0.3,456,0.99,0.5632375540086498,0.9918918918918919,0.015052704975185596,0.02965536745990061,4.727387330601954e-05,0.999952726126694,0.1111111111111111,1136.0,65.5,3.0,0.034152616659646404,72.0,8.0,64.0
psm,Variance,fixed_full_data,0.3,0.3,456,0.995,0.6241871856240392,1.0,0.013740207538657151,0.027107946269622915,0.0,1.0,0.041666666666666664,1303.3333333333333,97.0,0.0,0.0,72.0,3.0,69.0
psm,Variance,fixed_full_data,0.3,0.3,456,0.999,0.746789842920736,1.0,0.011443337024732374,0.022627737226277374,0.0,1.0,0.013888888888888888,29.0,29.0,0.0,0.0,72.0,1.0,71.0
psm,Threshold,method_retrained,0.3,0.3,456,0.95,0.47167677340756625,0.5931828242585214,0.1648824904638858,0.25803966878490275,0.043444689568231956,0.956555310431768,0.375,57.7037037037037,11.0,327.0,3.7226352159014584,72.0,27.0,45.0
psm,Threshold,method_retrained,0.3,0.3,456,0.975,0.5010281683303757,0.7086330935251799,0.056560436405397645,0.10475937250731189,0.008934762054837692,0.9910652379451623,0.2916666666666667,234.04761904761904,21.0,116.0,1.3205678441729944,72.0,21.0,51.0
psm,Threshold,method_retrained,0.3,0.3,456,0.99,0.5564375867404381,0.9739583333333334,0.015339813789426192,0.030203916818090048,0.0001575795776867318,0.9998424204223133,0.1111111111111111,1081.5,125.0,6.0,0.06830523331929281,72.0,8.0,64.0
psm,Threshold,method_retrained,0.3,0.3,456,0.995,0.6046205849660158,1.0,0.013740207538657151,0.027107946269622915,0.0,1.0,0.041666666666666664,1303.0,97.0,0.0,0.0,72.0,3.0,69.0
psm,Threshold,method_retrained,0.3,0.3,456,0.999,0.7314257111318647,1.0,0.01160739920429843,0.02294842685695751,0.0,1.0,0.013888888888888888,25.0,25.0,0.0,0.0,72.0,1.0,71.0
psm,Threshold,fixed_full_data,0.3,0.3,456,0.95,0.47790675504481567,0.6245889660211911,0.14023214798408598,0.22904036174845085,0.032382603214623384,0.9676173967853766,0.3611111111111111,142.1153846153846,7.5,282.0,3.2103459660067624,72.0,26.0,46.0
psm,Threshold,fixed_full_data,0.3,0.3,456,0.975,0.5094592882632383,0.7863542384562371,0.04679873672121734,0.0883400433570765,0.004884966908288686,0.9951150330917113,0.25,357.55555555555554,23.0,70.0,0.7968943887250828,72.0,18.0,54.0
psm,Threshold,fixed_full_data,0.3,0.3,456,0.99,0.5632375540086498,0.988950276243094,0.01468356507116197,0.02893747726629754,6.303183107469272e-05,0.9999369681689253,0.08333333333333333,1512.8333333333333,153.5,2.0,0.02276841110643094,72.0,6.0,66.0
psm,Threshold,fixed_full_data,0.3,0.3,456,0.995,0.6241871856240392,1.0,0.013494114269308067,0.026628895184135977,0.0,1.0,0.041666666666666664,1303.6666666666667,99.0,0.0,0.0,72.0,3.0,69.0
psm,Threshold,fixed_full_data,0.3,0.3,456,0.999,0.746789842920736,1.0,0.011484352569623888,0.022707919386886176,0.0,1.0,0.013888888888888888,28.0,28.0,0.0,0.0,72.0,1.0,71.0
psm,Uniform,method_retrained,0.3,0.3,456,0.95,0.47188235928462374,0.5485805677728909,0.16881998277347116,0.2581859239744072,0.05337220296249606,0.946627797037504,0.4305555555555556,146.67741935483872,3.0,243.0,2.7663619494313587,72.0,31.0,41.0
psm,Uniform,method_retrained,0.3,0.3,456,0.975,0.5003106550186996,0.6076466221232368,0.06714244698740823,0.12092336103416436,0.01665616136148755,0.9833438386385125,0.2777777777777778,282.05,12.5,139.0,1.5824045718969502,72.0,20.0,52.0
psm,Uniform,method_retrained,0.3,0.3,456,0.99,0.5616355655315989,0.9358024691358025,0.015544891513883762,0.03058178003711773,0.0004097069019855027,0.9995902930980145,0.125,830.2222222222222,96.0,6.0,0.06830523331929281,72.0,9.0,63.0
psm,Uniform,method_retrained,0.3,0.3,456,0.995,0.6218504885462792,1.0,0.013658176448874123,0.026948288419519302,0.0,1.0,0.041666666666666664,1304.3333333333333,98.0,0.0,0.0,72.0,3.0,69.0
psm,Uniform,method_retrained,0.3,0.3,456,0.999,0.7591159270735119,1.0,0.011648414749189944,0.0230285830123657,0.0,1.0,0.013888888888888888,24.0,24.0,0.0,0.0,72.0,1.0,71.0
psm,Uniform,fixed_full_data,0.3,0.3,456,0.95,0.47790675504481567,0.628021978021978,0.1406423034330011,0.22981803558861968,0.03200441222817523,0.9679955877718248,0.3333333333333333,197.04166666666666,4.0,266.0,3.0281986771553147,72.0,24.0,48.0
psm,Uniform,fixed_full_data,0.3,0.3,456,0.975,0.5094592882632383,0.7983028720626631,0.05016201140232148,0.09439277582680508,0.004869208950520012,0.99513079104948,0.2638888888888889,308.2631578947368,16.0,58.0,0.6602839220864972,72.0,19.0,53.0
psm,Uniform,fixed_full_data,0.3,0.3,456,0.99,0.5632375540086498,0.991869918699187,0.015011689430294082,0.029575757575757575,4.727387330601954e-05,0.999952726126694,0.08333333333333333,691.6666666666666,64.0,2.0,0.02276841110643094,72.0,6.0,66.0
psm,Uniform,fixed_full_data,0.3,0.3,456,0.995,0.6241871856240392,1.0,0.013781223083548665,0.027187765505522515,0.0,1.0,0.041666666666666664,1303.6666666666667,97.0,0.0,0.0,72.0,3.0,69.0
psm,Uniform,fixed_full_data,0.3,0.3,456,0.999,0.746789842920736,1.0,0.011648414749189944,0.0230285830123657,0.0,1.0,0.013888888888888888,24.0,24.0,0.0,0.0,72.0,1.0,71.0
psm,Full Data,method_retrained,1.0,0.3,456,0.95,0.47790675504481567,0.6211485870556062,0.1397399614453878,0.22815241411638654,0.03274503624330287,0.9672549637566972,0.5,44.25,1.5,547.0,6.227160437608862,72.0,36.0,36.0
psm,Full Data,method_retrained,1.0,0.3,456,0.975,0.5094592882632383,0.7901077996195307,0.0511053689348263,0.0960012327606133,0.005215884021430823,0.9947841159785692,0.3888888888888889,199.17857142857142,5.0,124.0,1.411641488598718,72.0,28.0,44.0
psm,Full Data,method_retrained,1.0,0.3,456,0.99,0.5632375540086498,0.9790575916230366,0.015339813789426192,0.030206356257319388,0.00012606366214938544,0.9998739363378506,0.19444444444444445,663.7857142857143,13.0,7.0,0.07968943887250828,72.0,14.0,58.0
psm,Full Data,method_retrained,1.0,0.3,456,0.995,0.6241871856240392,1.0,0.013863254173331693,0.02734738460293701,0.0,1.0,0.08333333333333333,651.8333333333334,11.5,0.0,0.0,72.0,6.0,66.0
psm,Full Data,method_retrained,1.0,0.3,456,0.999,0.746789842920736,1.0,0.012017554653213568,0.02374969603631353,0.0,1.0,0.027777777777777776,1905.5,1905.5,0.0,0.0,72.0,2.0,70.0
psm,Full Data,fixed_full_data,1.0,0.3,456,0.95,0.47790675504481567,0.6211485870556062,0.1397399614453878,0.22815241411638654,0.03274503624330287,0.9672549637566972,0.5,44.25,1.5,547.0,6.227160437608862,72.0,36.0,36.0
psm,Full Data,fixed_full_data,1.0,0.3,456,0.975,0.5094592882632383,0.7901077996195307,0.0511053689348263,0.0960012327606133,0.005215884021430823,0.9947841159785692,0.3888888888888889,199.17857142857142,5.0,124.0,1.411641488598718,72.0,28.0,44.0
psm,Full Data,fixed_full_data,1.0,0.3,456,0.99,0.5632375540086498,0.9790575916230366,0.015339813789426192,0.030206356257319388,0.00012606366214938544,0.9998739363378506,0.19444444444444445,663.7857142857143,13.0,7.0,0.07968943887250828,72.0,14.0,58.0
psm,Full Data,fixed_full_data,1.0,0.3,456,0.995,0.6241871856240392,1.0,0.013863254173331693,0.02734738460293701,0.0,1.0,0.08333333333333333,651.8333333333334,11.5,0.0,0.0,72.0,6.0,66.0
psm,Full Data,fixed_full_data,1.0,0.3,456,0.999,0.746789842920736,1.0,0.012017554653213568,0.02374969603631353,0.0,1.0,0.027777777777777776,1905.5,1905.5,0.0,0.0,72.0,2.0,70.0
psm,PCA-Triage,method_retrained,0.3,0.3,789,0.95,0.474139822181858,0.5720481253497481,0.16771256306140028,0.2593802531003203,0.048203592814371254,0.9517964071856287,0.4027777777777778,150.75862068965517,2.0,255.0,2.9029724160699444,72.0,29.0,43.0
psm,PCA-Triage,method_retrained,0.3,0.3,789,0.975,0.5085009739765628,0.7301499167129373,0.053935441532340755,0.10045069131464365,0.007658367475575165,0.9923416325244249,0.2638888888888889,316.63157894736844,22.0,97.0,1.1042679386619005,72.0,19.0,53.0
psm,PCA-Triage,method_retrained,0.3,0.3,789,0.99,0.5596000344377994,0.9752475247524752,0.016160124687256472,0.03179342344159774,0.0001575795776867318,0.9998424204223133,0.1111111111111111,901.875,59.0,5.0,0.056921027766077346,72.0,8.0,64.0
psm,PCA-Triage,method_retrained,0.3,0.3,789,0.995,0.6071599609077742,1.0,0.013740207538657151,0.027107946269622915,0.0,1.0,0.041666666666666664,1303.3333333333333,96.0,0.0,0.0,72.0,3.0,69.0
psm,PCA-Triage,method_retrained,0.3,0.3,789,0.999,0.7526410091303026,1.0,0.009392559780156679,0.018610321007720438,0.0,1.0,0.013888888888888888,26.0,26.0,0.0,0.0,72.0,1.0,71.0
psm,PCA-Triage,fixed_full_data,0.3,0.3,789,0.95,0.47397903457410456,0.6230385164051355,0.21496247077642427,0.31964138688134663,0.04996848408446265,0.9500315159155374,0.4027777777777778,28.413793103448278,3.0,282.0,3.2103459660067624,72.0,29.0,43.0
psm,PCA-Triage,fixed_full_data,0.3,0.3,789,0.975,0.5051085713319143,0.6973270440251572,0.07276157663754564,0.13177344475394615,0.012133627481878349,0.9878663725181217,0.2777777777777778,283.1,17.0,134.0,1.5254835441308727,72.0,20.0,52.0
psm,PCA-Triage,fixed_full_data,0.3,0.3,789,0.99,0.5525428837928208,0.9672897196261683,0.01698043558508675,0.03337498488451771,0.0002206114087614245,0.9997793885912386,0.1527777777777778,1101.090909090909,23.0,7.0,0.07968943887250828,72.0,11.0,61.0
psm,PCA-Triage,fixed_full_data,0.3,0.3,789,0.995,0.6068274946515355,1.0,0.013781223083548665,0.027187765505522515,0.0,1.0,0.041666666666666664,1303.3333333333333,96.0,0.0,0.0,72.0,3.0,69.0
psm,PCA-Triage,fixed_full_data,0.3,0.3,789,0.999,0.7526817449796471,1.0,0.01119724375538329,0.022146507666098807,0.0,1.0,0.013888888888888888,26.0,26.0,0.0,0.0,72.0,1.0,71.0
psm,Variance,method_retrained,0.3,0.3,789,0.95,0.4773678606270273,0.6254493170381021,0.1784176202780854,0.2776359458769466,0.04104947998739363,0.9589505200126064,0.375,32.333333333333336,3.0,323.0,3.6770983936885964,72.0,27.0,45.0
psm,Variance,method_retrained,0.3,0.3,789,0.975,0.5067141622979916,0.7553879310344828,0.05750379393790247,0.10687197469222853,0.007154112826977623,0.9928458871730224,0.2638888888888889,252.94736842105263,21.0,112.0,1.2750310219601324,72.0,19.0,53.0
psm,Variance,method_retrained,0.3,0.3,789,0.99,0.5515758173323996,0.9729119638826185,0.017677699848242485,0.03472446019980664,0.00018909549322407816,0.9998109045067759,0.1527777777777778,503.0,33.0,1.0,0.01138420555321547,72.0,11.0,61.0
psm,Variance,method_retrained,0.3,0.3,789,0.995,0.6048765613579453,1.0,0.014232394077355317,0.028065351019087675,0.0,1.0,0.041666666666666664,1304.3333333333333,97.0,0.0,0.0,72.0,3.0,69.0
psm,Variance,method_retrained,0.3,0.3,789,0.999,0.7291869679471992,1.0,0.011279274845166318,0.022306943543153795,0.0,1.0,0.013888888888888888,30.0,30.0,0.0,0.0,72.0,1.0,71.0
psm,Variance,fixed_full_data,0.3,0.3,789,0.95,0.47397903457410456,0.6278853961257395,0.22201714449776466,0.3280407248045573,0.05055152852190356,0.9494484714780964,0.4166666666666667,32.8,4.0,354.0,4.030008765838276,72.0,30.0,42.0
psm,Variance,fixed_full_data,0.3,0.3,789,0.975,0.5051085713319143,0.7059049079754601,0.07550961814527705,0.13642595131349808,0.012086353608572329,0.9879136463914276,0.3333333333333333,203.16666666666666,13.5,180.0,2.0491569995787846,72.0,24.0,48.0
psm,Variance,fixed_full_data,0.3,0.3,789,0.99,0.5525428837928208,0.9646017699115044,0.017882777572700053,0.03511456529617847,0.0002521273242987709,0.9997478726757012,0.18055555555555555,726.0,33.0,6.0,0.06830523331929281,72.0,13.0,59.0
psm,Variance,fixed_full_data,0.3,0.3,789,0.995,0.6068274946515355,1.0,0.013658176448874123,0.026948288419519302,0.0,1.0,0.041666666666666664,1305.0,100.0,0.0,0.0,72.0,3.0,69.0
psm,Variance,fixed_full_data,0.3,0.3,789,0.999,0.7526817449796471,1.0,0.010910134941142693,0.021584777051973873,0.0,1.0,0.013888888888888888,37.0,37.0,0.0,0.0,72.0,1.0,71.0
psm,Threshold,method_retrained,0.3,0.3,789,0.95,0.47614080388857627,0.5717416715371128,0.16049382716049382,0.25063250600480386,0.04618657421998109,0.9538134257800189,0.3472222222222222,34.36,5.0,262.0,2.982661854942453,72.0,25.0,47.0
psm,Threshold,method_retrained,0.3,0.3,789,0.975,0.5084540652666579,0.6974921630094044,0.054755752430171035,0.10154021677124929,0.00912385754806177,0.9908761424519382,0.2222222222222222,347.125,22.5,112.0,1.2750310219601324,72.0,16.0,56.0
psm,Threshold,method_retrained,0.3,0.3,789,0.99,0.55447767077911,0.94921875,0.019933554817275746,0.0390471216807938,0.0004097069019855027,0.9995902930980145,0.1388888888888889,417.6,28.0,6.0,0.06830523331929281,72.0,10.0,62.0
psm,Threshold,method_retrained,0.3,0.3,789,0.995,0.6009771932652781,1.0,0.013986300808006235,0.02758676482485236,0.0,1.0,0.041666666666666664,1304.0,97.0,0.0,0.0,72.0,3.0,69.0
psm,Threshold,method_retrained,0.3,0.3,789,0.999,0.7182877622345663,1.0,0.010623026126902095,0.021022727272727273,0.0,1.0,0.013888888888888888,47.0,47.0,0.0,0.0,72.0,1.0,71.0
psm,Threshold,fixed_full_data,0.3,0.3,789,0.95,0.47397903457410456,0.6257945221310528,0.2220991755875477,0.3278440394744808,0.05102426725496376,0.9489757327450362,0.4166666666666667,26.8,3.0,359.0,4.086929793604353,72.0,30.0,42.0
psm,Threshold,fixed_full_data,0.3,0.3,789,0.975,0.5051085713319143,0.6871044303797469,0.07124400147655961,0.12910178750603887,0.012464544595020485,0.9875354554049796,0.2916666666666667,232.23809523809524,18.0,148.0,1.6848624218758894,72.0,21.0,51.0
psm,Threshold,fixed_full_data,0.3,0.3,789,0.99,0.5525428837928208,0.9727891156462585,0.017595668758459457,0.03456611070824269,0.00018909549322407816,0.9998109045067759,0.1527777777777778,900.8181818181819,80.0,10.0,0.11384205553215469,72.0,11.0,61.0
psm,Threshold,fixed_full_data,0.3,0.3,789,0.995,0.6068274946515355,1.0,0.013904269718223207,0.027427184466019418,0.0,1.0,0.041666666666666664,1304.0,97.0,0.0,0.0,72.0,3.0,69.0
psm,Threshold,fixed_full_data,0.3,0.3,789,0.999,0.7526817449796471,1.0,0.010007792953529387,0.019817258883248732,0.0,1.0,0.013888888888888888,62.0,62.0,0.0,0.0,72.0,1.0,71.0
psm,Uniform,method_retrained,0.3,0.3,789,0.95,0.47850602405076026,0.5930799940854651,0.1645133505598622,0.2575777035705112,0.04336589977938859,0.9566341002206115,0.3888888888888889,159.03571428571428,6.0,238.0,2.7094409216652817,72.0,28.0,44.0
psm,Uniform,method_retrained,0.3,0.3,789,0.975,0.5086761747866659,0.7237252861602498,0.05705262294409581,0.10576740295783751,0.008367475575165458,0.9916325244248345,0.2361111111111111,294.0,22.0,105.0,1.1953415830876242,72.0,17.0,55.0
psm,Uniform,method_retrained,0.3,0.3,789,0.99,0.5604542189444732,0.9476190476190476,0.016324186866822524,0.0320954800209669,0.00034667507091080995,0.9996533249290892,0.1111111111111111,549.875,58.5,6.0,0.06830523331929281,72.0,8.0,64.0
psm,Uniform,method_retrained,0.3,0.3,789,0.995,0.6069087543780943,1.0,0.013822238628440179,0.02726757828303261,0.0,1.0,0.041666666666666664,1303.6666666666667,97.0,0.0,0.0,72.0,3.0,69.0
psm,Uniform,method_retrained,0.3,0.3,789,0.999,0.7429769482082382,1.0,0.011648414749189944,0.0230285830123657,0.0,1.0,0.027777777777777776,1910.0,1910.0,0.0,0.0,72.0,2.0,70.0
psm,Uniform,fixed_full_data,0.3,0.3,789,0.95,0.47397903457410456,0.6274836406900655,0.21631598375784422,0.3217226865125358,0.04933816577371573,0.9506618342262843,0.4027777777777778,35.6551724137931,6.0,277.0,3.153424938240685,72.0,29.0,43.0
psm,Uniform,fixed_full_data,0.3,0.3,789,0.975,0.5051085713319143,0.7043269230769231,0.07210532791928141,0.13081817167094542,0.011629372833280806,0.9883706271667192,0.2916666666666667,254.85714285714286,15.0,121.0,1.3774888719390717,72.0,21.0,51.0
psm,Uniform,fixed_full_data,0.3,0.3,789,0.99,0.5525428837928208,0.9287257019438445,0.01763668430335097,0.03461600386411206,0.000520012606366215,0.9994799873936338,0.1527777777777778,1115.2727272727273,95.0,9.0,0.10245784997893922,72.0,11.0,61.0
psm,Uniform,fixed_full_data,0.3,0.3,789,0.995,0.6068274946515355,1.0,0.013740207538657151,0.027107946269622915,0.0,1.0,0.041666666666666664,1303.6666666666667,97.0,0.0,0.0,72.0,3.0,69.0
psm,Uniform,fixed_full_data,0.3,0.3,789,0.999,0.7526817449796471,1.0,0.011156228210491776,0.02206627996592707,0.0,1.0,0.013888888888888888,30.0,30.0,0.0,0.0,72.0,1.0,71.0
psm,Full Data,method_retrained,1.0,0.3,789,0.95,0.47397903457410456,0.6279867518334517,0.21775152782904722,0.3233744479975636,0.04955877718247715,0.9504412228175229,0.4861111111111111,20.428571428571427,2.0,605.0,6.887444359695358,72.0,35.0,37.0
psm,Full Data,method_retrained,1.0,0.3,789,0.975,0.5051085713319143,0.6911987860394537,0.0747303227923383,0.13487803975274826,0.012826977623699968,0.9871730223763,0.375,158.62962962962962,5.0,290.0,3.301419610432486,72.0,27.0,45.0
psm,Full Data,method_retrained,1.0,0.3,789,0.99,0.5525428837928208,0.9222903885480572,0.01849801074607276,0.036268596702854844,0.0005988023952095808,0.9994011976047904,0.2361111111111111,514.1176470588235,11.0,24.0,0.27322093327717123,72.0,17.0,55.0
psm,Full Data,method_retrained,1.0,0.3,789,0.995,0.6068274946515355,1.0,0.013986300808006235,0.02758676482485236,0.0,1.0,0.1111111111111111,1174.0,13.5,0.0,0.0,72.0,8.0,64.0
psm,Full Data,method_retrained,1.0,0.3,789,0.999,0.7526817449796471,1.0,0.011976539108322054,0.023669598346370526,0.0,1.0,0.027777777777777776,1905.5,1905.5,0.0,0.0,72.0,2.0,70.0
psm,Full Data,fixed_full_data,1.0,0.3,789,0.95,0.47397903457410456,0.6279867518334517,0.21775152782904722,0.3233744479975636,0.04955877718247715,0.9504412228175229,0.4861111111111111,20.428571428571427,2.0,605.0,6.887444359695358,72.0,35.0,37.0
psm,Full Data,fixed_full_data,1.0,0.3,789,0.975,0.5051085713319143,0.6911987860394537,0.0747303227923383,0.13487803975274826,0.012826977623699968,0.9871730223763,0.375,158.62962962962962,5.0,290.0,3.301419610432486,72.0,27.0,45.0
psm,Full Data,fixed_full_data,1.0,0.3,789,0.99,0.5525428837928208,0.9222903885480572,0.01849801074607276,0.036268596702854844,0.0005988023952095808,0.9994011976047904,0.2361111111111111,514.1176470588235,11.0,24.0,0.27322093327717123,72.0,17.0,55.0
psm,Full Data,fixed_full_data,1.0,0.3,789,0.995,0.6068274946515355,1.0,0.013986300808006235,0.02758676482485236,0.0,1.0,0.1111111111111111,1174.0,13.5,0.0,0.0,72.0,8.0,64.0
psm,Full Data,fixed_full_data,1.0,0.3,789,0.999,0.7526817449796471,1.0,0.011976539108322054,0.023669598346370526,0.0,1.0,0.027777777777777776,1905.5,1905.5,0.0,0.0,72.0,2.0,70.0
psm,PCA-Triage,method_retrained,0.3,0.3,1024,0.95,0.4785151729828329,0.6876591183170306,0.21049177638324926,0.3223213164175355,0.03673179955877718,0.9632682004412229,0.4166666666666667,132.4,3.5,286.0,3.255882788219624,72.0,30.0,42.0
psm,PCA-Triage,method_retrained,0.3,0.3,1024,0.975,0.5144127344208986,0.8318213538032101,0.04889052951068455,0.09235298675137522,0.0037976678222502364,0.9962023321777498,0.2638888888888889,259.2105263157895,10.0,55.0,0.6261313054268508,72.0,19.0,53.0
psm,PCA-Triage,method_retrained,0.3,0.3,1024,0.99,0.5655518826023477,1.0,0.015914031417907388,0.0313294844361904,0.0,1.0,0.125,970.1111111111111,95.0,0.0,0.0,72.0,9.0,63.0
psm,PCA-Triage,method_retrained,0.3,0.3,1024,0.995,0.6109062476055416,1.0,0.013740207538657151,0.027107946269622915,0.0,1.0,0.05555555555555555,982.0,60.0,0.0,0.0,72.0,4.0,68.0
psm,PCA-Triage,method_retrained,0.3,0.3,1024,0.999,0.71682051127422,1.0,0.01119724375538329,0.022146507666098807,0.0,1.0,0.027777777777777776,1915.5,1915.5,0.0,0.0,72.0,2.0,70.0
psm,PCA-Triage,fixed_full_data,0.3,0.3,1024,0.95,0.4852407856248324,0.6784210526315789,0.1586071120954842,0.25710581430138624,0.028884336589977938,0.9711156634100221,0.4166666666666667,25.666666666666668,5.0,208.0,2.3679147550688175,72.0,30.0,42.0
psm,PCA-Triage,fixed_full_data,0.3,0.3,1024,0.975,0.5194655165297221,0.8361702127659575,0.04835732742709487,0.09142724206118413,0.0036400882445635045,0.9963599117554365,0.2777777777777778,263.7,8.0,55.0,0.6261313054268508,72.0,20.0,52.0
psm,PCA-Triage,fixed_full_data,0.3,0.3,1024,0.99,0.5691432073198825,0.9975124378109452,0.016447233501497068,0.03236089254731066,1.575795776867318e-05,0.9999842420422314,0.125,896.1111111111111,119.0,1.0,0.01138420555321547,72.0,9.0,63.0
psm,PCA-Triage,fixed_full_data,0.3,0.3,1024,0.995,0.6179123695807152,1.0,0.013658176448874123,0.026948288419519302,0.0,1.0,0.041666666666666664,1303.6666666666667,96.0,0.0,0.0,72.0,3.0,69.0
psm,PCA-Triage,fixed_full_data,0.3,0.3,1024,0.999,0.7262756559835909,1.0,0.011689430294081456,0.0231087326684505,0.0,1.0,0.041666666666666664,1311.6666666666667,113.0,0.0,0.0,72.0,3.0,69.0
psm,Variance,method_retrained,0.3,0.3,1024,0.95,0.4759648508042195,0.6321542432063155,0.1707887289282638,0.2689227589770085,0.03818153167349511,0.9618184683265049,0.4027777777777778,40.13793103448276,5.0,390.0,4.439840165754033,72.0,29.0,43.0
psm,Variance,method_retrained,0.3,0.3,1024,0.975,0.5071905552881428,0.8466622604097819,0.05254091300602928,0.09894183980844984,0.003655846202332178,0.9963441537976678,0.2916666666666667,254.9047619047619,12.0,65.0,0.7399733609590055,72.0,21.0,51.0
psm,Variance,method_retrained,0.3,0.3,1024,0.99,0.5665540598093255,0.9870466321243523,0.015626922603666788,0.030766746073404128,7.87897888433659e-05,0.9999212102111567,0.09722222222222222,584.0,22.0,2.0,0.02276841110643094,72.0,7.0,65.0
psm,Variance,method_retrained,0.3,0.3,1024,0.995,0.6143034086029051,1.0,0.013863254173331693,0.02734738460293701,0.0,1.0,0.041666666666666664,1303.6666666666667,97.0,0.0,0.0,72.0,3.0,69.0
psm,Variance,method_retrained,0.3,0.3,1024,0.999,0.717666992574929,1.0,0.011525368114515402,0.022788095045008516,0.0,1.0,0.027777777777777776,71.5,71.5,0.0,0.0,72.0,2.0,70.0
psm,Variance,fixed_full_data,0.3,0.3,1024,0.95,0.4852407856248324,0.6837870227700736,0.16381608629670646,0.26431076699093375,0.029104947998739365,0.9708950520012606,0.4583333333333333,25.939393939393938,2.0,299.0,3.403877460411425,72.0,33.0,39.0
psm,Variance,fixed_full_data,0.3,0.3,1024,0.975,0.5194655165297221,0.8365384615384616,0.04995693367786391,0.09428339203467895,0.003750393948944217,0.9962496060510558,0.2777777777777778,210.5,11.5,67.0,0.7627417720654364,72.0,20.0,52.0
psm,Variance,fixed_full_data,0.3,0.3,1024,0.99,0.5691432073198825,0.9900497512437811,0.016324186866822524,0.032118791106807085,6.303183107469272e-05,0.9999369681689253,0.125,1279.2222222222222,42.0,1.0,0.01138420555321547,72.0,9.0,63.0
psm,Variance,fixed_full_data,0.3,0.3,1024,0.995,0.6179123695807152,1.0,0.013945285263114721,0.027506977873063387,0.0,1.0,0.041666666666666664,1304.0,98.0,0.0,0.0,72.0,3.0,69.0
psm,Variance,fixed_full_data,0.3,0.3,1024,0.999,0.7262756559835909,1.0,0.011484352569623888,0.022707919386886176,0.0,1.0,0.013888888888888888,28.0,28.0,0.0,0.0,72.0,1.0,71.0
psm,Threshold,method_retrained,0.3,0.3,1024,0.95,0.4822022995799395,0.7560592459605027,0.13818137073951028,0.23365814751881264,0.017128900094547747,0.9828710999054523,0.3472222222222222,31.92,11.0,224.0,2.550062043920265,72.0,25.0,47.0
psm,Threshold,method_retrained,0.3,0.3,1024,0.975,0.5174694013556124,0.9002932551319648,0.037775316845084284,0.07250826641473784,0.0016073116924046644,0.9983926883075953,0.20833333333333334,358.46666666666664,21.0,44.0,0.5009050443414806,72.0,15.0,57.0
psm,Threshold,method_retrained,0.3,0.3,1024,0.99,0.5647386447586195,0.9977116704805492,0.017882777572700053,0.03513578854057539,1.575795776867318e-05,0.9999842420422314,0.1111111111111111,1052.125,58.5,1.0,0.01138420555321547,72.0,8.0,64.0
psm,Threshold,method_retrained,0.3,0.3,1024,0.995,0.5949995456848103,1.0,0.014027316352897749,0.02766654532216964,0.0,1.0,0.08333333333333333,653.1666666666666,13.0,0.0,0.0,72.0,6.0,66.0
psm,Threshold,method_retrained,0.3,0.3,1024,0.999,0.6568208237483805,1.0,0.01267380337147779,0.02503037667071689,0.0,1.0,0.041666666666666664,1308.0,112.0,0.0,0.0,72.0,3.0,69.0
psm,Threshold,fixed_full_data,0.3,0.3,1024,0.95,0.4852407856248324,0.6864271810299062,0.15909929863418235,0.25832445391582315,0.027923101166088874,0.9720768988339111,0.3611111111111111,25.23076923076923,6.5,251.0,2.857435593857083,72.0,26.0,46.0
psm,Threshold,fixed_full_data,0.3,0.3,1024,0.975,0.5194655165297221,0.8228373702422145,0.04876748287601001,0.09207775110353907,0.004034037188780334,0.9959659628112196,0.2222222222222222,314.4375,19.0,69.0,0.7855101831718674,72.0,16.0,56.0
psm,Threshold,fixed_full_data,0.3,0.3,1024,0.99,0.5691432073198825,0.9975609756097561,0.01677535786062918,0.032995845266427334,1.575795776867318e-05,0.9999842420422314,0.125,1183.4444444444443,152.0,1.0,0.01138420555321547,72.0,9.0,63.0
psm,Threshold,fixed_full_data,0.3,0.3,1024,0.995,0.6179123695807152,1.0,0.013822238628440179,0.02726757828303261,0.0,1.0,0.041666666666666664,1303.0,97.0,0.0,0.0,72.0,3.0,69.0
psm,Threshold,fixed_full_data,0.3,0.3,1024,0.999,0.7262756559835909,1.0,0.01160739920429843,0.02294842685695751,0.0,1.0,0.027777777777777776,1910.5,1910.5,0.0,0.0,72.0,2.0,70.0
psm,Uniform,method_retrained,0.3,0.3,1024,0.95,0.4787799756811582,0.6888445331559104,0.12739428243304213,0.21502249913464866,0.022108414749448472,0.9778915852505515,0.3472222222222222,162.64,5.0,181.0,2.060541205132,72.0,25.0,47.0
psm,Uniform,method_retrained,0.3,0.3,1024,0.975,0.5145692918527341,0.8870466321243523,0.03510930642713588,0.06754517478103053,0.0017176173967853765,0.9982823826032147,0.18055555555555555,428.0,42.0,38.0,0.4325998110221878,72.0,13.0,59.0
psm,Uniform,method_retrained,0.3,0.3,1024,0.99,0.5662627360527611,0.9897172236503856,0.015790984783232844,0.03108599111828825,6.303183107469272e-05,0.9999369681689253,0.06944444444444445,818.0,96.0,1.0,0.01138420555321547,72.0,5.0,67.0
psm,Uniform,method_retrained,0.3,0.3,1024,0.995,0.6091038317123141,1.0,0.014068331897789263,0.027746319365798414,0.0,1.0,0.05555555555555555,1030.75,155.0,0.0,0.0,72.0,4.0,68.0
psm,Uniform,method_retrained,0.3,0.3,1024,0.999,0.7171375727632123,1.0,0.012263647922562652,0.024230145867098866,0.0,1.0,0.041666666666666664,1308.3333333333333,103.0,0.0,0.0,72.0,3.0,69.0
psm,Uniform,fixed_full_data,0.3,0.3,1024,0.95,0.4852407856248324,0.6782116981798905,0.15741766129363027,0.255525965379494,0.02869524109675386,0.9713047589032462,0.375,28.25925925925926,5.0,221.0,2.5159094272606186,72.0,27.0,45.0
psm,Uniform,fixed_full_data,0.3,0.3,1024,0.975,0.5194655165297221,0.8227106227106227,0.046060456913170095,0.087236852326575,0.0038134257800189093,0.9961865742199811,0.2361111111111111,294.29411764705884,12.0,47.0,0.5350576610011271,72.0,17.0,55.0
psm,Uniform,fixed_full_data,0.3,0.3,1024,0.99,0.5691432073198825,0.9925373134328358,0.01636520241171404,0.032199491586974945,4.727387330601954e-05,0.999952726126694,0.1388888888888889,1150.6,124.5,1.0,0.01138420555321547,72.0,10.0,62.0
psm,Uniform,fixed_full_data,0.3,0.3,1024,0.995,0.6179123695807152,1.0,0.013863254173331693,0.02734738460293701,0.0,1.0,0.041666666666666664,1303.0,96.0,0.0,0.0,72.0,3.0,69.0
psm,Uniform,fixed_full_data,0.3,0.3,1024,0.999,0.7262756559835909,1.0,0.011689430294081456,0.0231087326684505,0.0,1.0,0.041666666666666664,1312.3333333333333,113.0,0.0,0.0,72.0,3.0,69.0
psm,Full Data,method_retrained,1.0,0.3,1024,0.95,0.4852407856248324,0.6836540128271797,0.16176530905213077,0.26162520729684907,0.028758272927828555,0.9712417270721715,0.5277777777777778,27.894736842105264,1.0,511.0,5.817329037693105,72.0,38.0,34.0
psm,Full Data,method_retrained,1.0,0.3,1024,0.975,0.5194655165297221,0.8164383561643835,0.04889052951068455,0.09225649162184126,0.004223132682004412,0.9957768673179956,0.4027777777777778,143.44827586206895,2.0,119.0,1.3547204608326409,72.0,29.0,43.0
psm,Full Data,method_retrained,1.0,0.3,1024,0.99,0.5691432073198825,0.9880952380952381,0.01702145112997826,0.033466392484174025,7.87897888433659e-05,0.9999212102111567,0.2222222222222222,643.6875,13.0,5.0,0.056921027766077346,72.0,16.0,56.0
psm,Full Data,method_retrained,1.0,0.3,1024,0.995,0.6179123695807152,1.0,0.013863254173331693,0.02734738460293701,0.0,1.0,0.08333333333333333,651.8333333333334,11.5,0.0,0.0,72.0,6.0,66.0
psm,Full Data,method_retrained,1.0,0.3,1024,0.999,0.7262756559835909,1.0,0.012181616832779624,0.024070021881838075,0.0,1.0,0.041666666666666664,1308.6666666666667,115.0,0.0,0.0,72.0,3.0,69.0
psm,Full Data,fixed_full_data,1.0,0.3,1024,0.95,0.4852407856248324,0.6836540128271797,0.16176530905213077,0.26162520729684907,0.028758272927828555,0.9712417270721715,0.5277777777777778,27.894736842105264,1.0,511.0,5.817329037693105,72.0,38.0,34.0
psm,Full Data,fixed_full_data,1.0,0.3,1024,0.975,0.5194655165297221,0.8164383561643835,0.04889052951068455,0.09225649162184126,0.004223132682004412,0.9957768673179956,0.4027777777777778,143.44827586206895,2.0,119.0,1.3547204608326409,72.0,29.0,43.0
psm,Full Data,fixed_full_data,1.0,0.3,1024,0.99,0.5691432073198825,0.9880952380952381,0.01702145112997826,0.033466392484174025,7.87897888433659e-05,0.9999212102111567,0.2222222222222222,643.6875,13.0,5.0,0.056921027766077346,72.0,16.0,56.0
psm,Full Data,fixed_full_data,1.0,0.3,1024,0.995,0.6179123695807152,1.0,0.013863254173331693,0.02734738460293701,0.0,1.0,0.08333333333333333,651.8333333333334,11.5,0.0,0.0,72.0,6.0,66.0
psm,Full Data,fixed_full_data,1.0,0.3,1024,0.999,0.7262756559835909,1.0,0.012181616832779624,0.024070021881838075,0.0,1.0,0.041666666666666664,1308.6666666666667,115.0,0.0,0.0,72.0,3.0,69.0
psm,PCA-Triage,method_retrained,0.5,0.5,42,0.95,0.47476818913101315,0.643409818569904,0.19781797301177145,0.30260062113749725,0.04212102111566341,0.9578789788843366,0.4444444444444444,36.9375,2.5,375.0,4.269077082455801,72.0,32.0,40.0
psm,PCA-Triage,method_retrained,0.5,0.5,42,0.975,0.5067974873345389,0.6935568360398114,0.05430458143636438,0.10072270825408901,0.00921840529467381,0.9907815947053262,0.3472222222222222,209.08,7.0,139.0,1.5824045718969502,72.0,25.0,47.0
psm,PCA-Triage,method_retrained,0.5,0.5,42,0.99,0.5657159366295692,0.9843342036553525,0.015462860424100734,0.030447423679534808,9.454774661203908e-05,0.999905452253388,0.1388888888888889,848.7,63.5,3.0,0.034152616659646404,72.0,10.0,62.0
psm,PCA-Triage,method_retrained,0.5,0.5,42,0.995,0.6032295929265884,1.0,0.013822238628440179,0.02726757828303261,0.0,1.0,0.05555555555555555,980.75,58.0,0.0,0.0,72.0,4.0,68.0
psm,PCA-Triage,method_retrained,0.5,0.5,42,0.999,0.7474554579958572,1.0,0.011812476928755998,0.02334914264866837,0.0,1.0,0.027777777777777776,1908.0,1908.0,0.0,0.0,72.0,2.0,70.0
psm,PCA-Triage,fixed_full_data,0.5,0.5,42,0.95,0.4763294226637041,0.66133195663397,0.21016365202411713,0.31896417566684304,0.04134888118499842,0.9586511188150015,0.4305555555555556,39.0,4.0,335.0,3.813708860327182,72.0,31.0,41.0
psm,PCA-Triage,fixed_full_data,0.5,0.5,42,0.975,0.5085675591477058,0.6716599190283401,0.06804478897502153,0.12357081672935831,0.012779703750393948,0.987220296249606,0.2777777777777778,264.35,9.0,137.0,1.5596361607905191,72.0,20.0,52.0
psm,PCA-Triage,fixed_full_data,0.5,0.5,42,0.99,0.557090405140736,0.9604612850082372,0.023912062671752596,0.04666239795101649,0.0003781909864481563,0.9996218090135518,0.1388888888888889,1191.7,33.0,10.0,0.11384205553215469,72.0,10.0,62.0
psm,PCA-Triage,fixed_full_data,0.5,0.5,42,0.995,0.6043167848933841,1.0,0.013740207538657151,0.027107946269622915,0.0,1.0,0.041666666666666664,1302.6666666666667,96.0,0.0,0.0,72.0,3.0,69.0
psm,PCA-Triage,fixed_full_data,0.5,0.5,42,0.999,0.738884031790683,1.0,0.011853492473647512,0.02342926631536279,0.0,1.0,0.027777777777777776,1907.5,1907.5,0.0,0.0,72.0,2.0,70.0
psm,Variance,method_retrained,0.5,0.5,42,0.95,0.4759261956370986,0.6634814460901417,0.17087076001804685,0.27175472928897587,0.03329656476520643,0.9667034352347935,0.4027777777777778,41.06896551724138,2.0,343.0,3.9047825047529057,72.0,29.0,43.0
psm,Variance,method_retrained,0.5,0.5,42,0.975,0.5079671749820962,0.7408207343412527,0.05627332759115705,0.10460107498189304,0.007563819728963126,0.9924361802710369,0.2638888888888889,204.21052631578948,2.0,148.0,1.6848624218758894,72.0,19.0,53.0
psm,Variance,method_retrained,0.5,0.5,42,0.99,0.560289682004953,1.0,0.01648824904638858,0.03244159302747851,0.0,1.0,0.18055555555555555,749.7692307692307,21.0,0.0,0.0,72.0,13.0,59.0
psm,Variance,method_retrained,0.5,0.5,42,0.995,0.5995032227540017,1.0,0.013822238628440179,0.02726757828303261,0.0,1.0,0.05555555555555555,977.75,58.0,0.0,0.0,72.0,4.0,68.0
psm,Variance,method_retrained,0.5,0.5,42,0.999,0.7356318836563378,1.0,0.01193552356343054,0.023589494163424124,0.0,1.0,0.027777777777777776,1906.5,1906.5,0.0,0.0,72.0,2.0,70.0
psm,Variance,fixed_full_data,0.5,0.5,42,0.95,0.4763294226637041,0.6609364977549711,0.21131208728107953,0.3202386872202884,0.041648282382603215,0.9583517176173968,0.4305555555555556,37.83870967741935,2.0,397.0,4.519529604626541,72.0,31.0,41.0
psm,Variance,fixed_full_data,0.5,0.5,42,0.975,0.5085675591477058,0.665868263473054,0.06841392887904515,0.12407944655210891,0.013189410652379451,0.9868105893476206,0.3194444444444444,222.91304347826087,2.0,160.0,1.821472888514475,72.0,23.0,49.0
psm,Variance,fixed_full_data,0.5,0.5,42,0.99,0.557090405140736,0.9660194174757282,0.02448628030023379,0.047761910476419055,0.0003309171131421368,0.9996690828868579,0.16666666666666666,820.5,35.5,15.0,0.17076308329823203,72.0,12.0,60.0
psm,Variance,fixed_full_data,0.5,0.5,42,0.995,0.6043167848933841,1.0,0.013822238628440179,0.02726757828303261,0.0,1.0,0.05555555555555555,977.75,58.0,0.0,0.0,72.0,4.0,68.0
psm,Variance,fixed_full_data,0.5,0.5,42,0.999,0.738884031790683,1.0,0.011812476928755998,0.02334914264866837,0.0,1.0,0.027777777777777776,1908.0,1908.0,0.0,0.0,72.0,2.0,70.0
psm,Threshold,method_retrained,0.5,0.5,42,0.95,0.47228290073993634,0.6811843960520132,0.17833558918830236,0.28266805356910674,0.03206744405924992,0.9679325559407501,0.3472222222222222,151.48,2.0,364.0,4.143850821370431,72.0,25.0,47.0
psm,Threshold,method_retrained,0.5,0.5,42,0.975,0.5033951050479444,0.7980475899938987,0.05364833271810016,0.1005380476556495,0.005215884021430823,0.9947841159785692,0.2361111111111111,322.3529411764706,18.0,99.0,1.1270363497683313,72.0,17.0,55.0
psm,Threshold,method_retrained,0.5,0.5,42,0.99,0.5618724480151465,1.0,0.015339813789426192,0.030216117955968493,0.0,1.0,0.1111111111111111,1509.875,124.5,0.0,0.0,72.0,8.0,64.0
psm,Threshold,method_retrained,0.5,0.5,42,0.995,0.5948467476341597,1.0,0.013699191993765637,0.02702812057454987,0.0,1.0,0.041666666666666664,1302.3333333333333,96.0,0.0,0.0,72.0,3.0,69.0
psm,Threshold,method_retrained,0.5,0.5,42,0.999,0.7239035176205092,1.0,0.011853492473647512,0.02342926631536279,0.0,1.0,0.041666666666666664,1313.0,123.0,0.0,0.0,72.0,3.0,69.0
psm,Threshold,fixed_full_data,0.5,0.5,42,0.95,0.4763294226637041,0.6573801916932908,0.2109839629219474,0.31944358194125316,0.0422470847778128,0.9577529152221872,0.4027777777777778,38.03448275862069,2.0,396.0,4.508145399073325,72.0,29.0,43.0
psm,Threshold,fixed_full_data,0.5,0.5,42,0.975,0.5085675591477058,0.6710265556876734,0.069439317501333,0.12585489146595302,0.01307910494799874,0.9869208950520013,0.2916666666666667,251.95238095238096,5.0,154.0,1.7531676551951823,72.0,21.0,51.0
psm,Threshold,fixed_full_data,0.5,0.5,42,0.99,0.557090405140736,0.967687074829932,0.0233378450432714,0.04557651487844928,0.0002994011976047904,0.9997005988023953,0.125,492.1111111111111,59.0,9.0,0.10245784997893922,72.0,9.0,63.0
psm,Threshold,fixed_full_data,0.5,0.5,42,0.995,0.6043167848933841,1.0,0.013781223083548665,0.027187765505522515,0.0,1.0,0.041666666666666664,1302.3333333333333,96.0,0.0,0.0,72.0,3.0,69.0
psm,Threshold,fixed_full_data,0.5,0.5,42,0.999,0.738884031790683,1.0,0.011525368114515402,0.022788095045008516,0.0,1.0,0.013888888888888888,27.0,27.0,0.0,0.0,72.0,1.0,71.0
psm,Uniform,method_retrained,0.5,0.5,42,0.95,0.4782805634289322,0.6815721649484536,0.21693121693121692,0.3291123487134812,0.03893791364639143,0.9610620863536086,0.375,132.77777777777777,4.0,329.0,3.745403627007889,72.0,27.0,45.0
psm,Uniform,method_retrained,0.5,0.5,42,0.975,0.5058392176849371,0.7300079176563737,0.0756326647799516,0.13706470435202736,0.010746927198235109,0.9892530728017649,0.2777777777777778,245.4,7.5,124.0,1.411641488598718,72.0,20.0,52.0
psm,Uniform,method_retrained,0.5,0.5,42,0.99,0.5540322617270107,0.94921875,0.019933554817275746,0.0390471216807938,0.0004097069019855027,0.9995902930980145,0.16666666666666666,515.4166666666666,37.5,11.0,0.12522626108537016,72.0,12.0,60.0
psm,Uniform,method_retrained,0.5,0.5,42,0.995,0.5907397442724724,1.0,0.013822238628440179,0.02726757828303261,0.0,1.0,0.05555555555555555,980.75,58.0,0.0,0.0,72.0,4.0,68.0
psm,Uniform,method_retrained,0.5,0.5,42,0.999,0.7458338240300322,1.0,0.01193552356343054,0.023589494163424124,0.0,1.0,0.027777777777777776,1906.5,1906.5,0.0,0.0,72.0,2.0,70.0
psm,Uniform,fixed_full_data,0.5,0.5,42,0.95,0.4763294226637041,0.6582327254045723,0.21020466756900866,0.3186495476730811,0.04193192562243933,0.9580680743775607,0.3611111111111111,47.73076923076923,4.5,322.0,3.665714188135381,72.0,26.0,46.0
psm,Uniform,fixed_full_data,0.5,0.5,42,0.975,0.5085675591477058,0.6780136163396075,0.069439317501333,0.12597663516630703,0.012669398046013237,0.9873306019539868,0.25,286.6666666666667,11.5,137.0,1.5596361607905191,72.0,18.0,54.0
psm,Uniform,fixed_full_data,0.5,0.5,42,0.99,0.557090405140736,0.96,0.02460932693490833,0.04798848276413661,0.0003939489442168295,0.9996060510557832,0.16666666666666666,821.1666666666666,35.5,8.0,0.09107364442572376,72.0,12.0,60.0
psm,Uniform,fixed_full_data,0.5,0.5,42,0.995,0.6043167848933841,1.0,0.013699191993765637,0.02702812057454987,0.0,1.0,0.041666666666666664,1302.6666666666667,96.0,0.0,0.0,72.0,3.0,69.0
psm,Uniform,fixed_full_data,0.5,0.5,42,0.999,0.738884031790683,1.0,0.011894508018539026,0.02350938348668477,0.0,1.0,0.027777777777777776,1907.0,1907.0,0.0,0.0,72.0,2.0,70.0
psm,Full Data,method_retrained,1.0,0.5,42,0.95,0.4763294226637041,0.6572565122545875,0.2100816209343341,0.318393734070989,0.04208950520012606,0.9579104947998739,0.4861111111111111,32.6,2.0,539.0,6.1360867931831375,72.0,35.0,37.0
psm,Full Data,method_retrained,1.0,0.5,42,0.975,0.5085675591477058,0.6783625730994152,0.07136704811123416,0.1291471832553997,0.013000315159155373,0.9869996848408447,0.375,189.44444444444446,4.0,220.0,2.504525221707403,72.0,27.0,45.0
psm,Full Data,method_retrained,1.0,0.5,42,0.99,0.557090405140736,0.9565916398713826,0.02440424921045076,0.047594288685357755,0.00042546485975417586,0.9995745351402459,0.20833333333333334,562.4,21.0,21.0,0.23906831661752484,72.0,15.0,57.0
psm,Full Data,method_retrained,1.0,0.5,42,0.995,0.6043167848933841,1.0,0.013945285263114721,0.027506977873063387,0.0,1.0,0.09722222222222222,1340.857142857143,21.0,0.0,0.0,72.0,7.0,65.0
psm,Full Data,method_retrained,1.0,0.5,42,0.999,0.738884031790683,1.0,0.012017554653213568,0.02374969603631353,0.0,1.0,0.027777777777777776,1905.5,1905.5,0.0,0.0,72.0,2.0,70.0
psm,Full Data,fixed_full_data,1.0,0.5,42,0.95,0.4763294226637041,0.6572565122545875,0.2100816209343341,0.318393734070989,0.04208950520012606,0.9579104947998739,0.4861111111111111,32.6,2.0,539.0,6.1360867931831375,72.0,35.0,37.0
psm,Full Data,fixed_full_data,1.0,0.5,42,0.975,0.5085675591477058,0.6783625730994152,0.07136704811123416,0.1291471832553997,0.013000315159155373,0.9869996848408447,0.375,189.44444444444446,4.0,220.0,2.504525221707403,72.0,27.0,45.0
psm,Full Data,fixed_full_data,1.0,0.5,42,0.99,0.557090405140736,0.9565916398713826,0.02440424921045076,0.047594288685357755,0.00042546485975417586,0.9995745351402459,0.20833333333333334,562.4,21.0,21.0,0.23906831661752484,72.0,15.0,57.0
psm,Full Data,fixed_full_data,1.0,0.5,42,0.995,0.6043167848933841,1.0,0.013945285263114721,0.027506977873063387,0.0,1.0,0.09722222222222222,1340.857142857143,21.0,0.0,0.0,72.0,7.0,65.0
psm,Full Data,fixed_full_data,1.0,0.5,42,0.999,0.738884031790683,1.0,0.012017554653213568,0.02374969603631353,0.0,1.0,0.027777777777777776,1905.5,1905.5,0.0,0.0,72.0,2.0,70.0
psm,PCA-Triage,method_retrained,0.5,0.5,123,0.95,0.47803984128492477,0.6080068143100511,0.14638447971781304,0.23595914184655054,0.03625906082571699,0.963740939174283,0.3888888888888889,145.32142857142858,2.0,307.0,3.494951104837149,72.0,28.0,44.0
psm,PCA-Triage,method_retrained,0.5,0.5,123,0.975,0.5093652031591726,0.8234912394548994,0.05204872646733112,0.09790911195123833,0.004286164513079105,0.9957138354869209,0.2638888888888889,236.89473684210526,11.0,82.0,0.9335048553636685,72.0,19.0,53.0
psm,PCA-Triage,method_retrained,0.5,0.5,123,0.99,0.5661561409803398,0.9948453608247423,0.01583200032812436,0.031167992248374986,3.151591553734636e-05,0.9999684840844627,0.1111111111111111,894.375,65.0,1.0,0.01138420555321547,72.0,8.0,64.0
psm,PCA-Triage,method_retrained,0.5,0.5,123,0.995,0.6240850439918183,1.0,0.013699191993765637,0.02702812057454987,0.0,1.0,0.041666666666666664,1302.3333333333333,95.0,0.0,0.0,72.0,3.0,69.0
psm,PCA-Triage,method_retrained,0.5,0.5,123,0.999,0.7287919550868824,1.0,0.011853492473647512,0.02342926631536279,0.0,1.0,0.027777777777777776,1907.5,1907.5,0.0,0.0,72.0,2.0,70.0
psm,PCA-Triage,fixed_full_data,0.5,0.5,123,0.95,0.476438866982497,0.5960252935862692,0.13531028259710431,0.2205508757855328,0.03523479357075323,0.9647652064292468,0.3888888888888889,81.92857142857143,5.5,325.0,3.699866804795027,72.0,28.0,44.0
psm,PCA-Triage,fixed_full_data,0.5,0.5,123,0.975,0.508074222806844,0.7284366576819407,0.04433780402772651,0.08358786004252851,0.006350456980775292,0.9936495430192247,0.2916666666666667,176.28571428571428,11.0,112.0,1.2750310219601324,72.0,21.0,51.0
psm,PCA-Triage,fixed_full_data,0.5,0.5,123,0.99,0.5625037007398999,0.9669211195928753,0.015585907058775276,0.03067732299991927,0.00020485345099275135,0.9997951465490073,0.1388888888888889,1515.5,130.5,6.0,0.06830523331929281,72.0,10.0,62.0
psm,PCA-Triage,fixed_full_data,0.5,0.5,123,0.995,0.614267428503997,1.0,0.013658176448874123,0.026948288419519302,0.0,1.0,0.041666666666666664,1302.3333333333333,95.0,0.0,0.0,72.0,3.0,69.0
psm,PCA-Triage,fixed_full_data,0.5,0.5,123,0.999,0.7286199156830038,1.0,0.011771461383864484,0.023269012485811577,0.0,1.0,0.027777777777777776,1908.5,1908.5,0.0,0.0,72.0,2.0,70.0
psm,Variance,method_retrained,0.5,0.5,123,0.95,0.47316900777125276,0.5792628774422736,0.10700955662195973,0.1806473948416133,0.029861329971635677,0.9701386700283643,0.4444444444444444,120.875,3.5,314.0,3.5746405437096573,72.0,32.0,40.0
psm,Variance,method_retrained,0.5,0.5,123,0.975,0.5062276597209596,0.7222787385554426,0.02912103687297486,0.0559848604321085,0.004301922470847778,0.9956980775291522,0.3055555555555556,226.72727272727272,10.0,78.0,0.8879680331508065,72.0,22.0,50.0
psm,Variance,method_retrained,0.5,0.5,123,0.99,0.5646316496733423,0.9920844327176781,0.01542184487920922,0.03037156704361874,4.727387330601954e-05,0.999952726126694,0.125,1003.5555555555555,21.0,3.0,0.034152616659646404,72.0,9.0,63.0
psm,Variance,method_retrained,0.5,0.5,123,0.995,0.6219167151589314,1.0,0.013699191993765637,0.02702812057454987,0.0,1.0,0.05555555555555555,977.25,59.0,0.0,0.0,72.0,4.0,68.0
psm,Variance,method_retrained,0.5,0.5,123,0.999,0.7256580686033673,1.0,0.011525368114515402,0.022788095045008516,0.0,1.0,0.027777777777777776,1910.5,1910.5,0.0,0.0,72.0,2.0,70.0
psm,Variance,fixed_full_data,0.5,0.5,123,0.95,0.476438866982497,0.5960241391551295,0.13773019974570364,0.22375478927203066,0.035865111881500156,0.9641348881184998,0.4305555555555556,122.12903225806451,5.0,392.0,4.462608576860464,72.0,31.0,41.0
psm,Variance,fixed_full_data,0.5,0.5,123,0.975,0.508074222806844,0.7270861833105335,0.04359952421967926,0.08226599079054289,0.006287425149700598,0.9937125748502994,0.3194444444444444,187.95652173913044,14.0,127.0,1.4457941052583645,72.0,23.0,49.0
psm,Variance,fixed_full_data,0.5,0.5,123,0.99,0.5625037007398999,0.979539641943734,0.015708953693449816,0.03092200871952204,0.00012606366214938544,0.9998739363378506,0.16666666666666666,1074.6666666666667,58.0,6.0,0.06830523331929281,72.0,12.0,60.0
psm,Variance,fixed_full_data,0.5,0.5,123,0.995,0.614267428503997,1.0,0.013740207538657151,0.027107946269622915,0.0,1.0,0.05555555555555555,977.0,58.5,0.0,0.0,72.0,4.0,68.0
psm,Variance,fixed_full_data,0.5,0.5,123,0.999,0.7286199156830038,1.0,0.011566383659406916,0.022868264201435347,0.0,1.0,0.027777777777777776,1909.5,1909.5,0.0,0.0,72.0,2.0,70.0
psm,Threshold,method_retrained,0.5,0.5,123,0.95,0.4755796898260485,0.6043701799485861,0.09642754603994914,0.16631884263025715,0.024251497005988023,0.975748502994012,0.4305555555555556,31.612903225806452,5.0,352.0,4.007240354731845,72.0,31.0,41.0
psm,Threshold,method_retrained,0.5,0.5,123,0.975,0.5063112002605521,0.8010309278350516,0.03186907838070629,0.0612993570273362,0.003041285849353924,0.9969587141506461,0.2916666666666667,297.95238095238096,6.0,65.0,0.7399733609590055,72.0,21.0,51.0
psm,Threshold,method_retrained,0.5,0.5,123,0.99,0.562372978917093,0.9720101781170484,0.015667938148558304,0.030838782594655688,0.00017333753545540497,0.9998266624645445,0.1388888888888889,1062.8,58.0,10.0,0.11384205553215469,72.0,10.0,62.0
psm,Threshold,method_retrained,0.5,0.5,123,0.995,0.6110943132487991,1.0,0.013781223083548665,0.027187765505522515,0.0,1.0,0.05555555555555555,980.5,58.0,0.0,0.0,72.0,4.0,68.0
psm,Threshold,method_retrained,0.5,0.5,123,0.999,0.724139765532375,1.0,0.01160739920429843,0.02294842685695751,0.0,1.0,0.013888888888888888,25.0,25.0,0.0,0.0,72.0,1.0,71.0
psm,Threshold,fixed_full_data,0.5,0.5,123,0.95,0.476438866982497,0.6017683146878383,0.1367868422131988,0.2229054573405073,0.03477781279546171,0.9652221872045383,0.4166666666666667,77.83333333333333,3.5,416.0,4.735829510137635,72.0,30.0,42.0
psm,Threshold,fixed_full_data,0.5,0.5,123,0.975,0.508074222806844,0.722183344996501,0.042328042328042326,0.07996900426191399,0.006255909234163253,0.9937440907658367,0.3055555555555556,201.13636363636363,13.0,122.0,1.3888730774922873,72.0,22.0,50.0
psm,Threshold,fixed_full_data,0.5,0.5,123,0.99,0.5625037007398999,0.9548872180451128,0.015626922603666788,0.030750605326876512,0.00028364323983611726,0.9997163567601639,0.1527777777777778,1069.6363636363637,95.0,13.0,0.1479946721918011,72.0,11.0,61.0
psm,Threshold,fixed_full_data,0.5,0.5,123,0.995,0.614267428503997,1.0,0.013699191993765637,0.02702812057454987,0.0,1.0,0.041666666666666664,1302.0,95.0,0.0,0.0,72.0,3.0,69.0
psm,Threshold,fixed_full_data,0.5,0.5,123,0.999,0.7286199156830038,1.0,0.011525368114515402,0.022788095045008516,0.0,1.0,0.013888888888888888,26.0,26.0,0.0,0.0,72.0,1.0,71.0
psm,Uniform,method_retrained,0.5,0.5,123,0.95,0.47771207432309554,0.6371011357490536,0.0966326237644067,0.1678122440257844,0.021147179325559408,0.9788528206744406,0.3194444444444444,189.6086956521739,8.0,270.0,3.0737354993681767,72.0,23.0,49.0
psm,Uniform,method_retrained,0.5,0.5,123,0.975,0.5139708840992209,0.8747072599531616,0.03063861203396087,0.059203487220130774,0.0016861014812480303,0.998313898518752,0.2361111111111111,403.4117647058824,15.0,32.0,0.36429457770289503,72.0,17.0,55.0
psm,Uniform,method_retrained,0.5,0.5,123,0.99,0.5660962796005258,0.9973333333333333,0.015339813789426192,0.030214897398610437,1.575795776867318e-05,0.9999842420422314,0.09722222222222222,585.0,32.0,1.0,0.01138420555321547,72.0,7.0,65.0
psm,Uniform,method_retrained,0.5,0.5,123,0.995,0.62475811906762,1.0,0.013699191993765637,0.02702812057454987,0.0,1.0,0.041666666666666664,1302.6666666666667,96.0,0.0,0.0,72.0,3.0,69.0
psm,Uniform,method_retrained,0.5,0.5,123,0.999,0.7364206061396106,1.0,0.011033181575817235,0.02182555780933063,0.0,1.0,0.027777777777777776,1908.5,1908.5,0.0,0.0,72.0,2.0,70.0
psm,Uniform,fixed_full_data,0.5,0.5,123,0.95,0.476438866982497,0.593604024434064,0.13551536032156186,0.2206564931378769,0.03564450047273873,0.9643554995272613,0.4166666666666667,76.6,5.0,321.0,3.6543299825821656,72.0,30.0,42.0
psm,Uniform,fixed_full_data,0.5,0.5,123,0.975,0.508074222806844,0.7233757535164099,0.044296788482835,0.08348148720723506,0.006508036558462023,0.993491963441538,0.2916666666666667,187.66666666666666,10.0,98.0,1.115652144215116,72.0,21.0,51.0
psm,Uniform,fixed_full_data,0.5,0.5,123,0.99,0.5625037007398999,0.9750623441396509,0.016037078052581928,0.03155516100395448,0.0001575795776867318,0.9998424204223133,0.1527777777777778,1066.3636363636363,95.0,5.0,0.056921027766077346,72.0,11.0,61.0
psm,Uniform,fixed_full_data,0.5,0.5,123,0.995,0.614267428503997,1.0,0.013699191993765637,0.02702812057454987,0.0,1.0,0.041666666666666664,1303.0,96.0,0.0,0.0,72.0,3.0,69.0
psm,Uniform,fixed_full_data,0.5,0.5,123,0.999,0.7286199156830038,1.0,0.011771461383864484,0.023269012485811577,0.0,1.0,0.027777777777777776,1908.5,1908.5,0.0,0.0,72.0,2.0,70.0
psm,Full Data,method_retrained,1.0,0.5,123,0.95,0.476438866982497,0.6035523978685613,0.13937082154136418,0.2264503015560961,0.035171761739678536,0.9648282382603215,0.5277777777777778,60.76315789473684,2.0,529.0,6.022244737650983,72.0,38.0,34.0
psm,Full Data,method_retrained,1.0,0.5,123,0.975,0.508074222806844,0.708043065231159,0.04585537918871252,0.08613251155624037,0.007264418531358336,0.9927355814686417,0.375,159.8148148148148,5.0,161.0,1.8328570940676905,72.0,27.0,45.0
psm,Full Data,method_retrained,1.0,0.5,123,0.99,0.5625037007398999,0.9713603818615751,0.016693326770846152,0.03282258064516129,0.00018909549322407816,0.9998109045067759,0.20833333333333334,761.9333333333333,17.0,11.0,0.12522626108537016,72.0,15.0,57.0
psm,Full Data,method_retrained,1.0,0.5,123,0.995,0.614267428503997,1.0,0.013986300808006235,0.02758676482485236,0.0,1.0,0.1111111111111111,1174.0,13.5,0.0,0.0,72.0,8.0,64.0
psm,Full Data,method_retrained,1.0,0.5,123,0.999,0.7286199156830038,1.0,0.01193552356343054,0.023589494163424124,0.0,1.0,0.027777777777777776,1905.5,1905.5,0.0,0.0,72.0,2.0,70.0
psm,Full Data,fixed_full_data,1.0,0.5,123,0.95,0.476438866982497,0.6035523978685613,0.13937082154136418,0.2264503015560961,0.035171761739678536,0.9648282382603215,0.5277777777777778,60.76315789473684,2.0,529.0,6.022244737650983,72.0,38.0,34.0
psm,Full Data,fixed_full_data,1.0,0.5,123,0.975,0.508074222806844,0.708043065231159,0.04585537918871252,0.08613251155624037,0.007264418531358336,0.9927355814686417,0.375,159.8148148148148,5.0,161.0,1.8328570940676905,72.0,27.0,45.0
psm,Full Data,fixed_full_data,1.0,0.5,123,0.99,0.5625037007398999,0.9713603818615751,0.016693326770846152,0.03282258064516129,0.00018909549322407816,0.9998109045067759,0.20833333333333334,761.9333333333333,17.0,11.0,0.12522626108537016,72.0,15.0,57.0
psm,Full Data,fixed_full_data,1.0,0.5,123,0.995,0.614267428503997,1.0,0.013986300808006235,0.02758676482485236,0.0,1.0,0.1111111111111111,1174.0,13.5,0.0,0.0,72.0,8.0,64.0
psm,Full Data,fixed_full_data,1.0,0.5,123,0.999,0.7286199156830038,1.0,0.01193552356343054,0.023589494163424124,0.0,1.0,0.027777777777777776,1905.5,1905.5,0.0,0.0,72.0,2.0,70.0
psm,PCA-Triage,method_retrained,0.5,0.5,456,0.95,0.47697136017642944,0.5417006691692509,0.1361305934949346,0.21758227350203224,0.04424834541443429,0.9557516545855657,0.4583333333333333,38.84848484848485,2.0,315.0,3.5860247492628727,72.0,33.0,39.0
psm,PCA-Triage,method_retrained,0.5,0.5,456,0.975,0.5087252603604405,0.6460989291177971,0.05196669537754809,0.09619618859615822,0.010936022691459187,0.9890639773085408,0.3194444444444444,176.1304347826087,3.0,167.0,1.9011623273869833,72.0,23.0,49.0
psm,PCA-Triage,method_retrained,0.5,0.5,456,0.99,0.5663522304206736,0.9232736572890026,0.014806611705836512,0.0291458097852414,0.0004727387330601954,0.9995272612669398,0.18055555555555555,759.6923076923077,20.0,10.0,0.11384205553215469,72.0,13.0,59.0
psm,PCA-Triage,method_retrained,0.5,0.5,456,0.995,0.6198475588395678,1.0,0.013822238628440179,0.02726757828303261,0.0,1.0,0.06944444444444445,782.2,22.0,0.0,0.0,72.0,5.0,67.0
psm,PCA-Triage,method_retrained,0.5,0.5,456,0.999,0.7367257067374363,1.0,0.011525368114515402,0.022788095045008516,0.0,1.0,0.027777777777777776,1909.5,1909.5,0.0,0.0,72.0,2.0,70.0
psm,PCA-Triage,fixed_full_data,0.5,0.5,456,0.95,0.47790675504481567,0.6281331836887393,0.13773019974570364,0.22592256198069097,0.03132682004412228,0.9686731799558778,0.4444444444444444,146.125,2.0,329.0,3.745403627007889,72.0,32.0,40.0
psm,PCA-Triage,fixed_full_data,0.5,0.5,456,0.975,0.5094592882632383,0.7912873862158648,0.049915918132972394,0.09390794397932019,0.0050583044437440905,0.9949416955562559,0.3055555555555556,251.72727272727272,5.5,90.0,1.0245784997893923,72.0,22.0,50.0
psm,PCA-Triage,fixed_full_data,0.5,0.5,456,0.99,0.5632375540086498,0.9840848806366048,0.015216767154751652,0.029970110671298168,9.454774661203908e-05,0.999905452253388,0.1388888888888889,910.9,23.0,3.0,0.034152616659646404,72.0,10.0,62.0
psm,PCA-Triage,fixed_full_data,0.5,0.5,456,0.995,0.6241871856240392,1.0,0.013822238628440179,0.02726757828303261,0.0,1.0,0.05555555555555555,977.0,58.0,0.0,0.0,72.0,4.0,68.0
psm,PCA-Triage,fixed_full_data,0.5,0.5,456,0.999,0.746789842920736,1.0,0.01173044583897297,0.02318887582600235,0.0,1.0,0.027777777777777776,1909.0,1909.0,0.0,0.0,72.0,2.0,70.0
psm,Variance,method_retrained,0.5,0.5,456,0.95,0.47153035264624604,0.5926372963186481,0.16110906033386654,0.25334580283143604,0.04254648597541759,0.9574535140245825,0.4444444444444444,118.5,5.0,434.0,4.940745210095513,72.0,32.0,40.0
psm,Variance,method_retrained,0.5,0.5,456,0.975,0.5026748498820328,0.7694341618191433,0.0596776178171527,0.11076431181485993,0.006870469587141506,0.9931295304128585,0.3055555555555556,188.5,12.5,125.0,1.4230256941519337,72.0,22.0,50.0
psm,Variance,method_retrained,0.5,0.5,456,0.99,0.5582458354708142,0.9641148325358851,0.016529264591280096,0.03250131053671519,0.0002363693665300977,0.99976363063347,0.16666666666666666,726.5,42.5,6.0,0.06830523331929281,72.0,12.0,60.0
psm,Variance,method_retrained,0.5,0.5,456,0.995,0.6021911928180201,1.0,0.013904269718223207,0.027427184466019418,0.0,1.0,0.08333333333333333,692.3333333333334,58.5,0.0,0.0,72.0,6.0,66.0
psm,Variance,method_retrained,0.5,0.5,456,0.999,0.7493321644974026,1.0,0.011648414749189944,0.0230285830123657,0.0,1.0,0.013888888888888888,24.0,24.0,0.0,0.0,72.0,1.0,71.0
psm,Variance,fixed_full_data,0.5,0.5,456,0.95,0.47790675504481567,0.6251154201292706,0.1388376194577745,0.2272117062692979,0.03198865427040656,0.9680113457295935,0.4166666666666667,42.833333333333336,2.0,414.0,4.713061099031204,72.0,30.0,42.0
psm,Variance,fixed_full_data,0.5,0.5,456,0.975,0.5094592882632383,0.7901815736381977,0.048193265247528816,0.09084583268903665,0.004916482823826032,0.9950835171761739,0.3194444444444444,203.7826086956522,11.0,91.0,1.0359627053426077,72.0,23.0,49.0
psm,Variance,fixed_full_data,0.5,0.5,456,0.99,0.5632375540086498,0.9863013698630136,0.014765596160944998,0.029095611411945364,7.87897888433659e-05,0.9999212102111567,0.1388888888888889,933.3,58.0,4.0,0.04553682221286188,72.0,10.0,62.0
psm,Variance,fixed_full_data,0.5,0.5,456,0.995,0.6241871856240392,1.0,0.013781223083548665,0.027187765505522515,0.0,1.0,0.05555555555555555,977.0,58.5,0.0,0.0,72.0,4.0,68.0
psm,Variance,fixed_full_data,0.5,0.5,456,0.999,0.746789842920736,1.0,0.01173044583897297,0.02318887582600235,0.0,1.0,0.027777777777777776,1909.0,1909.0,0.0,0.0,72.0,2.0,70.0
psm,Threshold,method_retrained,0.5,0.5,456,0.95,0.47228909534636615,0.5318818040435459,0.12624584717607973,0.20405727923627684,0.042688307595335644,0.9573116924046644,0.3611111111111111,48.26923076923077,5.0,426.0,4.84967156566979,72.0,26.0,46.0
psm,Threshold,method_retrained,0.5,0.5,456,0.975,0.5057094581743468,0.7100323624595469,0.04499405274599073,0.08462547249865,0.007059565080365584,0.9929404349196345,0.2638888888888889,281.7894736842105,13.0,130.0,1.479946721918011,72.0,19.0,53.0
psm,Threshold,method_retrained,0.5,0.5,456,0.99,0.5621727863716748,0.9815789473684211,0.015298798244534678,0.03012802390856589,0.00011030570438071225,0.9998896942956192,0.08333333333333333,715.0,124.0,5.0,0.056921027766077346,72.0,6.0,66.0
psm,Threshold,method_retrained,0.5,0.5,456,0.995,0.6028668155374276,1.0,0.013781223083548665,0.027187765505522515,0.0,1.0,0.041666666666666664,1302.0,95.0,0.0,0.0,72.0,3.0,69.0
psm,Threshold,method_retrained,0.5,0.5,456,0.999,0.7316515970354491,1.0,0.011689430294081456,0.0231087326684505,0.0,1.0,0.027777777777777776,1909.5,1909.5,0.0,0.0,72.0,2.0,70.0
psm,Threshold,fixed_full_data,0.5,0.5,456,0.95,0.47790675504481567,0.6180233636195067,0.1367048111234158,0.22388661248068784,0.03246139300346675,0.9675386069965333,0.3888888888888889,42.392857142857146,5.0,417.0,4.747213715690851,72.0,28.0,44.0
psm,Threshold,fixed_full_data,0.5,0.5,456,0.975,0.5094592882632383,0.7827242524916943,0.04831631188220335,0.09101444796415051,0.00515285219035613,0.9948471478096439,0.25,308.0,19.0,101.0,1.1498047608747624,72.0,18.0,54.0
psm,Threshold,fixed_full_data,0.5,0.5,456,0.99,0.5632375540086498,0.9832402234636871,0.014437471801812887,0.02845709204090707,9.454774661203908e-05,0.999905452253388,0.06944444444444445,812.2,95.0,4.0,0.04553682221286188,72.0,5.0,67.0
psm,Threshold,fixed_full_data,0.5,0.5,456,0.995,0.6241871856240392,1.0,0.01341208317952504,0.02646915978630403,0.0,1.0,0.041666666666666664,1303.3333333333333,99.0,0.0,0.0,72.0,3.0,69.0
psm,Threshold,fixed_full_data,0.5,0.5,456,0.999,0.746789842920736,1.0,0.011484352569623888,0.022707919386886176,0.0,1.0,0.013888888888888888,27.0,27.0,0.0,0.0,72.0,1.0,71.0
psm,Uniform,method_retrained,0.5,0.5,456,0.95,0.4718787381712827,0.5644536652835408,0.16738443870226816,0.2582012590553921,0.04962180901355184,0.9503781909864482,0.4444444444444444,135.09375,5.0,331.0,3.76817203811432,72.0,32.0,40.0
psm,Uniform,method_retrained,0.5,0.5,456,0.975,0.5018532661112769,0.6561199000832639,0.06464049874902589,0.11768659224134713,0.013016073116924046,0.9869839268830759,0.2638888888888889,279.0,8.0,183.0,2.083309616238431,72.0,19.0,53.0
psm,Uniform,method_retrained,0.5,0.5,456,0.99,0.5615159199687453,0.9509803921568627,0.015914031417907388,0.03130420751139618,0.0003151591553734636,0.9996848408446265,0.1388888888888889,377.2,58.0,11.0,0.12522626108537016,72.0,10.0,62.0
psm,Uniform,method_retrained,0.5,0.5,456,0.995,0.6203243554392042,1.0,0.013781223083548665,0.027187765505522515,0.0,1.0,0.041666666666666664,1302.3333333333333,96.0,0.0,0.0,72.0,3.0,69.0
psm,Uniform,method_retrained,0.5,0.5,456,0.999,0.7383381892349666,1.0,0.01086911939625118,0.021504503773431796,0.0,1.0,0.027777777777777776,1909.0,1909.0,0.0,0.0,72.0,2.0,70.0
psm,Uniform,fixed_full_data,0.5,0.5,456,0.95,0.47790675504481567,0.6217201166180758,0.13994503916984538,0.22846429408416752,0.03271352032776552,0.9672864796722345,0.4166666666666667,145.8,4.0,340.0,3.8706298880932595,72.0,30.0,42.0
psm,Uniform,fixed_full_data,0.5,0.5,456,0.975,0.5094592882632383,0.8003992015968064,0.0493417005044912,0.09295317570700046,0.004727387330601954,0.995272612669398,0.3194444444444444,267.6521739130435,11.0,79.0,0.899352238704022,72.0,23.0,49.0
psm,Uniform,fixed_full_data,0.5,0.5,456,0.99,0.5632375540086498,0.9919354838709677,0.015134736064968624,0.029814567931159858,4.727387330601954e-05,0.999952726126694,0.1111111111111111,517.5,21.5,1.0,0.01138420555321547,72.0,8.0,64.0
psm,Uniform,fixed_full_data,0.5,0.5,456,0.995,0.6241871856240392,1.0,0.013699191993765637,0.02702812057454987,0.0,1.0,0.041666666666666664,1302.6666666666667,97.0,0.0,0.0,72.0,3.0,69.0
psm,Uniform,fixed_full_data,0.5,0.5,456,0.999,0.746789842920736,1.0,0.011771461383864484,0.023269012485811577,0.0,1.0,0.027777777777777776,1908.5,1908.5,0.0,0.0,72.0,2.0,70.0
psm,Full Data,method_retrained,1.0,0.5,456,0.95,0.47790675504481567,0.6211485870556062,0.1397399614453878,0.22815241411638654,0.03274503624330287,0.9672549637566972,0.5,44.25,1.5,547.0,6.227160437608862,72.0,36.0,36.0
psm,Full Data,method_retrained,1.0,0.5,456,0.975,0.5094592882632383,0.7901077996195307,0.0511053689348263,0.0960012327606133,0.005215884021430823,0.9947841159785692,0.3888888888888889,199.17857142857142,5.0,124.0,1.411641488598718,72.0,28.0,44.0
psm,Full Data,method_retrained,1.0,0.5,456,0.99,0.5632375540086498,0.9790575916230366,0.015339813789426192,0.030206356257319388,0.00012606366214938544,0.9998739363378506,0.19444444444444445,663.7857142857143,13.0,7.0,0.07968943887250828,72.0,14.0,58.0
psm,Full Data,method_retrained,1.0,0.5,456,0.995,0.6241871856240392,1.0,0.013863254173331693,0.02734738460293701,0.0,1.0,0.08333333333333333,651.8333333333334,11.5,0.0,0.0,72.0,6.0,66.0
psm,Full Data,method_retrained,1.0,0.5,456,0.999,0.746789842920736,1.0,0.012017554653213568,0.02374969603631353,0.0,1.0,0.027777777777777776,1905.5,1905.5,0.0,0.0,72.0,2.0,70.0
psm,Full Data,fixed_full_data,1.0,0.5,456,0.95,0.47790675504481567,0.6211485870556062,0.1397399614453878,0.22815241411638654,0.03274503624330287,0.9672549637566972,0.5,44.25,1.5,547.0,6.227160437608862,72.0,36.0,36.0
psm,Full Data,fixed_full_data,1.0,0.5,456,0.975,0.5094592882632383,0.7901077996195307,0.0511053689348263,0.0960012327606133,0.005215884021430823,0.9947841159785692,0.3888888888888889,199.17857142857142,5.0,124.0,1.411641488598718,72.0,28.0,44.0
psm,Full Data,fixed_full_data,1.0,0.5,456,0.99,0.5632375540086498,0.9790575916230366,0.015339813789426192,0.030206356257319388,0.00012606366214938544,0.9998739363378506,0.19444444444444445,663.7857142857143,13.0,7.0,0.07968943887250828,72.0,14.0,58.0
psm,Full Data,fixed_full_data,1.0,0.5,456,0.995,0.6241871856240392,1.0,0.013863254173331693,0.02734738460293701,0.0,1.0,0.08333333333333333,651.8333333333334,11.5,0.0,0.0,72.0,6.0,66.0
psm,Full Data,fixed_full_data,1.0,0.5,456,0.999,0.746789842920736,1.0,0.012017554653213568,0.02374969603631353,0.0,1.0,0.027777777777777776,1905.5,1905.5,0.0,0.0,72.0,2.0,70.0
psm,PCA-Triage,method_retrained,0.5,0.5,789,0.95,0.4747334297796437,0.6305651231024365,0.20273983839875312,0.3068280571073867,0.04563504569807753,0.9543649543019225,0.4305555555555556,119.0,2.0,341.0,3.882014093646475,72.0,31.0,41.0
psm,PCA-Triage,method_retrained,0.5,0.5,789,0.975,0.5096462647530117,0.7663389242336611,0.0543455969812559,0.10149368058215243,0.006366214938543965,0.993633785061456,0.2916666666666667,231.47619047619048,11.0,110.0,1.2522626108537016,72.0,21.0,51.0
psm,PCA-Triage,method_retrained,0.5,0.5,789,0.99,0.5558610381789345,0.975669099756691,0.016447233501497068,0.03234914488544692,0.0001575795776867318,0.9998424204223133,0.1388888888888889,1499.6,58.0,6.0,0.06830523331929281,72.0,10.0,62.0
psm,PCA-Triage,method_retrained,0.5,0.5,789,0.995,0.6028538838451428,1.0,0.013740207538657151,0.027107946269622915,0.0,1.0,0.041666666666666664,1302.3333333333333,95.0,0.0,0.0,72.0,3.0,69.0
psm,PCA-Triage,method_retrained,0.5,0.5,789,0.999,0.7396206250233831,1.0,0.011484352569623888,0.022707919386886176,0.0,1.0,0.027777777777777776,1909.0,1909.0,0.0,0.0,72.0,2.0,70.0
psm,PCA-Triage,fixed_full_data,0.5,0.5,789,0.95,0.47397903457410456,0.6282310899344848,0.21631598375784422,0.3218208445203808,0.049180586196029,0.9508194138039711,0.4166666666666667,24.4,3.0,413.0,4.7016768934779885,72.0,30.0,42.0
psm,PCA-Triage,fixed_full_data,0.5,0.5,789,0.975,0.5051085713319143,0.7034976152623211,0.07259751445797957,0.13161319106220024,0.011755436495430193,0.9882445635045698,0.3194444444444444,207.52173913043478,6.0,203.0,2.31099372730274,72.0,23.0,49.0
psm,PCA-Triage,fixed_full_data,0.5,0.5,789,0.99,0.5525428837928208,0.9384615384615385,0.01751363766867643,0.034385569334836524,0.000441222817522849,0.9995587771824771,0.18055555555555555,759.8461538461538,21.0,16.0,0.18214728885144751,72.0,13.0,59.0
psm,PCA-Triage,fixed_full_data,0.5,0.5,789,0.995,0.6068274946515355,1.0,0.013822238628440179,0.02726757828303261,0.0,1.0,0.05555555555555555,980.75,58.5,0.0,0.0,72.0,4.0,68.0
psm,PCA-Triage,fixed_full_data,0.5,0.5,789,0.999,0.7526817449796471,1.0,0.011689430294081456,0.0231087326684505,0.0,1.0,0.027777777777777776,1908.5,1908.5,0.0,0.0,72.0,2.0,70.0
psm,Variance,method_retrained,0.5,0.5,789,0.95,0.4756277862838432,0.6709348323964189,0.264345186825807,0.379262659252067,0.04981090450677592,0.9501890954932241,0.4722222222222222,28.147058823529413,1.5,530.0,6.0336289432041985,72.0,34.0,38.0
psm,Variance,method_retrained,0.5,0.5,789,0.975,0.5111578827283162,0.8014579759862779,0.07665805340223945,0.139931868378692,0.007295934446895682,0.9927040655531043,0.3611111111111111,154.23076923076923,8.5,157.0,1.7873202718548287,72.0,26.0,46.0
psm,Variance,method_retrained,0.5,0.5,789,0.99,0.5667597139547095,0.9903147699757869,0.01677535786062918,0.03299185286762926,6.303183107469272e-05,0.9999369681689253,0.1388888888888889,1235.6,58.0,3.0,0.034152616659646404,72.0,10.0,62.0
psm,Variance,method_retrained,0.5,0.5,789,0.995,0.6260366168056104,1.0,0.013781223083548665,0.027187765505522515,0.0,1.0,0.041666666666666664,1302.3333333333333,95.0,0.0,0.0,72.0,3.0,69.0
psm,Variance,method_retrained,0.5,0.5,789,0.999,0.7429002225985534,1.0,0.01173044583897297,0.02318887582600235,0.0,1.0,0.027777777777777776,1908.5,1908.5,0.0,0.0,72.0,2.0,70.0
psm,Variance,fixed_full_data,0.5,0.5,789,0.95,0.47397903457410456,0.6288708348051336,0.21906402526557564,0.32493764068869013,0.04966908288685786,0.9503309171131421,0.4444444444444444,30.375,2.0,455.0,5.179813526713039,72.0,32.0,40.0
psm,Variance,fixed_full_data,0.5,0.5,789,0.975,0.5051085713319143,0.7071097372488409,0.0750584471514704,0.13571137231636324,0.01194453198865427,0.9880554680113457,0.3194444444444444,187.17391304347825,9.0,222.0,2.527293632813834,72.0,23.0,49.0
psm,Variance,fixed_full_data,0.5,0.5,789,0.99,0.5525428837928208,0.9464285714285714,0.017390591034001885,0.034153610697168636,0.0003781909864481563,0.9996218090135518,0.19444444444444445,703.3571428571429,27.0,11.0,0.12522626108537016,72.0,14.0,58.0
psm,Variance,fixed_full_data,0.5,0.5,789,0.995,0.6068274946515355,1.0,0.013822238628440179,0.02726757828303261,0.0,1.0,0.05555555555555555,2345.5,1942.5,0.0,0.0,72.0,4.0,68.0
psm,Variance,fixed_full_data,0.5,0.5,789,0.999,0.7526817449796471,1.0,0.01160739920429843,0.02294842685695751,0.0,1.0,0.027777777777777776,1909.0,1909.0,0.0,0.0,72.0,2.0,70.0
psm,Threshold,method_retrained,0.5,0.5,789,0.95,0.47514671290136967,0.6090909090909091,0.18686682252573725,0.28599227896174007,0.04607626851560038,0.9539237314843996,0.4166666666666667,31.466666666666665,3.0,512.0,5.8287132432463205,72.0,30.0,42.0
psm,Threshold,method_retrained,0.5,0.5,789,0.975,0.5089919034524925,0.7346335697399528,0.050982322300151754,0.09534767767422238,0.007075323038134258,0.9929246769618657,0.2916666666666667,194.57142857142858,8.0,134.0,1.5254835441308727,72.0,21.0,51.0
psm,Threshold,method_retrained,0.5,0.5,789,0.99,0.5579682530205831,0.9683698296836983,0.016324186866822524,0.032107131332687965,0.00020485345099275135,0.9997951465490073,0.1527777777777778,753.1818181818181,6.0,7.0,0.07968943887250828,72.0,11.0,61.0
psm,Threshold,method_retrained,0.5,0.5,789,0.995,0.5982368750313242,1.0,0.013986300808006235,0.02758676482485236,0.0,1.0,0.08333333333333333,688.0,58.5,0.0,0.0,72.0,6.0,66.0
psm,Threshold,method_retrained,0.5,0.5,789,0.999,0.727508415734341,1.0,0.011525368114515402,0.022788095045008516,0.0,1.0,0.013888888888888888,22.0,22.0,0.0,0.0,72.0,1.0,71.0
psm,Threshold,fixed_full_data,0.5,0.5,789,0.95,0.47397903457410456,0.6271031246423258,0.22472417046060456,0.3308774684461622,0.05133942641033722,0.9486605735896628,0.3888888888888889,20.607142857142858,1.5,458.0,5.2139661433726845,72.0,28.0,44.0
psm,Threshold,fixed_full_data,0.5,0.5,789,0.975,0.5051085713319143,0.6902620258114979,0.07239243673352201,0.13104165119904967,0.012480302552789159,0.9875196974472108,0.2916666666666667,212.0952380952381,11.0,224.0,2.550062043920265,72.0,21.0,51.0
psm,Threshold,fixed_full_data,0.5,0.5,789,0.99,0.5525428837928208,0.9575892857142857,0.017595668758459457,0.03455636554029562,0.0002994011976047904,0.9997005988023953,0.20833333333333334,579.6666666666666,21.0,15.0,0.17076308329823203,72.0,15.0,57.0
psm,Threshold,fixed_full_data,0.5,0.5,789,0.995,0.6068274946515355,1.0,0.013863254173331693,0.02734738460293701,0.0,1.0,0.05555555555555555,978.25,58.5,0.0,0.0,72.0,4.0,68.0
psm,Threshold,fixed_full_data,0.5,0.5,789,0.999,0.7526817449796471,1.0,0.010787088306468151,0.02134393767245577,0.0,1.0,0.013888888888888888,35.0,35.0,0.0,0.0,72.0,1.0,71.0
psm,Uniform,method_retrained,0.5,0.5,789,0.95,0.47692579528718543,0.6322900868606094,0.18809728887248267,0.2899412025036353,0.04202647336905137,0.9579735266309486,0.4166666666666667,142.4,2.5,343.0,3.9047825047529057,72.0,30.0,42.0
psm,Uniform,method_retrained,0.5,0.5,789,0.975,0.513037419450082,0.782416192283365,0.050736229030802674,0.09529312071489099,0.0054207374724235735,0.9945792625275764,0.2638888888888889,279.94736842105266,12.0,81.0,0.9221206498104529,72.0,19.0,53.0
psm,Uniform,method_retrained,0.5,0.5,789,0.99,0.5652055276150274,0.9845758354755784,0.015708953693449816,0.0309245054501413,9.454774661203908e-05,0.999905452253388,0.1527777777777778,1385.4545454545455,95.0,2.0,0.02276841110643094,72.0,11.0,61.0
psm,Uniform,method_retrained,0.5,0.5,789,0.995,0.6134727780536077,1.0,0.013658176448874123,0.026948288419519302,0.0,1.0,0.041666666666666664,1303.3333333333333,96.0,0.0,0.0,72.0,3.0,69.0
psm,Uniform,method_retrained,0.5,0.5,789,0.999,0.7341171576034224,1.0,0.01173044583897297,0.02318887582600235,0.0,1.0,0.027777777777777776,1909.0,1909.0,0.0,0.0,72.0,2.0,70.0
psm,Uniform,fixed_full_data,0.5,0.5,789,0.95,0.47397903457410456,0.6276444021868315,0.21660309257208482,0.3220612898307669,0.04936968168925307,0.950630318310747,0.4444444444444444,41.6875,3.5,389.0,4.428455960200817,72.0,32.0,40.0
psm,Uniform,fixed_full_data,0.5,0.5,789,0.975,0.5051085713319143,0.695141065830721,0.07276157663754564,0.13173430364237182,0.012259691144027734,0.9877403088559723,0.3055555555555556,257.09090909090907,7.0,181.0,2.060541205132,72.0,22.0,50.0
psm,Uniform,fixed_full_data,0.5,0.5,789,0.99,0.5525428837928208,0.9293361884368309,0.017800746482917025,0.034932388924661946,0.000520012606366215,0.9994799873936338,0.16666666666666666,828.9166666666666,58.5,13.0,0.1479946721918011,72.0,12.0,60.0
psm,Uniform,fixed_full_data,0.5,0.5,789,0.995,0.6068274946515355,1.0,0.013658176448874123,0.026948288419519302,0.0,1.0,0.041666666666666664,1303.0,96.0,0.0,0.0,72.0,3.0,69.0
psm,Uniform,fixed_full_data,0.5,0.5,789,0.999,0.7526817449796471,1.0,0.011648414749189944,0.0230285830123657,0.0,1.0,0.027777777777777776,1909.0,1909.0,0.0,0.0,72.0,2.0,70.0
psm,Full Data,method_retrained,1.0,0.5,789,0.95,0.47397903457410456,0.6279867518334517,0.21775152782904722,0.3233744479975636,0.04955877718247715,0.9504412228175229,0.4861111111111111,20.428571428571427,2.0,605.0,6.887444359695358,72.0,35.0,37.0
psm,Full Data,method_retrained,1.0,0.5,789,0.975,0.5051085713319143,0.6911987860394537,0.0747303227923383,0.13487803975274826,0.012826977623699968,0.9871730223763,0.375,158.62962962962962,5.0,290.0,3.301419610432486,72.0,27.0,45.0
psm,Full Data,method_retrained,1.0,0.5,789,0.99,0.5525428837928208,0.9222903885480572,0.01849801074607276,0.036268596702854844,0.0005988023952095808,0.9994011976047904,0.2361111111111111,514.1176470588235,11.0,24.0,0.27322093327717123,72.0,17.0,55.0
psm,Full Data,method_retrained,1.0,0.5,789,0.995,0.6068274946515355,1.0,0.013986300808006235,0.02758676482485236,0.0,1.0,0.1111111111111111,1174.0,13.5,0.0,0.0,72.0,8.0,64.0
psm,Full Data,method_retrained,1.0,0.5,789,0.999,0.7526817449796471,1.0,0.011976539108322054,0.023669598346370526,0.0,1.0,0.027777777777777776,1905.5,1905.5,0.0,0.0,72.0,2.0,70.0
psm,Full Data,fixed_full_data,1.0,0.5,789,0.95,0.47397903457410456,0.6279867518334517,0.21775152782904722,0.3233744479975636,0.04955877718247715,0.9504412228175229,0.4861111111111111,20.428571428571427,2.0,605.0,6.887444359695358,72.0,35.0,37.0
psm,Full Data,fixed_full_data,1.0,0.5,789,0.975,0.5051085713319143,0.6911987860394537,0.0747303227923383,0.13487803975274826,0.012826977623699968,0.9871730223763,0.375,158.62962962962962,5.0,290.0,3.301419610432486,72.0,27.0,45.0
psm,Full Data,fixed_full_data,1.0,0.5,789,0.99,0.5525428837928208,0.9222903885480572,0.01849801074607276,0.036268596702854844,0.0005988023952095808,0.9994011976047904,0.2361111111111111,514.1176470588235,11.0,24.0,0.27322093327717123,72.0,17.0,55.0
psm,Full Data,fixed_full_data,1.0,0.5,789,0.995,0.6068274946515355,1.0,0.013986300808006235,0.02758676482485236,0.0,1.0,0.1111111111111111,1174.0,13.5,0.0,0.0,72.0,8.0,64.0
psm,Full Data,fixed_full_data,1.0,0.5,789,0.999,0.7526817449796471,1.0,0.011976539108322054,0.023669598346370526,0.0,1.0,0.027777777777777776,1905.5,1905.5,0.0,0.0,72.0,2.0,70.0
psm,PCA-Triage,method_retrained,0.5,0.5,1024,0.95,0.4817079613169927,0.6859196167154644,0.21139411837086255,0.3231854522652453,0.03718878033406871,0.9628112196659313,0.4166666666666667,139.9,3.0,395.0,4.49676119352011,72.0,30.0,42.0
psm,PCA-Triage,method_retrained,0.5,0.5,1024,0.975,0.511257403147029,0.8065967016491754,0.06619908945490341,0.12235615192176484,0.00609832965647652,0.9939016703435235,0.2916666666666667,251.61904761904762,11.0,114.0,1.2977994330665634,72.0,21.0,51.0
psm,PCA-Triage,method_retrained,0.5,0.5,1024,0.99,0.5625986376628807,1.0,0.016078093597473444,0.031647358010737495,0.0,1.0,0.125,531.6666666666666,21.0,0.0,0.0,72.0,9.0,63.0
psm,PCA-Triage,method_retrained,0.5,0.5,1024,0.995,0.60816045260275,1.0,0.013822238628440179,0.02726757828303261,0.0,1.0,0.05555555555555555,980.75,58.0,0.0,0.0,72.0,4.0,68.0
psm,PCA-Triage,method_retrained,0.5,0.5,1024,0.999,0.7354537241855261,1.0,0.011689430294081456,0.0231087326684505,0.0,1.0,0.027777777777777776,1909.5,1909.5,0.0,0.0,72.0,2.0,70.0
psm,PCA-Triage,fixed_full_data,0.5,0.5,1024,0.95,0.4852407856248324,0.6864271810299062,0.15909929863418235,0.25832445391582315,0.027923101166088874,0.9720768988339111,0.4444444444444444,35.03125,2.5,297.0,3.3811090493049942,72.0,32.0,40.0
psm,PCA-Triage,fixed_full_data,0.5,0.5,1024,0.975,0.5194655165297221,0.8259958071278826,0.04848037406176941,0.09158530915853091,0.003923731484399622,0.9960762685156004,0.2916666666666667,239.23809523809524,7.0,76.0,0.8651996220443756,72.0,21.0,51.0
psm,PCA-Triage,fixed_full_data,0.5,0.5,1024,0.99,0.5691432073198825,1.0,0.01657028013617161,0.032600363122856565,0.0,1.0,0.125,890.1111111111111,112.0,0.0,0.0,72.0,9.0,63.0
psm,PCA-Triage,fixed_full_data,0.5,0.5,1024,0.995,0.6179123695807152,1.0,0.013781223083548665,0.027187765505522515,0.0,1.0,0.041666666666666664,1302.0,95.0,0.0,0.0,72.0,3.0,69.0
psm,PCA-Triage,fixed_full_data,0.5,0.5,1024,0.999,0.7262756559835909,1.0,0.012017554653213568,0.02374969603631353,0.0,1.0,0.041666666666666664,1309.6666666666667,112.0,0.0,0.0,72.0,3.0,69.0
psm,Variance,method_retrained,0.5,0.5,1024,0.95,0.48459695771171124,0.7196224931183641,0.1501168943029408,0.2484134794855262,0.022470847778127953,0.9775291522218721,0.4444444444444444,37.375,2.0,323.0,3.6770983936885964,72.0,32.0,40.0
psm,Variance,method_retrained,0.5,0.5,1024,0.975,0.5190634797070862,0.8601340033500837,0.04212296460358476,0.08031280547409579,0.002631578947368421,0.9973684210526316,0.3333333333333333,166.16666666666666,5.0,64.0,0.7285891554057901,72.0,24.0,48.0
psm,Variance,method_retrained,0.5,0.5,1024,0.99,0.5658721540637306,0.9899749373433584,0.016201140232147984,0.03188054882970137,6.303183107469272e-05,0.9999369681689253,0.1527777777777778,1044.8181818181818,21.0,4.0,0.04553682221286188,72.0,11.0,61.0
psm,Variance,method_retrained,0.5,0.5,1024,0.995,0.609523206668215,1.0,0.013740207538657151,0.027107946269622915,0.0,1.0,0.05555555555555555,977.5,59.5,0.0,0.0,72.0,4.0,68.0
psm,Variance,method_retrained,0.5,0.5,1024,0.999,0.7108476509971884,1.0,0.011894508018539026,0.02350938348668477,0.0,1.0,0.041666666666666664,1310.0,112.0,0.0,0.0,72.0,3.0,69.0
psm,Variance,fixed_full_data,0.5,0.5,1024,0.95,0.4852407856248324,0.6822575077666552,0.1621344489561544,0.2620049710024855,0.029010400252127325,0.9709895997478727,0.4722222222222222,20.88235294117647,1.5,372.0,4.234924465796154,72.0,34.0,38.0
psm,Variance,fixed_full_data,0.5,0.5,1024,0.975,0.5194655165297221,0.821917808219178,0.04921865386981666,0.0928756627065516,0.0040970690198550265,0.9959029309801449,0.3333333333333333,145.41666666666666,3.5,87.0,0.9904258831297458,72.0,24.0,48.0
psm,Variance,fixed_full_data,0.5,0.5,1024,0.99,0.5691432073198825,0.9926829268292683,0.016693326770846152,0.03283449638981888,4.727387330601954e-05,0.999952726126694,0.1527777777777778,1042.090909090909,95.0,3.0,0.034152616659646404,72.0,11.0,61.0
psm,Variance,fixed_full_data,0.5,0.5,1024,0.995,0.6179123695807152,1.0,0.013699191993765637,0.02702812057454987,0.0,1.0,0.041666666666666664,1303.0,96.0,0.0,0.0,72.0,3.0,69.0
psm,Variance,fixed_full_data,0.5,0.5,1024,0.999,0.7262756559835909,1.0,0.011648414749189944,0.0230285830123657,0.0,1.0,0.041666666666666664,1317.3333333333333,131.0,0.0,0.0,72.0,3.0,69.0
psm,Threshold,method_retrained,0.5,0.5,1024,0.95,0.4774139875313567,0.6212547591458368,0.1539313399778516,0.24672934060876997,0.036054207374724236,0.9639457926252758,0.375,47.74074074074074,4.0,433.0,4.929361004542298,72.0,27.0,45.0
psm,Threshold,method_retrained,0.5,0.5,1024,0.975,0.5095303992936033,0.7301679212507238,0.05172060210819901,0.09659874368009805,0.0073432083202017015,0.9926567916797983,0.2777777777777778,274.85,15.5,109.0,1.2408784053004862,72.0,20.0,52.0
psm,Threshold,method_retrained,0.5,0.5,1024,0.99,0.5587621610511165,0.9796380090497737,0.017759730938025513,0.03488699995971478,0.00014182161991805863,0.999858178380082,0.1388888888888889,886.2,120.0,6.0,0.06830523331929281,72.0,10.0,62.0
psm,Threshold,method_retrained,0.5,0.5,1024,0.995,0.5986725990810966,1.0,0.013781223083548665,0.027187765505522515,0.0,1.0,0.041666666666666664,1302.0,95.0,0.0,0.0,72.0,3.0,69.0
psm,Threshold,method_retrained,0.5,0.5,1024,0.999,0.6573434453962702,1.0,0.013042943275501415,0.025750030365601848,0.0,1.0,0.041666666666666664,1303.0,97.0,0.0,0.0,72.0,3.0,69.0
psm,Threshold,fixed_full_data,0.5,0.5,1024,0.95,0.4852407856248324,0.683247468466868,0.1577457856527624,0.2563145618127291,0.02809643870154428,0.9719035612984557,0.4166666666666667,27.833333333333332,2.5,379.0,4.314613904668663,72.0,30.0,42.0
psm,Threshold,fixed_full_data,0.5,0.5,1024,0.975,0.5194655165297221,0.8108474576271186,0.04905459169025061,0.09251237623762376,0.004396470217459817,0.9956035297825402,0.2638888888888889,309.8421052631579,20.0,98.0,1.115652144215116,72.0,19.0,53.0
psm,Threshold,fixed_full_data,0.5,0.5,1024,0.99,0.5691432073198825,0.9975609756097561,0.01677535786062918,0.032995845266427334,1.575795776867318e-05,0.9999842420422314,0.125,1307.4444444444443,152.0,1.0,0.01138420555321547,72.0,9.0,63.0
psm,Threshold,fixed_full_data,0.5,0.5,1024,0.995,0.6179123695807152,1.0,0.013699191993765637,0.02702812057454987,0.0,1.0,0.041666666666666664,1302.0,95.0,0.0,0.0,72.0,3.0,69.0
psm,Threshold,fixed_full_data,0.5,0.5,1024,0.999,0.7262756559835909,1.0,0.011361305934949346,0.022467353394435882,0.0,1.0,0.013888888888888888,29.0,29.0,0.0,0.0,72.0,1.0,71.0
psm,Uniform,method_retrained,0.5,0.5,1024,0.95,0.48202083633650084,0.6794095940959409,0.1887945531356384,0.29548080626524587,0.034226284273558144,0.9657737157264419,0.3888888888888889,21.75,5.0,368.0,4.189387643583292,72.0,28.0,44.0
psm,Uniform,method_retrained,0.5,0.5,1024,0.975,0.5145746309082212,0.8413001912045889,0.054140519256798324,0.10173410404624278,0.003923731484399622,0.9960762685156004,0.25,274.5,11.5,67.0,0.7627417720654364,72.0,18.0,54.0
psm,Uniform,method_retrained,0.5,0.5,1024,0.99,0.5614075414103159,0.9865168539325843,0.018005824207374593,0.03536614839281398,9.454774661203908e-05,0.999905452253388,0.18055555555555555,529.9230769230769,75.0,5.0,0.056921027766077346,72.0,13.0,59.0
psm,Uniform,method_retrained,0.5,0.5,1024,0.995,0.6182232114788978,1.0,0.013699191993765637,0.02702812057454987,0.0,1.0,0.05555555555555555,981.5,59.0,0.0,0.0,72.0,4.0,68.0
psm,Uniform,method_retrained,0.5,0.5,1024,0.999,0.7351224252002361,1.0,0.01160739920429843,0.02294842685695751,0.0,1.0,0.041666666666666664,1310.6666666666667,112.0,0.0,0.0,72.0,3.0,69.0
psm,Uniform,fixed_full_data,0.5,0.5,1024,0.95,0.4852407856248324,0.6840174672489083,0.16061687379516837,0.2601474789078589,0.028506145603529782,0.9714938543964702,0.4305555555555556,114.25806451612904,5.0,295.0,3.3583406381985634,72.0,31.0,41.0
psm,Uniform,fixed_full_data,0.5,0.5,1024,0.975,0.5194655165297221,0.8200423429781228,0.047660063163939136,0.09008450267462594,0.004018279231011661,0.9959817207689884,0.2638888888888889,267.3157894736842,9.0,63.0,0.7172049498525745,72.0,19.0,53.0
psm,Uniform,fixed_full_data,0.5,0.5,1024,0.99,0.5691432073198825,1.0,0.016734342315737664,0.03291782645528259,0.0,1.0,0.1527777777777778,711.1818181818181,96.0,0.0,0.0,72.0,11.0,61.0
psm,Uniform,fixed_full_data,0.5,0.5,1024,0.995,0.6179123695807152,1.0,0.013740207538657151,0.027107946269622915,0.0,1.0,0.041666666666666664,1302.6666666666667,96.0,0.0,0.0,72.0,3.0,69.0
psm,Uniform,fixed_full_data,0.5,0.5,1024,0.999,0.7262756559835909,1.0,0.01214060128788811,0.023989950156015724,0.0,1.0,0.041666666666666664,1309.0,112.0,0.0,0.0,72.0,3.0,69.0
psm,Full Data,method_retrained,1.0,0.5,1024,0.95,0.4852407856248324,0.6836540128271797,0.16176530905213077,0.26162520729684907,0.028758272927828555,0.9712417270721715,0.5277777777777778,27.894736842105264,1.0,511.0,5.817329037693105,72.0,38.0,34.0
psm,Full Data,method_retrained,1.0,0.5,1024,0.975,0.5194655165297221,0.8164383561643835,0.04889052951068455,0.09225649162184126,0.004223132682004412,0.9957768673179956,0.4027777777777778,143.44827586206895,2.0,119.0,1.3547204608326409,72.0,29.0,43.0
psm,Full Data,method_retrained,1.0,0.5,1024,0.99,0.5691432073198825,0.9880952380952381,0.01702145112997826,0.033466392484174025,7.87897888433659e-05,0.9999212102111567,0.2222222222222222,643.6875,13.0,5.0,0.056921027766077346,72.0,16.0,56.0
psm,Full Data,method_retrained,1.0,0.5,1024,0.995,0.6179123695807152,1.0,0.013863254173331693,0.02734738460293701,0.0,1.0,0.08333333333333333,651.8333333333334,11.5,0.0,0.0,72.0,6.0,66.0
psm,Full Data,method_retrained,1.0,0.5,1024,0.999,0.7262756559835909,1.0,0.012181616832779624,0.024070021881838075,0.0,1.0,0.041666666666666664,1308.6666666666667,115.0,0.0,0.0,72.0,3.0,69.0
psm,Full Data,fixed_full_data,1.0,0.5,1024,0.95,0.4852407856248324,0.6836540128271797,0.16176530905213077,0.26162520729684907,0.028758272927828555,0.9712417270721715,0.5277777777777778,27.894736842105264,1.0,511.0,5.817329037693105,72.0,38.0,34.0
psm,Full Data,fixed_full_data,1.0,0.5,1024,0.975,0.5194655165297221,0.8164383561643835,0.04889052951068455,0.09225649162184126,0.004223132682004412,0.9957768673179956,0.4027777777777778,143.44827586206895,2.0,119.0,1.3547204608326409,72.0,29.0,43.0
psm,Full Data,fixed_full_data,1.0,0.5,1024,0.99,0.5691432073198825,0.9880952380952381,0.01702145112997826,0.033466392484174025,7.87897888433659e-05,0.9999212102111567,0.2222222222222222,643.6875,13.0,5.0,0.056921027766077346,72.0,16.0,56.0
psm,Full Data,fixed_full_data,1.0,0.5,1024,0.995,0.6179123695807152,1.0,0.013863254173331693,0.02734738460293701,0.0,1.0,0.08333333333333333,651.8333333333334,11.5,0.0,0.0,72.0,6.0,66.0
psm,Full Data,fixed_full_data,1.0,0.5,1024,0.999,0.7262756559835909,1.0,0.012181616832779624,0.024070021881838075,0.0,1.0,0.041666666666666664,1308.6666666666667,115.0,0.0,0.0,72.0,3.0,69.0
psm,PCA-Triage,method_retrained,0.7,0.7,42,0.95,0.47982723520404164,0.6764409946816157,0.19301915425946434,0.30033824749505394,0.03547116293728333,0.9645288370627166,0.4166666666666667,121.6,3.0,404.0,4.599219043499049,72.0,30.0,42.0
psm,PCA-Triage,method_retrained,0.7,0.7,42,0.975,0.5161156444618098,0.7902411665731912,0.05779090275214306,0.10770524384650665,0.00589347620548377,0.9941065237945163,0.3055555555555556,250.63636363636363,6.5,126.0,1.434409899705149,72.0,22.0,50.0
psm,PCA-Triage,method_retrained,0.7,0.7,42,0.99,0.5678935787409353,0.9902912621359223,0.016734342315737664,0.032912515629411526,6.303183107469272e-05,0.9999369681689253,0.1388888888888889,1258.9,62.5,4.0,0.04553682221286188,72.0,10.0,62.0
psm,PCA-Triage,method_retrained,0.7,0.7,42,0.995,0.607844090803063,1.0,0.013904269718223207,0.027427184466019418,0.0,1.0,0.06944444444444445,817.0,95.0,0.0,0.0,72.0,5.0,67.0
psm,PCA-Triage,method_retrained,0.7,0.7,42,0.999,0.7337548983283081,1.0,0.011976539108322054,0.023669598346370526,0.0,1.0,0.027777777777777776,1906.0,1906.0,0.0,0.0,72.0,2.0,70.0
psm,PCA-Triage,fixed_full_data,0.7,0.7,42,0.95,0.4763294226637041,0.6560956589550299,0.2070464706123621,0.3147622759158223,0.04169555625590923,0.9583044437440907,0.4583333333333333,36.15151515151515,2.0,435.0,4.952129415648729,72.0,33.0,39.0
psm,PCA-Triage,fixed_full_data,0.7,0.7,42,0.975,0.5085675591477058,0.6735751295336787,0.06931627086665847,0.12569728523614726,0.012905767412543335,0.9870942325874567,0.375,199.85185185185185,5.0,173.0,1.9694675607062762,72.0,27.0,45.0
psm,PCA-Triage,fixed_full_data,0.7,0.7,42,0.99,0.557090405140736,0.9715719063545151,0.023830031581969568,0.046519076023860045,0.00026788528206744404,0.9997321147179326,0.1527777777777778,768.1818181818181,21.0,11.0,0.12522626108537016,72.0,11.0,61.0
psm,PCA-Triage,fixed_full_data,0.7,0.7,42,0.995,0.6043167848933841,1.0,0.013822238628440179,0.02726757828303261,0.0,1.0,0.05555555555555555,977.0,58.0,0.0,0.0,72.0,4.0,68.0
psm,PCA-Triage,fixed_full_data,0.7,0.7,42,0.999,0.738884031790683,1.0,0.011976539108322054,0.023669598346370526,0.0,1.0,0.027777777777777776,1906.0,1906.0,0.0,0.0,72.0,2.0,70.0
psm,Variance,method_retrained,0.7,0.7,42,0.95,0.47778824654525764,0.6576730718610161,0.20495467782289487,0.31251758966821974,0.04098644815631894,0.9590135518436811,0.4305555555555556,35.354838709677416,2.0,442.0,5.031818854521237,72.0,31.0,41.0
psm,Variance,method_retrained,0.7,0.7,42,0.975,0.5059911396308223,0.6939890710382514,0.07292563881711168,0.13198233307352558,0.012354238890639774,0.9876457611093602,0.3194444444444444,186.82608695652175,6.0,216.0,2.458988399494541,72.0,23.0,49.0
psm,Variance,method_retrained,0.7,0.7,42,0.99,0.5578883445151726,0.9585253456221198,0.017062466674869776,0.033528107999194035,0.00028364323983611726,0.9997163567601639,0.19444444444444445,621.9285714285714,20.5,8.0,0.09107364442572376,72.0,14.0,58.0
psm,Variance,method_retrained,0.7,0.7,42,0.995,0.5983663644888296,1.0,0.013904269718223207,0.027427184466019418,0.0,1.0,0.08333333333333333,1564.8333333333333,58.0,0.0,0.0,72.0,6.0,66.0
psm,Variance,method_retrained,0.7,0.7,42,0.999,0.7466761690592283,1.0,0.01193552356343054,0.023589494163424124,0.0,1.0,0.027777777777777776,1906.5,1906.5,0.0,0.0,72.0,2.0,70.0
psm,Variance,fixed_full_data,0.7,0.7,42,0.95,0.4763294226637041,0.655390574564235,0.2081949058693245,0.31600572744817285,0.04205798928458872,0.9579420107154113,0.4444444444444444,35.6875,2.0,503.0,5.7262553932673805,72.0,32.0,40.0
psm,Variance,fixed_full_data,0.7,0.7,42,0.975,0.5085675591477058,0.6724207145724609,0.06870103769328575,0.12466507889252754,0.012858493539237315,0.9871415064607627,0.3333333333333333,174.08333333333334,6.0,200.0,2.276841110643094,72.0,24.0,48.0
psm,Variance,fixed_full_data,0.7,0.7,42,0.99,0.557090405140736,0.9596122778675282,0.024363233665559248,0.04752,0.0003939489442168295,0.9996060510557832,0.18055555555555555,666.9230769230769,30.0,16.0,0.18214728885144751,72.0,13.0,59.0
psm,Variance,fixed_full_data,0.7,0.7,42,0.995,0.6043167848933841,1.0,0.013904269718223207,0.027427184466019418,0.0,1.0,0.08333333333333333,1564.0,58.0,0.0,0.0,72.0,6.0,66.0
psm,Variance,fixed_full_data,0.7,0.7,42,0.999,0.738884031790683,1.0,0.01193552356343054,0.023589494163424124,0.0,1.0,0.027777777777777776,1906.5,1906.5,0.0,0.0,72.0,2.0,70.0
psm,Threshold,method_retrained,0.7,0.7,42,0.95,0.47351716905079233,0.6253193663771078,0.20077109224396045,0.30395231146573937,0.04621809013551844,0.9537819098644815,0.5138888888888888,16.27027027027027,1.0,521.0,5.9311710932252595,72.0,37.0,35.0
psm,Threshold,method_retrained,0.7,0.7,42,0.975,0.5028786531593588,0.6822488945041061,0.08859357696567,0.15682288452463064,0.01585250551528522,0.9841474944847148,0.3611111111111111,149.96153846153845,3.5,190.0,2.162999055110939,72.0,26.0,46.0
psm,Threshold,method_retrained,0.7,0.7,42,0.99,0.5489445189909625,0.9439655172413793,0.02694721299372462,0.052398612274195476,0.000614560352978254,0.9993854396470218,0.2361111111111111,549.5294117647059,21.0,32.0,0.36429457770289503,72.0,17.0,55.0
psm,Threshold,method_retrained,0.7,0.7,42,0.995,0.584325097091392,0.9971988795518207,0.014601533981378943,0.028781631498100087,1.575795776867318e-05,0.9999842420422314,0.1527777777777778,886.2727272727273,21.0,1.0,0.01138420555321547,72.0,11.0,61.0
psm,Threshold,method_retrained,0.7,0.7,42,0.999,0.7370981537798588,1.0,0.011976539108322054,0.023669598346370526,0.0,1.0,0.027777777777777776,1906.0,1906.0,0.0,0.0,72.0,2.0,70.0
psm,Threshold,fixed_full_data,0.7,0.7,42,0.95,0.4763294226637041,0.6594399277326106,0.20958943439563596,0.31808278867102396,0.04158525055152852,0.9584147494484715,0.4722222222222222,32.26470588235294,1.5,447.0,5.088739882287315,72.0,34.0,38.0
psm,Threshold,fixed_full_data,0.7,0.7,42,0.975,0.5085675591477058,0.6746602717825739,0.06923423977687544,0.1255812223338169,0.012826977623699968,0.9871730223763,0.3472222222222222,160.92,2.0,183.0,2.083309616238431,72.0,25.0,47.0
psm,Threshold,fixed_full_data,0.7,0.7,42,0.99,0.557090405140736,0.9588138385502472,0.02387104712686108,0.04658235953257563,0.0003939489442168295,0.9996060510557832,0.19444444444444445,667.4285714285714,20.5,15.0,0.17076308329823203,72.0,14.0,58.0
psm,Threshold,fixed_full_data,0.7,0.7,42,0.995,0.6043167848933841,1.0,0.013740207538657151,0.027107946269622915,0.0,1.0,0.05555555555555555,976.75,58.0,0.0,0.0,72.0,4.0,68.0
psm,Threshold,fixed_full_data,0.7,0.7,42,0.999,0.738884031790683,1.0,0.01193552356343054,0.023589494163424124,0.0,1.0,0.027777777777777776,1906.5,1906.5,0.0,0.0,72.0,2.0,70.0
psm,Uniform,method_retrained,0.7,0.7,42,0.95,0.473081582715749,0.608125399872041,0.15594110167753578,0.24822903404824861,0.03860699653324929,0.9613930034667507,0.4305555555555556,36.54838709677419,2.0,369.0,4.200771849136508,72.0,31.0,41.0
psm,Uniform,method_retrained,0.7,0.7,42,0.975,0.5027274690203664,0.6941724941724942,0.061072146343464175,0.11226720953027218,0.010337220296249606,0.9896627797037504,0.3194444444444444,193.8695652173913,10.0,166.0,1.889778121833768,72.0,23.0,49.0
psm,Uniform,method_retrained,0.7,0.7,42,0.99,0.5621159277730874,0.9925742574257426,0.016447233501497068,0.03235828121847892,4.727387330601954e-05,0.999952726126694,0.1527777777777778,906.0,95.0,3.0,0.034152616659646404,72.0,11.0,61.0
psm,Uniform,method_retrained,0.7,0.7,42,0.995,0.6000384945294727,1.0,0.013863254173331693,0.02734738460293701,0.0,1.0,0.08333333333333333,655.1666666666666,18.5,0.0,0.0,72.0,6.0,66.0
psm,Uniform,method_retrained,0.7,0.7,42,0.999,0.7440142782183559,1.0,0.011976539108322054,0.023669598346370526,0.0,1.0,0.027777777777777776,1906.0,1906.0,0.0,0.0,72.0,2.0,70.0
psm,Uniform,fixed_full_data,0.7,0.7,42,0.95,0.4763294226637041,0.6608751608751608,0.21061482301792378,0.31943018879661594,0.04152221872045383,0.9584777812795462,0.4444444444444444,39.625,3.0,411.0,4.678908482371558,72.0,32.0,40.0
psm,Uniform,fixed_full_data,0.7,0.7,42,0.975,0.5085675591477058,0.6712598425196851,0.06993150404003118,0.1266669143048178,0.013157894736842105,0.9868421052631579,0.2916666666666667,244.95238095238096,10.0,172.0,1.9580833551530605,72.0,21.0,51.0
psm,Uniform,fixed_full_data,0.7,0.7,42,0.99,0.557090405140736,0.9765100671140939,0.02387104712686108,0.0466028746446731,0.0002206114087614245,0.9997793885912386,0.16666666666666666,817.25,33.0,9.0,0.10245784997893922,72.0,12.0,60.0
psm,Uniform,fixed_full_data,0.7,0.7,42,0.995,0.6043167848933841,1.0,0.013699191993765637,0.02702812057454987,0.0,1.0,0.041666666666666664,1302.3333333333333,96.0,0.0,0.0,72.0,3.0,69.0
psm,Uniform,fixed_full_data,0.7,0.7,42,0.999,0.738884031790683,1.0,0.01193552356343054,0.023589494163424124,0.0,1.0,0.027777777777777776,1906.5,1906.5,0.0,0.0,72.0,2.0,70.0
psm,Full Data,method_retrained,1.0,0.7,42,0.95,0.4763294226637041,0.6572565122545875,0.2100816209343341,0.318393734070989,0.04208950520012606,0.9579104947998739,0.4861111111111111,32.6,2.0,539.0,6.1360867931831375,72.0,35.0,37.0
psm,Full Data,method_retrained,1.0,0.7,42,0.975,0.5085675591477058,0.6783625730994152,0.07136704811123416,0.1291471832553997,0.013000315159155373,0.9869996848408447,0.375,189.44444444444446,4.0,220.0,2.504525221707403,72.0,27.0,45.0
psm,Full Data,method_retrained,1.0,0.7,42,0.99,0.557090405140736,0.9565916398713826,0.02440424921045076,0.047594288685357755,0.00042546485975417586,0.9995745351402459,0.20833333333333334,562.4,21.0,21.0,0.23906831661752484,72.0,15.0,57.0
psm,Full Data,method_retrained,1.0,0.7,42,0.995,0.6043167848933841,1.0,0.013945285263114721,0.027506977873063387,0.0,1.0,0.09722222222222222,1340.857142857143,21.0,0.0,0.0,72.0,7.0,65.0
psm,Full Data,method_retrained,1.0,0.7,42,0.999,0.738884031790683,1.0,0.012017554653213568,0.02374969603631353,0.0,1.0,0.027777777777777776,1905.5,1905.5,0.0,0.0,72.0,2.0,70.0
psm,Full Data,fixed_full_data,1.0,0.7,42,0.95,0.4763294226637041,0.6572565122545875,0.2100816209343341,0.318393734070989,0.04208950520012606,0.9579104947998739,0.4861111111111111,32.6,2.0,539.0,6.1360867931831375,72.0,35.0,37.0
psm,Full Data,fixed_full_data,1.0,0.7,42,0.975,0.5085675591477058,0.6783625730994152,0.07136704811123416,0.1291471832553997,0.013000315159155373,0.9869996848408447,0.375,189.44444444444446,4.0,220.0,2.504525221707403,72.0,27.0,45.0
psm,Full Data,fixed_full_data,1.0,0.7,42,0.99,0.557090405140736,0.9565916398713826,0.02440424921045076,0.047594288685357755,0.00042546485975417586,0.9995745351402459,0.20833333333333334,562.4,21.0,21.0,0.23906831661752484,72.0,15.0,57.0
psm,Full Data,fixed_full_data,1.0,0.7,42,0.995,0.6043167848933841,1.0,0.013945285263114721,0.027506977873063387,0.0,1.0,0.09722222222222222,1340.857142857143,21.0,0.0,0.0,72.0,7.0,65.0
psm,Full Data,fixed_full_data,1.0,0.7,42,0.999,0.738884031790683,1.0,0.012017554653213568,0.02374969603631353,0.0,1.0,0.027777777777777776,1905.5,1905.5,0.0,0.0,72.0,2.0,70.0
psm,PCA-Triage,method_retrained,0.7,0.7,123,0.95,0.4828066189262296,0.623144271031595,0.13428489397481647,0.22095495191496542,0.031200756381972897,0.968799243618027,0.4305555555555556,42.354838709677416,4.0,361.0,4.109698204710784,72.0,31.0,41.0
psm,PCA-Triage,method_retrained,0.7,0.7,123,0.975,0.5152508008554909,0.7862010221465077,0.037857347934867315,0.07223635296419488,0.003955247399936968,0.996044752600063,0.2638888888888889,218.31578947368422,11.0,74.0,0.8424312109379447,72.0,19.0,53.0
psm,PCA-Triage,method_retrained,0.7,0.7,123,0.99,0.5638423922222136,0.9847328244274809,0.015873015873015872,0.03124243158149673,9.454774661203908e-05,0.999905452253388,0.16666666666666666,344.0,11.5,6.0,0.06830523331929281,72.0,12.0,60.0
psm,PCA-Triage,method_retrained,0.7,0.7,123,0.995,0.6114344899731852,1.0,0.013822238628440179,0.02726757828303261,0.0,1.0,0.06944444444444445,782.0,21.0,0.0,0.0,72.0,5.0,67.0
psm,PCA-Triage,method_retrained,0.7,0.7,123,0.999,0.7319071073879527,1.0,0.01173044583897297,0.02318887582600235,0.0,1.0,0.027777777777777776,1907.5,1907.5,0.0,0.0,72.0,2.0,70.0
psm,PCA-Triage,fixed_full_data,0.7,0.7,123,0.95,0.476438866982497,0.5975869410929737,0.13814035519461876,0.2244061698370923,0.03573904821935077,0.9642609517806492,0.4583333333333333,68.06060606060606,2.0,430.0,4.895208387882652,72.0,33.0,39.0
psm,PCA-Triage,fixed_full_data,0.7,0.7,123,0.975,0.508074222806844,0.713813615333774,0.044296788482835,0.08341700780103499,0.006823195713835487,0.9931768042861645,0.3333333333333333,179.79166666666666,6.5,124.0,1.411641488598718,72.0,24.0,48.0
psm,PCA-Triage,fixed_full_data,0.7,0.7,123,0.99,0.5625037007398999,0.9679802955665024,0.016119109142364956,0.03171017065397184,0.00020485345099275135,0.9997951465490073,0.19444444444444445,840.7142857142857,32.0,11.0,0.12522626108537016,72.0,14.0,58.0
psm,PCA-Triage,fixed_full_data,0.7,0.7,123,0.995,0.614267428503997,1.0,0.013904269718223207,0.027427184466019418,0.0,1.0,0.09722222222222222,559.5714285714286,6.0,0.0,0.0,72.0,7.0,65.0
psm,PCA-Triage,fixed_full_data,0.7,0.7,123,0.999,0.7286199156830038,1.0,0.01173044583897297,0.02318887582600235,0.0,1.0,0.027777777777777776,1908.0,1908.0,0.0,0.0,72.0,2.0,70.0
psm,Variance,method_retrained,0.7,0.7,123,0.95,0.47407432646422837,0.6195781933943494,0.12772240679217423,0.2117863093821199,0.03012921525370312,0.9698707847462968,0.5,108.83333333333333,2.0,439.0,4.997666237861591,72.0,36.0,36.0
psm,Variance,method_retrained,0.7,0.7,123,0.975,0.5055484829186716,0.7875197472353871,0.04089249825683934,0.07774788474285492,0.004238890639773086,0.9957611093602269,0.3333333333333333,167.29166666666666,9.0,92.0,1.047346910895823,72.0,24.0,48.0
psm,Variance,method_retrained,0.7,0.7,123,0.99,0.5639451773298236,0.981029810298103,0.014847627250728026,0.029252525252525252,0.00011030570438071225,0.9998896942956192,0.18055555555555555,670.5384615384615,21.0,7.0,0.07968943887250828,72.0,13.0,59.0
psm,Variance,method_retrained,0.7,0.7,123,0.995,0.6271884294040974,1.0,0.013699191993765637,0.02702812057454987,0.0,1.0,0.05555555555555555,977.0,58.5,0.0,0.0,72.0,4.0,68.0
psm,Variance,method_retrained,0.7,0.7,123,0.999,0.7363913321795263,1.0,0.011853492473647512,0.02342926631536279,0.0,1.0,0.027777777777777776,1907.0,1907.0,0.0,0.0,72.0,2.0,70.0
psm,Variance,fixed_full_data,0.7,0.7,123,0.95,0.476438866982497,0.6005376344086022,0.13744309093146304,0.22369079803744868,0.03512448786637252,0.9648755121336274,0.4583333333333333,70.0,2.0,479.0,5.453034459990209,72.0,33.0,39.0
psm,Variance,fixed_full_data,0.7,0.7,123,0.975,0.508074222806844,0.7160820648577101,0.04437881957261802,0.08357793913177816,0.006760163882760795,0.9932398361172392,0.3333333333333333,178.79166666666666,8.5,142.0,1.6165571885565966,72.0,24.0,48.0
psm,Variance,fixed_full_data,0.7,0.7,123,0.99,0.5625037007398999,0.9776119402985075,0.016119109142364956,0.0317152887059678,0.00014182161991805863,0.999858178380082,0.18055555555555555,901.3076923076923,32.0,8.0,0.09107364442572376,72.0,13.0,59.0
psm,Variance,fixed_full_data,0.7,0.7,123,0.995,0.614267428503997,1.0,0.013781223083548665,0.027187765505522515,0.0,1.0,0.06944444444444445,1876.4,95.0,0.0,0.0,72.0,5.0,67.0
psm,Variance,fixed_full_data,0.7,0.7,123,0.999,0.7286199156830038,1.0,0.011853492473647512,0.02342926631536279,0.0,1.0,0.027777777777777776,1907.0,1907.0,0.0,0.0,72.0,2.0,70.0
psm,Threshold,method_retrained,0.7,0.7,123,0.95,0.475688709650913,0.5703846684130705,0.16968130921619293,0.2615540241512297,0.04910179640718563,0.9508982035928144,0.5277777777777778,113.28947368421052,1.5,468.0,5.327808198904839,72.0,38.0,34.0
psm,Threshold,method_retrained,0.7,0.7,123,0.975,0.5061854153133799,0.6343915343915344,0.049177638324925145,0.09127935746640782,0.010888748818153167,0.9891112511818468,0.3333333333333333,165.91666666666666,9.5,231.0,2.6297514827927735,72.0,24.0,48.0
psm,Threshold,method_retrained,0.7,0.7,123,0.99,0.5571258884139246,0.9748110831234257,0.015873015873015872,0.03123738800548874,0.0001575795776867318,0.9998424204223133,0.20833333333333334,425.8666666666667,17.0,9.0,0.10245784997893922,72.0,15.0,57.0
psm,Threshold,method_retrained,0.7,0.7,123,0.995,0.6154528173876479,1.0,0.013781223083548665,0.027187765505522515,0.0,1.0,0.05555555555555555,976.75,58.0,0.0,0.0,72.0,4.0,68.0
psm,Threshold,method_retrained,0.7,0.7,123,0.999,0.7280233953446492,1.0,0.01193552356343054,0.023589494163424124,0.0,1.0,0.027777777777777776,1906.0,1906.0,0.0,0.0,72.0,2.0,70.0
psm,Threshold,fixed_full_data,0.7,0.7,123,0.95,0.476438866982497,0.602826855123675,0.13994503916984538,0.22715621983289505,0.03542388906397731,0.9645761109360227,0.5138888888888888,61.972972972972975,2.0,472.0,5.373345021117701,72.0,37.0,35.0
psm,Threshold,fixed_full_data,0.7,0.7,123,0.975,0.508074222806844,0.7150127226463104,0.04610147245806161,0.08661811736600779,0.007059565080365584,0.9929404349196345,0.375,160.96296296296296,6.0,141.0,1.6051729830033812,72.0,27.0,45.0
psm,Threshold,fixed_full_data,0.7,0.7,123,0.99,0.5625037007398999,0.9803439803439803,0.01636520241171404,0.032192996611263514,0.00012606366214938544,0.9998739363378506,0.19444444444444445,836.2857142857143,19.0,7.0,0.07968943887250828,72.0,14.0,58.0
psm,Threshold,fixed_full_data,0.7,0.7,123,0.995,0.614267428503997,1.0,0.013863254173331693,0.02734738460293701,0.0,1.0,0.08333333333333333,652.5,13.5,0.0,0.0,72.0,6.0,66.0
psm,Threshold,fixed_full_data,0.7,0.7,123,0.999,0.7286199156830038,1.0,0.011894508018539026,0.02350938348668477,0.0,1.0,0.027777777777777776,1906.0,1906.0,0.0,0.0,72.0,2.0,70.0
psm,Uniform,method_retrained,0.7,0.7,123,0.95,0.4808201212266131,0.5529479107040641,0.11886304909560723,0.19566538383633786,0.03692089505200126,0.9630791049479988,0.4583333333333333,31.90909090909091,4.0,349.0,3.9730877380721985,72.0,33.0,39.0
psm,Uniform,method_retrained,0.7,0.7,123,0.975,0.5133795223210985,0.8021806853582555,0.0422460112382593,0.0802649522696279,0.0040025212732429875,0.995997478726757,0.3055555555555556,235.6818181818182,10.5,81.0,0.9221206498104529,72.0,22.0,50.0
psm,Uniform,method_retrained,0.7,0.7,123,0.99,0.5643283853036046,0.9927184466019418,0.01677535786062918,0.03299318355987577,4.727387330601954e-05,0.999952726126694,0.16666666666666666,1074.5,58.0,3.0,0.034152616659646404,72.0,12.0,60.0
psm,Uniform,method_retrained,0.7,0.7,123,0.995,0.615907682989596,1.0,0.013740207538657151,0.027107946269622915,0.0,1.0,0.05555555555555555,980.75,58.0,0.0,0.0,72.0,4.0,68.0
psm,Uniform,method_retrained,0.7,0.7,123,0.999,0.7359207141899944,1.0,0.011648414749189944,0.0230285830123657,0.0,1.0,0.027777777777777776,1907.5,1907.5,0.0,0.0,72.0,2.0,70.0
psm,Uniform,fixed_full_data,0.7,0.7,123,0.95,0.476438866982497,0.5982633351054404,0.13846847955375088,0.22488675726085797,0.0357232902615821,0.964276709738418,0.4722222222222222,68.44117647058823,4.5,397.0,4.519529604626541,72.0,34.0,38.0
psm,Uniform,fixed_full_data,0.7,0.7,123,0.975,0.508074222806844,0.7128712871287128,0.044296788482835,0.08341056533827618,0.006854711629372834,0.9931452883706272,0.3472222222222222,183.12,10.0,123.0,1.4002572830455027,72.0,25.0,47.0
psm,Uniform,fixed_full_data,0.7,0.7,123,0.99,0.5625037007398999,0.9775,0.016037078052581928,0.03155643436503773,0.00014182161991805863,0.999858178380082,0.16666666666666666,978.3333333333334,58.0,8.0,0.09107364442572376,72.0,12.0,60.0
psm,Uniform,fixed_full_data,0.7,0.7,123,0.995,0.614267428503997,1.0,0.013781223083548665,0.027187765505522515,0.0,1.0,0.05555555555555555,977.0,58.0,0.0,0.0,72.0,4.0,68.0
psm,Uniform,fixed_full_data,0.7,0.7,123,0.999,0.7286199156830038,1.0,0.01173044583897297,0.02318887582600235,0.0,1.0,0.027777777777777776,1908.0,1908.0,0.0,0.0,72.0,2.0,70.0
psm,Full Data,method_retrained,1.0,0.7,123,0.95,0.476438866982497,0.6035523978685613,0.13937082154136418,0.2264503015560961,0.035171761739678536,0.9648282382603215,0.5277777777777778,60.76315789473684,2.0,529.0,6.022244737650983,72.0,38.0,34.0
psm,Full Data,method_retrained,1.0,0.7,123,0.975,0.508074222806844,0.708043065231159,0.04585537918871252,0.08613251155624037,0.007264418531358336,0.9927355814686417,0.375,159.8148148148148,5.0,161.0,1.8328570940676905,72.0,27.0,45.0
psm,Full Data,method_retrained,1.0,0.7,123,0.99,0.5625037007398999,0.9713603818615751,0.016693326770846152,0.03282258064516129,0.00018909549322407816,0.9998109045067759,0.20833333333333334,761.9333333333333,17.0,11.0,0.12522626108537016,72.0,15.0,57.0
psm,Full Data,method_retrained,1.0,0.7,123,0.995,0.614267428503997,1.0,0.013986300808006235,0.02758676482485236,0.0,1.0,0.1111111111111111,1174.0,13.5,0.0,0.0,72.0,8.0,64.0
psm,Full Data,method_retrained,1.0,0.7,123,0.999,0.7286199156830038,1.0,0.01193552356343054,0.023589494163424124,0.0,1.0,0.027777777777777776,1905.5,1905.5,0.0,0.0,72.0,2.0,70.0
psm,Full Data,fixed_full_data,1.0,0.7,123,0.95,0.476438866982497,0.6035523978685613,0.13937082154136418,0.2264503015560961,0.035171761739678536,0.9648282382603215,0.5277777777777778,60.76315789473684,2.0,529.0,6.022244737650983,72.0,38.0,34.0
psm,Full Data,fixed_full_data,1.0,0.7,123,0.975,0.508074222806844,0.708043065231159,0.04585537918871252,0.08613251155624037,0.007264418531358336,0.9927355814686417,0.375,159.8148148148148,5.0,161.0,1.8328570940676905,72.0,27.0,45.0
psm,Full Data,fixed_full_data,1.0,0.7,123,0.99,0.5625037007398999,0.9713603818615751,0.016693326770846152,0.03282258064516129,0.00018909549322407816,0.9998109045067759,0.20833333333333334,761.9333333333333,17.0,11.0,0.12522626108537016,72.0,15.0,57.0
psm,Full Data,fixed_full_data,1.0,0.7,123,0.995,0.614267428503997,1.0,0.013986300808006235,0.02758676482485236,0.0,1.0,0.1111111111111111,1174.0,13.5,0.0,0.0,72.0,8.0,64.0
psm,Full Data,fixed_full_data,1.0,0.7,123,0.999,0.7286199156830038,1.0,0.01193552356343054,0.023589494163424124,0.0,1.0,0.027777777777777776,1905.5,1905.5,0.0,0.0,72.0,2.0,70.0
psm,PCA-Triage,method_retrained,0.7,0.7,456,0.95,0.4757584582277891,0.6064177197217095,0.1751773922316558,0.2718304480651731,0.043681058934762054,0.956318941065238,0.4722222222222222,29.941176470588236,1.5,475.0,5.407497637777348,72.0,34.0,38.0
psm,PCA-Triage,method_retrained,0.7,0.7,456,0.975,0.5060043527308762,0.6618115612198452,0.05963660227226119,0.10941380088795244,0.011708162622124173,0.9882918373778758,0.3472222222222222,194.64,5.0,214.0,2.4362199883881104,72.0,25.0,47.0
psm,PCA-Triage,method_retrained,0.7,0.7,456,0.99,0.5621545420177623,0.953125,0.015011689430294082,0.029557843731072078,0.00028364323983611726,0.9997163567601639,0.18055555555555555,667.0,19.0,12.0,0.13661046663858561,72.0,13.0,59.0
psm,PCA-Triage,method_retrained,0.7,0.7,456,0.995,0.6236034617647831,1.0,0.013822238628440179,0.02726757828303261,0.0,1.0,0.06944444444444445,781.8,21.0,0.0,0.0,72.0,5.0,67.0
psm,PCA-Triage,method_retrained,0.7,0.7,456,0.999,0.7445753201062496,1.0,0.011566383659406916,0.022868264201435347,0.0,1.0,0.027777777777777776,1908.0,1908.0,0.0,0.0,72.0,2.0,70.0
psm,PCA-Triage,fixed_full_data,0.7,0.7,456,0.95,0.47790675504481567,0.6214022140221402,0.13814035519461876,0.22603268346699776,0.032335329341317366,0.9676646706586827,0.4444444444444444,134.75,1.5,463.0,5.270887171138762,72.0,32.0,40.0
psm,PCA-Triage,fixed_full_data,0.7,0.7,456,0.975,0.5094592882632383,0.788659793814433,0.05020302694721299,0.09439710021979716,0.005168610148124803,0.9948313898518752,0.3472222222222222,244.88,6.0,117.0,1.3319520497262098,72.0,25.0,47.0
psm,PCA-Triage,fixed_full_data,0.7,0.7,456,0.99,0.5632375540086498,0.9841688654353562,0.015298798244534678,0.030129240710823908,9.454774661203908e-05,0.999905452253388,0.1527777777777778,768.9090909090909,20.0,6.0,0.06830523331929281,72.0,11.0,61.0
psm,PCA-Triage,fixed_full_data,0.7,0.7,456,0.995,0.6241871856240392,1.0,0.013822238628440179,0.02726757828303261,0.0,1.0,0.08333333333333333,651.8333333333334,11.5,0.0,0.0,72.0,6.0,66.0
psm,PCA-Triage,fixed_full_data,0.7,0.7,456,0.999,0.746789842920736,1.0,0.011812476928755998,0.02334914264866837,0.0,1.0,0.027777777777777776,1908.0,1908.0,0.0,0.0,72.0,2.0,70.0
psm,Variance,method_retrained,0.7,0.7,456,0.95,0.47473372949767895,0.5942940746159473,0.16660514334932938,0.2602511532547412,0.04369681689253073,0.9563031831074693,0.4444444444444444,25.03125,2.0,555.0,6.318234082034585,72.0,32.0,40.0
psm,Variance,method_retrained,0.7,0.7,456,0.975,0.5064853539464341,0.7162094763092269,0.058898322464213934,0.10884559993936178,0.008966277970375039,0.9910337220296249,0.3333333333333333,194.375,11.5,182.0,2.0719254106852154,72.0,24.0,48.0
psm,Variance,method_retrained,0.7,0.7,456,0.99,0.558700932286347,0.8661971830985915,0.015134736064968624,0.029749667432579514,0.0008982035928143712,0.9991017964071857,0.16666666666666666,620.6666666666666,25.5,7.0,0.07968943887250828,72.0,12.0,60.0
psm,Variance,method_retrained,0.7,0.7,456,0.995,0.6088663911042097,1.0,0.013740207538657151,0.027107946269622915,0.0,1.0,0.05555555555555555,976.75,58.0,0.0,0.0,72.0,4.0,68.0
psm,Variance,method_retrained,0.7,0.7,456,0.999,0.7418189620084549,1.0,0.011976539108322054,0.023669598346370526,0.0,1.0,0.027777777777777776,1906.0,1906.0,0.0,0.0,72.0,2.0,70.0
psm,Variance,fixed_full_data,0.7,0.7,456,0.95,0.47790675504481567,0.6201137823453845,0.1385915261884254,0.22655045256453235,0.03261897258115348,0.9673810274188466,0.4444444444444444,39.40625,2.0,509.0,5.794560626586674,72.0,32.0,40.0
psm,Variance,fixed_full_data,0.7,0.7,456,0.975,0.5094592882632383,0.7851132686084142,0.04975185595340634,0.09357401835994754,0.005231641979199495,0.9947683580208005,0.3611111111111111,236.73076923076923,5.5,114.0,1.2977994330665634,72.0,26.0,46.0
psm,Variance,fixed_full_data,0.7,0.7,456,0.99,0.5632375540086498,0.9836956521739131,0.014847627250728026,0.02925370722049376,9.454774661203908e-05,0.999905452253388,0.1527777777777778,846.0,30.0,5.0,0.056921027766077346,72.0,11.0,61.0
psm,Variance,fixed_full_data,0.7,0.7,456,0.995,0.6241871856240392,1.0,0.013740207538657151,0.027107946269622915,0.0,1.0,0.05555555555555555,976.75,58.0,0.0,0.0,72.0,4.0,68.0
psm,Variance,fixed_full_data,0.7,0.7,456,0.999,0.746789842920736,1.0,0.01193552356343054,0.023589494163424124,0.0,1.0,0.027777777777777776,1906.5,1906.5,0.0,0.0,72.0,2.0,70.0
psm,Threshold,method_retrained,0.7,0.7,456,0.95,0.4762108384884372,0.6263697419582891,0.1453590910955252,0.23595991877226272,0.0333123227229751,0.9666876772770249,0.4861111111111111,25.857142857142858,2.0,435.0,4.952129415648729,72.0,35.0,37.0
psm,Threshold,method_retrained,0.7,0.7,456,0.975,0.5114419665406492,0.8324407039020658,0.0446249128419671,0.08470881345375272,0.0034509927513394264,0.9965490072486606,0.3472222222222222,208.48,6.0,70.0,0.7968943887250828,72.0,25.0,47.0
psm,Threshold,method_retrained,0.7,0.7,456,0.99,0.5720772006761926,0.9897172236503856,0.015790984783232844,0.03108599111828825,6.303183107469272e-05,0.9999369681689253,0.1388888888888889,412.4,18.5,4.0,0.04553682221286188,72.0,10.0,62.0
psm,Threshold,method_retrained,0.7,0.7,456,0.995,0.6237980951105931,1.0,0.013781223083548665,0.027187765505522515,0.0,1.0,0.05555555555555555,976.75,58.0,0.0,0.0,72.0,4.0,68.0
psm,Threshold,method_retrained,0.7,0.7,456,0.999,0.7455288536268091,1.0,0.011771461383864484,0.023269012485811577,0.0,1.0,0.027777777777777776,1908.5,1908.5,0.0,0.0,72.0,2.0,70.0
psm,Threshold,fixed_full_data,0.7,0.7,456,0.95,0.47790675504481567,0.6213824884792627,0.1382634018292933,0.22619606790579078,0.03236684525685471,0.9676331547431453,0.4583333333333333,48.81818181818182,1.0,462.0,5.259502965585547,72.0,33.0,39.0
psm,Threshold,fixed_full_data,0.7,0.7,456,0.975,0.5094592882632383,0.7994858611825193,0.05102333784504327,0.09592474071789335,0.004916482823826032,0.9950835171761739,0.3611111111111111,198.46153846153845,8.5,111.0,1.263646816406917,72.0,26.0,46.0
psm,Threshold,fixed_full_data,0.7,0.7,456,0.99,0.5632375540086498,0.9766839378238342,0.015462860424100734,0.030443735615940565,0.00014182161991805863,0.999858178380082,0.16666666666666666,725.4166666666666,20.5,9.0,0.10245784997893922,72.0,12.0,60.0
psm,Threshold,fixed_full_data,0.7,0.7,456,0.995,0.6241871856240392,1.0,0.013781223083548665,0.027187765505522515,0.0,1.0,0.05555555555555555,976.75,58.0,0.0,0.0,72.0,4.0,68.0
psm,Threshold,fixed_full_data,0.7,0.7,456,0.999,0.746789842920736,1.0,0.011771461383864484,0.023269012485811577,0.0,1.0,0.027777777777777776,1908.5,1908.5,0.0,0.0,72.0,2.0,70.0
psm,Uniform,method_retrained,0.7,0.7,456,0.95,0.4768027298906565,0.5856524427952999,0.1553668840490546,0.24558332522934292,0.04223132682004412,0.9577686731799558,0.4583333333333333,38.0,3.0,389.0,4.428455960200817,72.0,33.0,39.0
psm,Uniform,method_retrained,0.7,0.7,456,0.975,0.5094446625969739,0.7418431597023469,0.053156146179401995,0.09920391916717697,0.007106838953671604,0.9928931610463284,0.3055555555555556,245.0909090909091,8.0,156.0,1.775936066301613,72.0,22.0,50.0
psm,Uniform,method_retrained,0.7,0.7,456,0.99,0.5713775654460183,0.9842931937172775,0.01542184487920922,0.03036788757420345,9.454774661203908e-05,0.999905452253388,0.125,484.8888888888889,21.0,4.0,0.04553682221286188,72.0,9.0,63.0
psm,Uniform,method_retrained,0.7,0.7,456,0.995,0.6236802524099514,1.0,0.013822238628440179,0.02726757828303261,0.0,1.0,0.05555555555555555,977.0,58.0,0.0,0.0,72.0,4.0,68.0
psm,Uniform,method_retrained,0.7,0.7,456,0.999,0.7480508372963444,1.0,0.011812476928755998,0.02334914264866837,0.0,1.0,0.027777777777777776,1908.0,1908.0,0.0,0.0,72.0,2.0,70.0
psm,Uniform,fixed_full_data,0.7,0.7,456,0.95,0.47790675504481567,0.6226310947562097,0.13879660391288298,0.2269922189428495,0.03231957138354869,0.9676804286164513,0.4166666666666667,139.7,2.5,413.0,4.7016768934779885,72.0,30.0,42.0
psm,Uniform,fixed_full_data,0.7,0.7,456,0.975,0.5094592882632383,0.7962962962962963,0.05114638447971781,0.096119011831811,0.005026788528206745,0.9949732114717933,0.3472222222222222,236.04,5.0,106.0,1.2067257886408398,72.0,25.0,47.0
psm,Uniform,fixed_full_data,0.7,0.7,456,0.99,0.5632375540086498,0.9869451697127938,0.015503875968992248,0.03052818607656275,7.87897888433659e-05,0.9999212102111567,0.1527777777777778,793.9090909090909,21.0,5.0,0.056921027766077346,72.0,11.0,61.0
psm,Uniform,fixed_full_data,0.7,0.7,456,0.995,0.6241871856240392,1.0,0.013822238628440179,0.02726757828303261,0.0,1.0,0.05555555555555555,977.0,58.0,0.0,0.0,72.0,4.0,68.0
psm,Uniform,fixed_full_data,0.7,0.7,456,0.999,0.746789842920736,1.0,0.011812476928755998,0.02334914264866837,0.0,1.0,0.027777777777777776,1908.0,1908.0,0.0,0.0,72.0,2.0,70.0
psm,Full Data,method_retrained,1.0,0.7,456,0.95,0.47790675504481567,0.6211485870556062,0.1397399614453878,0.22815241411638654,0.03274503624330287,0.9672549637566972,0.5,44.25,1.5,547.0,6.227160437608862,72.0,36.0,36.0
psm,Full Data,method_retrained,1.0,0.7,456,0.975,0.5094592882632383,0.7901077996195307,0.0511053689348263,0.0960012327606133,0.005215884021430823,0.9947841159785692,0.3888888888888889,199.17857142857142,5.0,124.0,1.411641488598718,72.0,28.0,44.0
psm,Full Data,method_retrained,1.0,0.7,456,0.99,0.5632375540086498,0.9790575916230366,0.015339813789426192,0.030206356257319388,0.00012606366214938544,0.9998739363378506,0.19444444444444445,663.7857142857143,13.0,7.0,0.07968943887250828,72.0,14.0,58.0
psm,Full Data,method_retrained,1.0,0.7,456,0.995,0.6241871856240392,1.0,0.013863254173331693,0.02734738460293701,0.0,1.0,0.08333333333333333,651.8333333333334,11.5,0.0,0.0,72.0,6.0,66.0
psm,Full Data,method_retrained,1.0,0.7,456,0.999,0.746789842920736,1.0,0.012017554653213568,0.02374969603631353,0.0,1.0,0.027777777777777776,1905.5,1905.5,0.0,0.0,72.0,2.0,70.0
psm,Full Data,fixed_full_data,1.0,0.7,456,0.95,0.47790675504481567,0.6211485870556062,0.1397399614453878,0.22815241411638654,0.03274503624330287,0.9672549637566972,0.5,44.25,1.5,547.0,6.227160437608862,72.0,36.0,36.0
psm,Full Data,fixed_full_data,1.0,0.7,456,0.975,0.5094592882632383,0.7901077996195307,0.0511053689348263,0.0960012327606133,0.005215884021430823,0.9947841159785692,0.3888888888888889,199.17857142857142,5.0,124.0,1.411641488598718,72.0,28.0,44.0
psm,Full Data,fixed_full_data,1.0,0.7,456,0.99,0.5632375540086498,0.9790575916230366,0.015339813789426192,0.030206356257319388,0.00012606366214938544,0.9998739363378506,0.19444444444444445,663.7857142857143,13.0,7.0,0.07968943887250828,72.0,14.0,58.0
psm,Full Data,fixed_full_data,1.0,0.7,456,0.995,0.6241871856240392,1.0,0.013863254173331693,0.02734738460293701,0.0,1.0,0.08333333333333333,651.8333333333334,11.5,0.0,0.0,72.0,6.0,66.0
psm,Full Data,fixed_full_data,1.0,0.7,456,0.999,0.746789842920736,1.0,0.012017554653213568,0.02374969603631353,0.0,1.0,0.027777777777777776,1905.5,1905.5,0.0,0.0,72.0,2.0,70.0
psm,PCA-Triage,method_retrained,0.7,0.7,789,0.95,0.4811385768118851,0.6606264561221848,0.20934334112628686,0.31793689849565515,0.04131736526946108,0.9586826347305389,0.4305555555555556,119.41935483870968,2.0,463.0,5.270887171138762,72.0,31.0,41.0
psm,PCA-Triage,method_retrained,0.7,0.7,789,0.975,0.5126671344407937,0.7399103139013453,0.06090808416389812,0.11255115961800818,0.0082256539552474,0.9917743460447526,0.3333333333333333,211.95833333333334,7.5,174.0,1.9808517662594916,72.0,24.0,48.0
psm,PCA-Triage,method_retrained,0.7,0.7,789,0.99,0.560190641752852,0.9800498753117207,0.016119109142364956,0.03171656847712049,0.00012606366214938544,0.9998739363378506,0.16666666666666666,1056.4166666666667,20.5,7.0,0.07968943887250828,72.0,12.0,60.0
psm,PCA-Triage,method_retrained,0.7,0.7,789,0.995,0.6072661814713921,1.0,0.013863254173331693,0.02734738460293701,0.0,1.0,0.05555555555555555,977.0,58.0,0.0,0.0,72.0,4.0,68.0
psm,PCA-Triage,method_retrained,0.7,0.7,789,0.999,0.7441059354433062,1.0,0.011894508018539026,0.02350938348668477,0.0,1.0,0.027777777777777776,1906.5,1906.5,0.0,0.0,72.0,2.0,70.0
psm,PCA-Triage,fixed_full_data,0.7,0.7,789,0.95,0.47397903457410456,0.6267107126002831,0.21787457446372174,0.32334053626320114,0.04985817838008194,0.950141821619918,0.4722222222222222,28.205882352941178,2.0,530.0,6.0336289432041985,72.0,34.0,38.0
psm,PCA-Triage,fixed_full_data,0.7,0.7,789,0.975,0.5051085713319143,0.6963330786860199,0.0747713383372298,0.135042038594022,0.012527576426095179,0.9874724235739049,0.3611111111111111,164.19230769230768,5.0,239.0,2.720825127218497,72.0,26.0,46.0
psm,PCA-Triage,fixed_full_data,0.7,0.7,789,0.99,0.5525428837928208,0.9297872340425531,0.01792379311759157,0.03516961088084986,0.000520012606366215,0.9994799873936338,0.19444444444444445,705.5714285714286,19.0,18.0,0.20491569995787845,72.0,14.0,58.0
psm,PCA-Triage,fixed_full_data,0.7,0.7,789,0.995,0.6068274946515355,1.0,0.013945285263114721,0.027506977873063387,0.0,1.0,0.08333333333333333,652.5,13.5,0.0,0.0,72.0,6.0,66.0
psm,PCA-Triage,fixed_full_data,0.7,0.7,789,0.999,0.7526817449796471,1.0,0.011894508018539026,0.02350938348668477,0.0,1.0,0.027777777777777776,1906.5,1906.5,0.0,0.0,72.0,2.0,70.0
psm,Variance,method_retrained,0.7,0.7,789,0.95,0.4720873294416923,0.5524245626394271,0.1929781387145728,0.2860356252659736,0.060069335014182164,0.9399306649858178,0.5138888888888888,36.513513513513516,1.0,578.0,6.580070809758541,72.0,37.0,35.0
psm,Variance,method_retrained,0.7,0.7,789,0.975,0.5063720677184124,0.6104792851340374,0.06164636397194537,0.11198450247736841,0.01511188150015758,0.9848881184998424,0.3333333333333333,184.95833333333334,6.5,267.0,3.03958288270853,72.0,24.0,48.0
psm,Variance,method_retrained,0.7,0.7,789,0.99,0.5562716441597187,0.9004237288135594,0.0174316065788934,0.034201102482597674,0.0007406240151276394,0.9992593759848724,0.18055555555555555,664.3076923076923,21.0,18.0,0.20491569995787845,72.0,13.0,59.0
psm,Variance,method_retrained,0.7,0.7,789,0.995,0.6125559051880622,1.0,0.013822238628440179,0.02726757828303261,0.0,1.0,0.08333333333333333,654.8333333333334,18.5,0.0,0.0,72.0,6.0,66.0
psm,Variance,method_retrained,0.7,0.7,789,0.999,0.7468264472805862,1.0,0.01173044583897297,0.02318887582600235,0.0,1.0,0.027777777777777776,1906.5,1906.5,0.0,0.0,72.0,2.0,70.0
psm,Variance,fixed_full_data,0.7,0.7,789,0.95,0.47397903457410456,0.6252971944840704,0.21574176612936302,0.32080017076815176,0.04966908288685786,0.9503309171131421,0.4444444444444444,22.84375,2.0,556.0,6.329618287587801,72.0,32.0,40.0
psm,Variance,fixed_full_data,0.7,0.7,789,0.975,0.5051085713319143,0.6906309751434034,0.07407407407407407,0.13379759964439175,0.012748187834856603,0.9872518121651433,0.3472222222222222,171.04,5.0,278.0,3.1648091437939003,72.0,25.0,47.0
psm,Variance,fixed_full_data,0.7,0.7,789,0.99,0.5525428837928208,0.9333333333333333,0.017226528854435832,0.03382868188957352,0.0004727387330601954,0.9995272612669398,0.20833333333333334,579.5333333333333,21.0,19.0,0.2162999055110939,72.0,15.0,57.0
psm,Variance,fixed_full_data,0.7,0.7,789,0.995,0.6068274946515355,1.0,0.013904269718223207,0.027427184466019418,0.0,1.0,0.09722222222222222,1345.142857142857,28.0,0.0,0.0,72.0,7.0,65.0
psm,Variance,fixed_full_data,0.7,0.7,789,0.999,0.7526817449796471,1.0,0.011812476928755998,0.02334914264866837,0.0,1.0,0.027777777777777776,1906.5,1906.5,0.0,0.0,72.0,2.0,70.0
psm,Threshold,method_retrained,0.7,0.7,789,0.95,0.47702190725524773,0.6952124072825354,0.21143513391575408,0.32425462322304693,0.03561298455720139,0.9643870154427986,0.4722222222222222,109.11764705882354,2.0,517.0,5.885634271012397,72.0,34.0,38.0
psm,Threshold,method_retrained,0.7,0.7,789,0.975,0.5097886141794503,0.8229721728833629,0.0570116073992043,0.10663598005370158,0.004711629372833281,0.9952883706271667,0.3333333333333333,169.33333333333334,9.5,111.0,1.263646816406917,72.0,24.0,48.0
psm,Threshold,method_retrained,0.7,0.7,789,0.99,0.5689925633829679,1.0,0.015749969238341332,0.031011508176862507,0.0,1.0,0.16666666666666666,724.6666666666666,26.5,0.0,0.0,72.0,12.0,60.0
psm,Threshold,method_retrained,0.7,0.7,789,0.995,0.6023334678472366,1.0,0.013945285263114721,0.027506977873063387,0.0,1.0,0.09722222222222222,1341.4285714285713,21.0,0.0,0.0,72.0,7.0,65.0
psm,Threshold,method_retrained,0.7,0.7,789,0.999,0.7481239521218683,1.0,0.011894508018539026,0.02350938348668477,0.0,1.0,0.027777777777777776,1907.0,1907.0,0.0,0.0,72.0,2.0,70.0
psm,Threshold,fixed_full_data,0.7,0.7,789,0.95,0.47397903457410456,0.6260523854069223,0.21959722734916534,0.3251449913460663,0.05039394894421683,0.9496060510557832,0.4722222222222222,32.911764705882355,2.0,533.0,6.067781559863845,72.0,34.0,38.0
psm,Threshold,fixed_full_data,0.7,0.7,789,0.975,0.5051085713319143,0.6918918918918919,0.07349985644559288,0.13288346742797819,0.012574850299401197,0.9874251497005988,0.3888888888888889,152.0,6.5,260.0,2.959893443836022,72.0,28.0,44.0
psm,Threshold,fixed_full_data,0.7,0.7,789,0.99,0.5525428837928208,0.9254658385093167,0.018333948566506705,0.03595559845559845,0.0005672864796722345,0.9994327135203278,0.2222222222222222,546.125,14.0,20.0,0.22768411106430939,72.0,16.0,56.0
psm,Threshold,fixed_full_data,0.7,0.7,789,0.995,0.6068274946515355,1.0,0.013945285263114721,0.027506977873063387,0.0,1.0,0.09722222222222222,1341.4285714285713,21.0,0.0,0.0,72.0,7.0,65.0
psm,Threshold,fixed_full_data,0.7,0.7,789,0.999,0.7526817449796471,1.0,0.011853492473647512,0.02342926631536279,0.0,1.0,0.027777777777777776,1907.0,1907.0,0.0,0.0,72.0,2.0,70.0
psm,Uniform,method_retrained,0.7,0.7,789,0.95,0.47796804046201663,0.6465377233131552,0.17960707107993928,0.28111959940938563,0.03772455089820359,0.9622754491017964,0.4583333333333333,123.15151515151516,4.0,438.0,4.986282032308376,72.0,33.0,39.0
psm,Uniform,method_retrained,0.7,0.7,789,0.975,0.5141763535509433,0.8175355450236966,0.04245108896271687,0.08071119429173003,0.0036400882445635045,0.9963599117554365,0.2916666666666667,258.4761904761905,12.0,90.0,1.0245784997893923,72.0,21.0,51.0
psm,Uniform,method_retrained,0.7,0.7,789,0.99,0.5702998213009401,1.0,0.014970673885402568,0.02949971712600016,0.0,1.0,0.1111111111111111,510.875,20.5,0.0,0.0,72.0,8.0,64.0
psm,Uniform,method_retrained,0.7,0.7,789,0.995,0.613371450011317,1.0,0.013699191993765637,0.02702812057454987,0.0,1.0,0.05555555555555555,977.25,58.5,0.0,0.0,72.0,4.0,68.0
psm,Uniform,method_retrained,0.7,0.7,789,0.999,0.7453324212544622,1.0,0.011812476928755998,0.02334914264866837,0.0,1.0,0.027777777777777776,1908.0,1908.0,0.0,0.0,72.0,2.0,70.0
psm,Uniform,fixed_full_data,0.7,0.7,789,0.95,0.47397903457410456,0.626099358212503,0.21606989048849515,0.3212684860497027,0.049574535140245825,0.9504254648597542,0.4722222222222222,109.6470588235294,2.0,477.0,5.430266048883778,72.0,34.0,38.0
psm,Uniform,fixed_full_data,0.7,0.7,789,0.975,0.5051085713319143,0.7013435700575815,0.07493540051679587,0.13540354257763285,0.012259691144027734,0.9877403088559723,0.3611111111111111,188.73076923076923,5.5,220.0,2.504525221707403,72.0,26.0,46.0
psm,Uniform,fixed_full_data,0.7,0.7,789,0.99,0.5525428837928208,0.9302325581395349,0.01804683975226611,0.03540677556932486,0.000520012606366215,0.9994799873936338,0.19444444444444445,710.2857142857143,18.5,18.0,0.20491569995787845,72.0,14.0,58.0
psm,Uniform,fixed_full_data,0.7,0.7,789,0.995,0.6068274946515355,1.0,0.013822238628440179,0.02726757828303261,0.0,1.0,0.06944444444444445,1876.8,96.0,0.0,0.0,72.0,5.0,67.0
psm,Uniform,fixed_full_data,0.7,0.7,789,0.999,0.7526817449796471,1.0,0.011689430294081456,0.0231087326684505,0.0,1.0,0.027777777777777776,1907.5,1907.5,0.0,0.0,72.0,2.0,70.0
psm,Full Data,method_retrained,1.0,0.7,789,0.95,0.47397903457410456,0.6279867518334517,0.21775152782904722,0.3233744479975636,0.04955877718247715,0.9504412228175229,0.4861111111111111,20.428571428571427,2.0,605.0,6.887444359695358,72.0,35.0,37.0
psm,Full Data,method_retrained,1.0,0.7,789,0.975,0.5051085713319143,0.6911987860394537,0.0747303227923383,0.13487803975274826,0.012826977623699968,0.9871730223763,0.375,158.62962962962962,5.0,290.0,3.301419610432486,72.0,27.0,45.0
psm,Full Data,method_retrained,1.0,0.7,789,0.99,0.5525428837928208,0.9222903885480572,0.01849801074607276,0.036268596702854844,0.0005988023952095808,0.9994011976047904,0.2361111111111111,514.1176470588235,11.0,24.0,0.27322093327717123,72.0,17.0,55.0
psm,Full Data,method_retrained,1.0,0.7,789,0.995,0.6068274946515355,1.0,0.013986300808006235,0.02758676482485236,0.0,1.0,0.1111111111111111,1174.0,13.5,0.0,0.0,72.0,8.0,64.0
psm,Full Data,method_retrained,1.0,0.7,789,0.999,0.7526817449796471,1.0,0.011976539108322054,0.023669598346370526,0.0,1.0,0.027777777777777776,1905.5,1905.5,0.0,0.0,72.0,2.0,70.0
psm,Full Data,fixed_full_data,1.0,0.7,789,0.95,0.47397903457410456,0.6279867518334517,0.21775152782904722,0.3233744479975636,0.04955877718247715,0.9504412228175229,0.4861111111111111,20.428571428571427,2.0,605.0,6.887444359695358,72.0,35.0,37.0
psm,Full Data,fixed_full_data,1.0,0.7,789,0.975,0.5051085713319143,0.6911987860394537,0.0747303227923383,0.13487803975274826,0.012826977623699968,0.9871730223763,0.375,158.62962962962962,5.0,290.0,3.301419610432486,72.0,27.0,45.0
psm,Full Data,fixed_full_data,1.0,0.7,789,0.99,0.5525428837928208,0.9222903885480572,0.01849801074607276,0.036268596702854844,0.0005988023952095808,0.9994011976047904,0.2361111111111111,514.1176470588235,11.0,24.0,0.27322093327717123,72.0,17.0,55.0
psm,Full Data,fixed_full_data,1.0,0.7,789,0.995,0.6068274946515355,1.0,0.013986300808006235,0.02758676482485236,0.0,1.0,0.1111111111111111,1174.0,13.5,0.0,0.0,72.0,8.0,64.0
psm,Full Data,fixed_full_data,1.0,0.7,789,0.999,0.7526817449796471,1.0,0.011976539108322054,0.023669598346370526,0.0,1.0,0.027777777777777776,1905.5,1905.5,0.0,0.0,72.0,2.0,70.0
psm,PCA-Triage,method_retrained,0.7,0.7,1024,0.95,0.48088883338660815,0.6600381800827235,0.1701734957548911,0.2705840153911371,0.033674755751654586,0.9663252442483454,0.5277777777777778,29.0,1.5,512.0,5.8287132432463205,72.0,38.0,34.0
psm,PCA-Triage,method_retrained,0.7,0.7,1024,0.975,0.5138641469101664,0.8423312883435583,0.056314343136048564,0.10557072007996617,0.0040497951465490074,0.995950204853451,0.3611111111111111,178.19230769230768,5.0,97.0,1.1042679386619005,72.0,26.0,46.0
psm,PCA-Triage,method_retrained,0.7,0.7,1024,0.99,0.5654032490887523,0.9926470588235294,0.016611295681063124,0.032675783613699626,4.727387330601954e-05,0.999952726126694,0.18055555555555555,384.6923076923077,20.0,3.0,0.034152616659646404,72.0,13.0,59.0
psm,PCA-Triage,method_retrained,0.7,0.7,1024,0.995,0.6137396704134144,1.0,0.013904269718223207,0.027427184466019418,0.0,1.0,0.08333333333333333,651.8333333333334,11.5,0.0,0.0,72.0,6.0,66.0
psm,PCA-Triage,method_retrained,0.7,0.7,1024,0.999,0.7386110711556823,1.0,0.01193552356343054,0.023589494163424124,0.0,1.0,0.027777777777777776,1906.5,1906.5,0.0,0.0,72.0,2.0,70.0
psm,PCA-Triage,fixed_full_data,0.7,0.7,1024,0.95,0.4852407856248324,0.6804950322468188,0.1601246872564702,0.2592469619496647,0.028884336589977938,0.9711156634100221,0.5277777777777778,80.26315789473684,1.0,400.0,4.553682221286188,72.0,38.0,34.0
psm,PCA-Triage,fixed_full_data,0.7,0.7,1024,0.975,0.5194655165297221,0.8201936376210235,0.048644436241335465,0.09184187091028768,0.0040970690198550265,0.9959029309801449,0.375,175.4814814814815,5.0,102.0,1.1611889664279778,72.0,27.0,45.0
psm,PCA-Triage,fixed_full_data,0.7,0.7,1024,0.99,0.5691432073198825,0.9927007299270073,0.016734342315737664,0.03291384317521781,4.727387330601954e-05,0.999952726126694,0.20833333333333334,710.3333333333334,20.0,3.0,0.034152616659646404,72.0,15.0,57.0
psm,PCA-Triage,fixed_full_data,0.7,0.7,1024,0.995,0.6179123695807152,1.0,0.013863254173331693,0.02734738460293701,0.0,1.0,0.08333333333333333,651.8333333333334,11.5,0.0,0.0,72.0,6.0,66.0
psm,PCA-Triage,fixed_full_data,0.7,0.7,1024,0.999,0.7262756559835909,1.0,0.01214060128788811,0.023989950156015724,0.0,1.0,0.041666666666666664,1310.6666666666667,120.0,0.0,0.0,72.0,3.0,69.0
psm,Variance,method_retrained,0.7,0.7,1024,0.95,0.4810438498787978,0.6670133472005547,0.15782781674254542,0.255257048092869,0.03027103687362118,0.9697289631263788,0.5277777777777778,38.1578947368421,2.0,537.0,6.113318382076707,72.0,38.0,34.0
psm,Variance,method_retrained,0.7,0.7,1024,0.975,0.5137207879522974,0.8559201141226819,0.04921865386981666,0.0930845906217275,0.0031831074692719825,0.996816892530728,0.3333333333333333,220.58333333333334,5.0,100.0,1.138420555321547,72.0,24.0,48.0
psm,Variance,method_retrained,0.7,0.7,1024,0.99,0.5664800347317167,0.9898477157360406,0.015996062507690416,0.03148335015136226,6.303183107469272e-05,0.9999369681689253,0.19444444444444445,885.2857142857143,26.5,3.0,0.034152616659646404,72.0,14.0,58.0
psm,Variance,method_retrained,0.7,0.7,1024,0.995,0.6124433109298235,1.0,0.013781223083548665,0.027187765505522515,0.0,1.0,0.05555555555555555,976.75,58.0,0.0,0.0,72.0,4.0,68.0
psm,Variance,method_retrained,0.7,0.7,1024,0.999,0.7326799643370031,1.0,0.011976539108322054,0.023669598346370526,0.0,1.0,0.027777777777777776,1906.0,1906.0,0.0,0.0,72.0,2.0,70.0
psm,Variance,fixed_full_data,0.7,0.7,1024,0.95,0.4852407856248324,0.6790017211703959,0.16180632459702227,0.2613361597827167,0.02938859123857548,0.9706114087614245,0.5,30.22222222222222,1.0,469.0,5.339192404458055,72.0,36.0,36.0
psm,Variance,fixed_full_data,0.7,0.7,1024,0.975,0.5194655165297221,0.8133704735376045,0.047906156433288216,0.09048301506759113,0.004223132682004412,0.9957768673179956,0.3611111111111111,160.30769230769232,2.0,107.0,1.2181099941940552,72.0,26.0,46.0
psm,Variance,fixed_full_data,0.7,0.7,1024,0.99,0.5691432073198825,0.9927360774818402,0.016816373405520692,0.033072517544567234,4.727387330601954e-05,0.999952726126694,0.19444444444444445,621.7857142857143,20.5,3.0,0.034152616659646404,72.0,14.0,58.0
psm,Variance,fixed_full_data,0.7,0.7,1024,0.995,0.6179123695807152,1.0,0.013781223083548665,0.027187765505522515,0.0,1.0,0.05555555555555555,976.75,58.0,0.0,0.0,72.0,4.0,68.0
psm,Variance,fixed_full_data,0.7,0.7,1024,0.999,0.7262756559835909,1.0,0.012181616832779624,0.024070021881838075,0.0,1.0,0.041666666666666664,1308.6666666666667,115.0,0.0,0.0,72.0,3.0,69.0
psm,Threshold,method_retrained,0.7,0.7,1024,0.95,0.4789498431387798,0.6515340830209635,0.19248595217587466,0.2971757852077001,0.03955247399936968,0.9604475260006303,0.4861111111111111,31.314285714285713,1.0,555.0,6.318234082034585,72.0,35.0,37.0
psm,Threshold,method_retrained,0.7,0.7,1024,0.975,0.5154310824020837,0.8265368228849665,0.05569910996267585,0.10436520135259761,0.004491017964071856,0.9955089820359282,0.3472222222222222,208.56,8.0,99.0,1.1270363497683313,72.0,25.0,47.0
psm,Threshold,method_retrained,0.7,0.7,1024,0.99,0.5715855915957826,0.9925558312655087,0.016406217956605552,0.03227888960619755,4.727387330601954e-05,0.999952726126694,0.1527777777777778,407.1818181818182,21.0,3.0,0.034152616659646404,72.0,11.0,61.0
psm,Threshold,method_retrained,0.7,0.7,1024,0.995,0.6113781270400966,1.0,0.013781223083548665,0.027187765505522515,0.0,1.0,0.05555555555555555,976.75,58.0,0.0,0.0,72.0,4.0,68.0
psm,Threshold,method_retrained,0.7,0.7,1024,0.999,0.7249889960952782,1.0,0.011976539108322054,0.023669598346370526,0.0,1.0,0.027777777777777776,1906.0,1906.0,0.0,0.0,72.0,2.0,70.0
psm,Threshold,fixed_full_data,0.7,0.7,1024,0.95,0.4852407856248324,0.6832986832986833,0.16176530905213077,0.2615991775279408,0.028805546801134573,0.9711944531988654,0.5138888888888888,29.486486486486488,2.0,448.0,5.10012408784053,72.0,37.0,35.0
psm,Threshold,fixed_full_data,0.7,0.7,1024,0.975,0.5194655165297221,0.8199863107460643,0.04913662278003363,0.09271728194412197,0.0041443428931610465,0.995855657106839,0.3472222222222222,145.96,2.0,98.0,1.115652144215116,72.0,25.0,47.0
psm,Threshold,fixed_full_data,0.7,0.7,1024,0.99,0.5691432073198825,0.995085995085995,0.016611295681063124,0.032677101823462965,3.151591553734636e-05,0.9999684840844627,0.18055555555555555,820.7692307692307,21.0,2.0,0.02276841110643094,72.0,13.0,59.0
psm,Threshold,fixed_full_data,0.7,0.7,1024,0.995,0.6179123695807152,1.0,0.013740207538657151,0.027107946269622915,0.0,1.0,0.05555555555555555,976.75,58.0,0.0,0.0,72.0,4.0,68.0
psm,Threshold,fixed_full_data,0.7,0.7,1024,0.999,0.7262756559835909,1.0,0.011976539108322054,0.023669598346370526,0.0,1.0,0.041666666666666664,1309.6666666666667,115.0,0.0,0.0,72.0,3.0,69.0
psm,Uniform,method_retrained,0.7,0.7,1024,0.95,0.4775536636399718,0.6870891727644797,0.22722611869898693,0.341511527555172,0.03975732745036243,0.9602426725496376,0.5,81.05555555555556,4.0,576.0,6.55730239865211,72.0,36.0,36.0
psm,Uniform,method_retrained,0.7,0.7,1024,0.975,0.5088957118551816,0.8618857901726428,0.07985726590377754,0.14617117117117118,0.004916482823826032,0.9950835171761739,0.3611111111111111,161.96153846153845,6.0,119.0,1.3547204608326409,72.0,26.0,46.0
psm,Uniform,method_retrained,0.7,0.7,1024,0.99,0.5531546257730093,0.9668874172185431,0.01796480866248308,0.03527422082628654,0.0002363693665300977,0.99976363063347,0.19444444444444445,404.7857142857143,58.0,11.0,0.12522626108537016,72.0,14.0,58.0
psm,Uniform,method_retrained,0.7,0.7,1024,0.995,0.600524989613763,1.0,0.013986300808006235,0.02758676482485236,0.0,1.0,0.08333333333333333,652.5,13.5,0.0,0.0,72.0,6.0,66.0
psm,Uniform,method_retrained,0.7,0.7,1024,0.999,0.7385837372242562,1.0,0.01193552356343054,0.023589494163424124,0.0,1.0,0.027777777777777776,1906.5,1906.5,0.0,0.0,72.0,2.0,70.0
psm,Uniform,fixed_full_data,0.7,0.7,1024,0.95,0.4852407856248324,0.6826399859575215,0.1595094540830975,0.2585943214309462,0.02849038764576111,0.9715096123542389,0.4722222222222222,90.61764705882354,2.5,355.0,4.041392971391492,72.0,34.0,38.0
psm,Uniform,fixed_full_data,0.7,0.7,1024,0.975,0.5194655165297221,0.8247206703910615,0.048439358516877896,0.09150428078874985,0.003955247399936968,0.996044752600063,0.3194444444444444,182.04347826086956,6.0,89.0,1.0131942942361767,72.0,23.0,49.0
psm,Uniform,fixed_full_data,0.7,0.7,1024,0.99,0.5691432073198825,0.9975786924939467,0.01689840449530372,0.03323384689844317,1.575795776867318e-05,0.9999842420422314,0.16666666666666666,511.9166666666667,58.0,1.0,0.01138420555321547,72.0,12.0,60.0
psm,Uniform,fixed_full_data,0.7,0.7,1024,0.995,0.6179123695807152,1.0,0.013822238628440179,0.02726757828303261,0.0,1.0,0.05555555555555555,977.0,58.0,0.0,0.0,72.0,4.0,68.0
psm,Uniform,fixed_full_data,0.7,0.7,1024,0.999,0.7262756559835909,1.0,0.01214060128788811,0.023989950156015724,0.0,1.0,0.041666666666666664,1308.6666666666667,113.0,0.0,0.0,72.0,3.0,69.0
psm,Full Data,method_retrained,1.0,0.7,1024,0.95,0.4852407856248324,0.6836540128271797,0.16176530905213077,0.26162520729684907,0.028758272927828555,0.9712417270721715,0.5277777777777778,27.894736842105264,1.0,511.0,5.817329037693105,72.0,38.0,34.0
psm,Full Data,method_retrained,1.0,0.7,1024,0.975,0.5194655165297221,0.8164383561643835,0.04889052951068455,0.09225649162184126,0.004223132682004412,0.9957768673179956,0.4027777777777778,143.44827586206895,2.0,119.0,1.3547204608326409,72.0,29.0,43.0
psm,Full Data,method_retrained,1.0,0.7,1024,0.99,0.5691432073198825,0.9880952380952381,0.01702145112997826,0.033466392484174025,7.87897888433659e-05,0.9999212102111567,0.2222222222222222,643.6875,13.0,5.0,0.056921027766077346,72.0,16.0,56.0
psm,Full Data,method_retrained,1.0,0.7,1024,0.995,0.6179123695807152,1.0,0.013863254173331693,0.02734738460293701,0.0,1.0,0.08333333333333333,651.8333333333334,11.5,0.0,0.0,72.0,6.0,66.0
psm,Full Data,method_retrained,1.0,0.7,1024,0.999,0.7262756559835909,1.0,0.012181616832779624,0.024070021881838075,0.0,1.0,0.041666666666666664,1308.6666666666667,115.0,0.0,0.0,72.0,3.0,69.0
psm,Full Data,fixed_full_data,1.0,0.7,1024,0.95,0.4852407856248324,0.6836540128271797,0.16176530905213077,0.26162520729684907,0.028758272927828555,0.9712417270721715,0.5277777777777778,27.894736842105264,1.0,511.0,5.817329037693105,72.0,38.0,34.0
psm,Full Data,fixed_full_data,1.0,0.7,1024,0.975,0.5194655165297221,0.8164383561643835,0.04889052951068455,0.09225649162184126,0.004223132682004412,0.9957768673179956,0.4027777777777778,143.44827586206895,2.0,119.0,1.3547204608326409,72.0,29.0,43.0
psm,Full Data,fixed_full_data,1.0,0.7,1024,0.99,0.5691432073198825,0.9880952380952381,0.01702145112997826,0.033466392484174025,7.87897888433659e-05,0.9999212102111567,0.2222222222222222,643.6875,13.0,5.0,0.056921027766077346,72.0,16.0,56.0
psm,Full Data,fixed_full_data,1.0,0.7,1024,0.995,0.6179123695807152,1.0,0.013863254173331693,0.02734738460293701,0.0,1.0,0.08333333333333333,651.8333333333334,11.5,0.0,0.0,72.0,6.0,66.0
psm,Full Data,fixed_full_data,1.0,0.7,1024,0.999,0.7262756559835909,1.0,0.012181616832779624,0.024070021881838075,0.0,1.0,0.041666666666666664,1308.6666666666667,115.0,0.0,0.0,72.0,3.0,69.0
