dataset,method,protocol,budget,seed,fault_type,exact_fault_recall,binary_precision,binary_recall,binary_f1,binary_fpr,binary_specificity,binary_event_recall,binary_mean_detection_delay,binary_median_detection_delay,binary_false_alarm_events,binary_false_alarms_per_1000,binary_n_events,binary_detected_events,binary_missed_events
tep,PCA-Triage,method_retrained,0.5,42,1,0.9792099792099792,0.9979123173277662,0.9937629937629938,0.9958333333333333,0.05263157894736842,0.9473684210526315,1.0,1.6,1.0,4.0,1.6,5.0,5.0,0.0
tep,PCA-Triage,method_retrained,0.5,42,2,0.9692307692307692,0.9962041332770982,0.9821205821205822,0.9891122278056952,0.09473684210526316,0.9052631578947369,1.0,5.2,2.0,5.0,2.0,5.0,5.0,0.0
tep,PCA-Triage,method_retrained,0.5,42,3,0.1501039501039501,0.9940436796823295,0.6245322245322246,0.7671092951991828,0.09473684210526316,0.9052631578947369,1.0,12.0,14.0,5.0,2.0,5.0,5.0,0.0
tep,PCA-Triage,method_retrained,0.5,42,4,0.9280665280665281,0.997093023255814,0.9983367983367983,0.9977145231664243,0.07368421052631578,0.9263157894736842,1.0,0.8,1.0,3.0,1.2,5.0,5.0,0.0
tep,PCA-Triage,method_retrained,0.5,42,5,0.7750519750519751,0.9968985378821444,0.9355509355509356,0.9652509652509652,0.07368421052631578,0.9263157894736842,1.0,1.4,2.0,5.0,2.0,5.0,5.0,0.0
tep,PCA-Triage,method_retrained,0.5,42,6,0.9975051975051975,0.9954394693200663,0.9983367983367983,0.9968860286485365,0.11578947368421053,0.8842105263157894,1.0,0.6,1.0,6.0,2.4,5.0,5.0,0.0
tep,PCA-Triage,method_retrained,0.5,42,7,0.9933471933471933,0.9958523434259643,0.9983367983367983,0.997093023255814,0.10526315789473684,0.8947368421052632,1.0,0.8,1.0,3.0,1.2,5.0,5.0,0.0
tep,PCA-Triage,method_retrained,0.5,42,8,0.7708939708939709,0.9957283212302435,0.9692307692307692,0.9823008849557522,0.10526315789473684,0.8947368421052632,1.0,4.0,1.0,4.0,1.6,5.0,5.0,0.0
tep,PCA-Triage,method_retrained,0.5,42,9,0.14303534303534304,0.992772667542707,0.6282744282744283,0.7695441813088872,0.11578947368421053,0.8842105263157894,1.0,5.8,2.0,5.0,2.0,5.0,5.0,0.0
tep,PCA-Triage,method_retrained,0.5,42,10,0.49272349272349275,0.998149005090236,0.8968814968814969,0.9448094612352168,0.042105263157894736,0.9578947368421052,1.0,6.4,3.0,2.0,0.8,5.0,5.0,0.0
tep,PCA-Triage,method_retrained,0.5,42,11,0.6968814968814969,0.997310623038996,0.9251559251559252,0.959879206212252,0.06315789473684211,0.9368421052631579,1.0,7.0,6.0,2.0,0.8,5.0,5.0,0.0
tep,PCA-Triage,method_retrained,0.5,42,12,0.7704781704781705,0.9966372425388819,0.9858627858627859,0.9912207357859532,0.08421052631578947,0.9157894736842105,1.0,4.8,6.0,3.0,1.2,5.0,5.0,0.0
tep,PCA-Triage,method_retrained,0.5,42,13,0.6785862785862786,0.9969749351771824,0.9592515592515592,0.9777495232040686,0.07368421052631578,0.9263157894736842,1.0,7.0,6.0,3.0,1.2,5.0,5.0,0.0
tep,PCA-Triage,method_retrained,0.5,42,14,0.9367983367983368,0.995848899958489,0.9975051975051975,0.9966763606148733,0.10526315789473684,0.8947368421052632,1.0,1.2,2.0,5.0,2.0,5.0,5.0,0.0
tep,PCA-Triage,method_retrained,0.5,42,15,0.11975051975051976,0.9920265780730897,0.6207900207900208,0.7636828644501279,0.12631578947368421,0.8736842105263158,1.0,4.4,2.0,4.0,1.6,5.0,5.0,0.0
tep,PCA-Triage,method_retrained,0.5,42,16,0.35135135135135137,0.9965017491254373,0.8291060291060292,0.9051293690422152,0.07368421052631578,0.9263157894736842,1.0,4.8,2.0,2.0,0.8,5.0,5.0,0.0
tep,PCA-Triage,method_retrained,0.5,42,17,0.8141372141372142,0.995640802092415,0.9496881496881497,0.9721217280272398,0.10526315789473684,0.8947368421052632,1.0,6.4,3.0,5.0,2.0,5.0,5.0,0.0
tep,PCA-Triage,method_retrained,0.5,42,18,0.8074844074844075,0.9968957871396896,0.9347193347193348,0.9648068669527897,0.07368421052631578,0.9263157894736842,1.0,8.4,8.0,3.0,1.2,5.0,5.0,0.0
tep,PCA-Triage,method_retrained,0.5,42,19,0.4810810810810811,0.9965903555772041,0.8507276507276508,0.917900403768506,0.07368421052631578,0.9263157894736842,1.0,2.6,2.0,3.0,1.2,5.0,5.0,0.0
tep,PCA-Triage,method_retrained,0.5,42,20,0.6324324324324324,0.9981247069854665,0.8852390852390852,0.9382988100484795,0.042105263157894736,0.9578947368421052,1.0,4.8,2.0,3.0,1.2,5.0,5.0,0.0
tep,PCA-Triage,fixed_full_data,0.5,42,1,0.9796257796257797,0.9856144677353063,0.9970893970893971,0.9913187267465895,0.3684210526315789,0.631578947368421,1.0,0.2,0.0,8.0,3.2,5.0,5.0,0.0
tep,PCA-Triage,fixed_full_data,0.5,42,2,0.9700623700623701,0.9835931091058244,0.9970893970893971,0.9902952715259137,0.42105263157894735,0.5789473684210527,1.0,0.6,0.0,12.0,4.8,5.0,5.0,0.0
tep,PCA-Triage,fixed_full_data,0.5,42,3,0.09521829521829522,0.9818342933097032,0.9214137214137215,0.9506649506649507,0.43157894736842106,0.5684210526315789,1.0,0.0,0.0,18.0,7.2,5.0,5.0,0.0
tep,PCA-Triage,fixed_full_data,0.5,42,4,0.9696465696465697,0.9864532019704434,0.9991683991683992,0.992770088824623,0.3473684210526316,0.6526315789473685,1.0,0.4,0.0,21.0,8.4,5.0,5.0,0.0
tep,PCA-Triage,fixed_full_data,0.5,42,5,0.8395010395010395,0.9831622176591376,0.9954261954261955,0.9892561983471074,0.43157894736842106,0.5684210526315789,1.0,0.0,0.0,9.0,3.6,5.0,5.0,0.0
tep,PCA-Triage,fixed_full_data,0.5,42,6,0.9975051975051975,0.9824346405228758,1.0,0.9911395013393777,0.45263157894736844,0.5473684210526316,1.0,0.0,0.0,13.0,5.2,5.0,5.0,0.0
tep,PCA-Triage,fixed_full_data,0.5,42,7,0.995010395010395,0.984036021285305,0.9995841995841996,0.9917491749174917,0.4105263157894737,0.5894736842105263,1.0,0.2,0.0,15.0,6.0,5.0,5.0,0.0
tep,PCA-Triage,fixed_full_data,0.5,42,8,0.8133056133056134,0.9835051546391752,0.9916839916839917,0.9875776397515528,0.42105263157894735,0.5789473684210527,1.0,0.2,0.0,12.0,4.8,5.0,5.0,0.0
tep,PCA-Triage,fixed_full_data,0.5,42,9,0.13264033264033265,0.9826589595375722,0.918918918918919,0.9497206703910615,0.4105263157894737,0.5894736842105263,1.0,0.2,0.0,12.0,4.8,5.0,5.0,0.0
tep,PCA-Triage,fixed_full_data,0.5,42,10,0.6045738045738046,0.987120897382634,0.987941787941788,0.9875311720698254,0.3263157894736842,0.6736842105263158,1.0,0.0,0.0,13.0,5.2,5.0,5.0,0.0
tep,PCA-Triage,fixed_full_data,0.5,42,11,0.7226611226611227,0.9817578772802653,0.9846153846153847,0.9831845547020968,0.4631578947368421,0.5368421052631579,1.0,0.4,0.0,7.0,2.8,5.0,5.0,0.0
tep,PCA-Triage,fixed_full_data,0.5,42,12,0.738045738045738,0.9852277390233894,0.9983367983367983,0.9917389508467576,0.37894736842105264,0.6210526315789474,1.0,0.2,0.0,11.0,4.4,5.0,5.0,0.0
tep,PCA-Triage,fixed_full_data,0.5,42,13,0.716008316008316,0.9826446280991735,0.9887733887733888,0.985699481865285,0.4421052631578947,0.5578947368421052,1.0,0.2,0.0,13.0,5.2,5.0,5.0,0.0
tep,PCA-Triage,fixed_full_data,0.5,42,14,0.911018711018711,0.982420278004906,0.9991683991683992,0.9907235621521335,0.45263157894736844,0.5473684210526316,1.0,0.0,0.0,12.0,4.8,5.0,5.0,0.0
tep,PCA-Triage,fixed_full_data,0.5,42,15,0.18503118503118504,0.9783473265576668,0.9205821205821206,0.9485861182519281,0.5157894736842106,0.4842105263157895,1.0,0.4,0.0,16.0,6.4,5.0,5.0,0.0
tep,PCA-Triage,fixed_full_data,0.5,42,16,0.5488565488565489,0.9882894186532831,0.9825363825363825,0.9854045037531276,0.29473684210526313,0.7052631578947368,1.0,0.0,0.0,12.0,4.8,5.0,5.0,0.0
tep,PCA-Triage,fixed_full_data,0.5,42,17,0.7234927234927235,0.9805865344898802,0.9871101871101872,0.9838375466224617,0.49473684210526314,0.5052631578947369,1.0,0.0,0.0,12.0,4.8,5.0,5.0,0.0
tep,PCA-Triage,fixed_full_data,0.5,42,18,0.8253638253638254,0.9849435382685069,0.9792099792099792,0.982068390325271,0.37894736842105264,0.6210526315789474,1.0,0.8,0.0,16.0,6.4,5.0,5.0,0.0
tep,PCA-Triage,fixed_full_data,0.5,42,19,0.6686070686070686,0.9838308457711443,0.9866943866943867,0.9852605356030725,0.4105263157894737,0.5894736842105263,1.0,0.0,0.0,16.0,6.4,5.0,5.0,0.0
tep,PCA-Triage,fixed_full_data,0.5,42,20,0.6948024948024948,0.9793473771168938,0.9858627858627859,0.9825942809780357,0.5263157894736842,0.47368421052631576,1.0,0.2,0.0,10.0,4.0,5.0,5.0,0.0
tep,Variance,method_retrained,0.5,42,1,0.9796257796257797,0.9970772442588727,0.992931392931393,0.995,0.07368421052631578,0.9263157894736842,1.0,1.8,1.0,4.0,1.6,5.0,5.0,0.0
tep,Variance,method_retrained,0.5,42,2,0.9692307692307692,0.9966201943388255,0.9808731808731809,0.9886839899413243,0.08421052631578947,0.9157894736842105,1.0,5.0,5.0,5.0,2.0,5.0,5.0,0.0
tep,Variance,method_retrained,0.5,42,3,0.1837837837837838,0.9916129032258064,0.6390852390852391,0.77724399494311,0.1368421052631579,0.8631578947368421,1.0,7.4,6.0,7.0,2.8,5.0,5.0,0.0
tep,Variance,method_retrained,0.5,42,4,0.9683991683991684,0.9975062344139651,0.997920997920998,0.9977135730617335,0.06315789473684211,0.9368421052631579,1.0,1.0,1.0,5.0,2.0,5.0,5.0,0.0
tep,Variance,method_retrained,0.5,42,5,0.7110187110187111,0.9946284691136974,0.923908523908524,0.9579650786807502,0.12631578947368421,0.8736842105263158,1.0,1.6,2.0,6.0,2.4,5.0,5.0,0.0
tep,Variance,method_retrained,0.5,42,6,0.9975051975051975,0.9958523434259643,0.9983367983367983,0.997093023255814,0.10526315789473684,0.8947368421052632,1.0,0.6,1.0,3.0,1.2,5.0,5.0,0.0
tep,Variance,method_retrained,0.5,42,7,0.9945945945945946,0.9962671090833679,0.9987525987525988,0.9975083056478405,0.09473684210526316,0.9052631578947369,1.0,0.6,1.0,6.0,2.4,5.0,5.0,0.0
tep,Variance,method_retrained,0.5,42,8,0.7854469854469854,0.9961423060437206,0.9663201663201664,0.9810046433094133,0.09473684210526316,0.9052631578947369,1.0,7.6,5.0,3.0,1.2,5.0,5.0,0.0
tep,Variance,method_retrained,0.5,42,9,0.12307692307692308,0.9932975871313673,0.6162162162162163,0.76058506543495,0.10526315789473684,0.8947368421052632,1.0,5.8,2.0,5.0,2.0,5.0,5.0,0.0
tep,Variance,method_retrained,0.5,42,10,0.5359667359667359,0.9958715596330275,0.9027027027027027,0.9470010905125409,0.09473684210526316,0.9052631578947369,1.0,9.2,5.0,4.0,1.6,5.0,5.0,0.0
tep,Variance,method_retrained,0.5,42,11,0.6885654885654886,0.9982166740971913,0.930977130977131,0.9634251290877797,0.042105263157894736,0.9578947368421052,1.0,4.4,4.0,1.0,0.4,5.0,5.0,0.0
tep,Variance,method_retrained,0.5,42,12,0.7625779625779626,0.9974758098443416,0.9858627858627859,0.9916352990380594,0.06315789473684211,0.9368421052631579,1.0,3.4,4.0,5.0,2.0,5.0,5.0,0.0
tep,Variance,method_retrained,0.5,42,13,0.6948024948024948,0.9939733103745158,0.9600831600831601,0.9767343485617598,0.14736842105263157,0.8526315789473684,1.0,6.8,6.0,5.0,2.0,5.0,5.0,0.0
tep,Variance,method_retrained,0.5,42,14,0.9530145530145531,0.9937836717778699,0.9970893970893971,0.9954337899543378,0.15789473684210525,0.8421052631578947,1.0,1.4,2.0,7.0,2.8,5.0,5.0,0.0
tep,Variance,method_retrained,0.5,42,15,0.10810810810810811,0.9933774834437086,0.6237006237006237,0.7662835249042146,0.10526315789473684,0.8947368421052632,1.0,7.0,0.0,3.0,1.2,5.0,5.0,0.0
tep,Variance,method_retrained,0.5,42,16,0.3866943866943867,0.9966167230546158,0.8573804573804574,0.9217702279839071,0.07368421052631578,0.9263157894736842,1.0,5.2,2.0,4.0,1.6,5.0,5.0,0.0
tep,Variance,method_retrained,0.5,42,17,0.8133056133056134,0.9946784922394678,0.9326403326403326,0.9626609442060086,0.12631578947368421,0.8736842105263158,1.0,8.0,5.0,4.0,1.6,5.0,5.0,0.0
tep,Variance,method_retrained,0.5,42,18,0.8158004158004158,0.9960070984915705,0.9334719334719335,0.9637261214852972,0.09473684210526316,0.9052631578947369,1.0,2.4,3.0,5.0,2.0,5.0,5.0,0.0
tep,Variance,method_retrained,0.5,42,19,0.4673596673596674,0.9960861056751468,0.8465696465696466,0.9152618565969881,0.08421052631578947,0.9157894736842105,1.0,2.2,1.0,4.0,1.6,5.0,5.0,0.0
tep,Variance,method_retrained,0.5,42,20,0.651975051975052,0.9953938277291571,0.8985446985446985,0.944493006993007,0.10526315789473684,0.8947368421052632,1.0,5.0,2.0,5.0,2.0,5.0,5.0,0.0
tep,Variance,fixed_full_data,0.5,42,1,0.9796257796257797,0.9856144677353063,0.9970893970893971,0.9913187267465895,0.3684210526315789,0.631578947368421,1.0,0.2,0.0,8.0,3.2,5.0,5.0,0.0
tep,Variance,fixed_full_data,0.5,42,2,0.9700623700623701,0.9835931091058244,0.9970893970893971,0.9902952715259137,0.42105263157894735,0.5789473684210527,1.0,0.6,0.0,12.0,4.8,5.0,5.0,0.0
tep,Variance,fixed_full_data,0.5,42,3,0.08108108108108109,0.9816636851520573,0.9126819126819127,0.9459168282697694,0.43157894736842106,0.5684210526315789,1.0,0.0,0.0,18.0,7.2,5.0,5.0,0.0
tep,Variance,fixed_full_data,0.5,42,4,0.9584199584199584,0.9864532019704434,0.9991683991683992,0.992770088824623,0.3473684210526316,0.6526315789473685,1.0,0.4,0.0,21.0,8.4,5.0,5.0,0.0
tep,Variance,fixed_full_data,0.5,42,5,0.8365904365904366,0.983127572016461,0.9933471933471933,0.9882109617373319,0.43157894736842106,0.5684210526315789,1.0,0.0,0.0,9.0,3.6,5.0,5.0,0.0
tep,Variance,fixed_full_data,0.5,42,6,0.9975051975051975,0.9824346405228758,1.0,0.9911395013393777,0.45263157894736844,0.5473684210526316,1.0,0.0,0.0,13.0,5.2,5.0,5.0,0.0
tep,Variance,fixed_full_data,0.5,42,7,0.995010395010395,0.984036021285305,0.9995841995841996,0.9917491749174917,0.4105263157894737,0.5894736842105263,1.0,0.2,0.0,15.0,6.0,5.0,5.0,0.0
tep,Variance,fixed_full_data,0.5,42,8,0.8045738045738046,0.9835051546391752,0.9916839916839917,0.9875776397515528,0.42105263157894735,0.5789473684210527,1.0,0.2,0.0,12.0,4.8,5.0,5.0,0.0
tep,Variance,fixed_full_data,0.5,42,9,0.13014553014553015,0.982573726541555,0.9143451143451143,0.9472323928494508,0.4105263157894737,0.5894736842105263,1.0,0.2,0.0,12.0,4.8,5.0,5.0,0.0
tep,Variance,fixed_full_data,0.5,42,10,0.6237006237006237,0.9871101871101872,0.9871101871101872,0.9871101871101872,0.3263157894736842,0.6736842105263158,1.0,0.0,0.0,13.0,5.2,5.0,5.0,0.0
tep,Variance,fixed_full_data,0.5,42,11,0.7114345114345114,0.9817805383022774,0.9858627858627859,0.9838174273858921,0.4631578947368421,0.5368421052631579,1.0,0.4,0.0,7.0,2.8,5.0,5.0,0.0
tep,Variance,fixed_full_data,0.5,42,12,0.716008316008316,0.9852277390233894,0.9983367983367983,0.9917389508467576,0.37894736842105264,0.6210526315789474,1.0,0.2,0.0,11.0,4.4,5.0,5.0,0.0
tep,Variance,fixed_full_data,0.5,42,13,0.7118503118503119,0.9826014913007457,0.9862785862785863,0.9844366051047935,0.4421052631578947,0.5578947368421052,1.0,0.2,0.0,13.0,5.2,5.0,5.0,0.0
tep,Variance,fixed_full_data,0.5,42,14,0.9380457380457381,0.982420278004906,0.9991683991683992,0.9907235621521335,0.45263157894736844,0.5473684210526316,1.0,0.0,0.0,12.0,4.8,5.0,5.0,0.0
tep,Variance,fixed_full_data,0.5,42,15,0.1916839916839917,0.9784710017574693,0.925987525987526,0.9515060884426405,0.5157894736842106,0.4842105263157895,1.0,0.4,0.0,16.0,6.4,5.0,5.0,0.0
tep,Variance,fixed_full_data,0.5,42,16,0.5351351351351351,0.9882352941176471,0.977962577962578,0.9830721003134796,0.29473684210526313,0.7052631578947368,1.0,0.0,0.0,12.0,4.8,5.0,5.0,0.0
tep,Variance,fixed_full_data,0.5,42,17,0.7958419958419959,0.9805060141020323,0.982952182952183,0.9817275747508306,0.49473684210526314,0.5052631578947369,1.0,0.0,0.0,12.0,4.8,5.0,5.0,0.0
tep,Variance,fixed_full_data,0.5,42,18,0.8278586278586278,0.9849498327759197,0.9796257796257797,0.9822805920366896,0.37894736842105264,0.6210526315789474,1.0,0.8,0.0,16.0,6.4,5.0,5.0,0.0
tep,Variance,fixed_full_data,0.5,42,19,0.6694386694386695,0.9838107098381071,0.9854469854469855,0.9846281678437889,0.4105263157894737,0.5894736842105263,1.0,0.0,0.0,16.0,6.4,5.0,5.0,0.0
tep,Variance,fixed_full_data,0.5,42,20,0.7047817047817048,0.9793303017775941,0.985031185031185,0.9821724709784412,0.5263157894736842,0.47368421052631576,1.0,0.2,0.0,10.0,4.0,5.0,5.0,0.0
tep,Threshold,method_retrained,0.5,42,1,0.9796257796257797,0.9979105725031342,0.992931392931393,0.9954147561483951,0.05263157894736842,0.9473684210526315,1.0,2.4,2.0,2.0,0.8,5.0,5.0,0.0
tep,Threshold,method_retrained,0.5,42,2,0.9700623700623701,0.9983115238497257,0.9833679833679834,0.9907834101382489,0.042105263157894736,0.9578947368421052,1.0,4.2,3.0,3.0,1.2,5.0,5.0,0.0
tep,Threshold,method_retrained,0.5,42,3,0.1264033264033264,0.9908186687069626,0.5384615384615384,0.6977370689655172,0.12631578947368421,0.8736842105263158,1.0,8.0,2.0,5.0,2.0,5.0,5.0,0.0
tep,Threshold,method_retrained,0.5,42,4,0.9721413721413722,0.9987520798668885,0.9983367983367983,0.9985443959243085,0.031578947368421054,0.968421052631579,1.0,0.8,1.0,2.0,0.8,5.0,5.0,0.0
tep,Threshold,method_retrained,0.5,42,5,0.651975051975052,0.9960369881109643,0.9405405405405406,0.9674935842600513,0.09473684210526316,0.9052631578947369,1.0,1.2,1.0,3.0,1.2,5.0,5.0,0.0
tep,Threshold,method_retrained,0.5,42,6,0.9975051975051975,0.9962655601659751,0.9983367983367983,0.99730010384216,0.09473684210526316,0.9052631578947369,1.0,0.8,1.0,1.0,0.4,5.0,5.0,0.0
tep,Threshold,method_retrained,0.5,42,7,0.9941787941787942,0.9966777408637874,0.997920997920998,0.9972989819239559,0.08421052631578947,0.9157894736842105,1.0,0.8,1.0,3.0,1.2,5.0,5.0,0.0
tep,Threshold,method_retrained,0.5,42,8,0.7467775467775468,0.9969749351771824,0.9592515592515592,0.9777495232040686,0.07368421052631578,0.9263157894736842,1.0,7.2,1.0,1.0,0.4,5.0,5.0,0.0
tep,Threshold,method_retrained,0.5,42,9,0.1155925155925156,0.9943820224719101,0.5887733887733888,0.739618699399321,0.08421052631578947,0.9157894736842105,1.0,6.8,3.0,2.0,0.8,5.0,5.0,0.0
tep,Threshold,method_retrained,0.5,42,10,0.36632016632016634,0.9980861244019139,0.8673596673596674,0.9281423804226919,0.042105263157894736,0.9578947368421052,1.0,9.0,9.0,2.0,0.8,5.0,5.0,0.0
tep,Threshold,method_retrained,0.5,42,11,0.6565488565488565,0.9959276018099548,0.9151767151767152,0.9538461538461539,0.09473684210526316,0.9052631578947369,1.0,4.2,2.0,3.0,1.2,5.0,5.0,0.0
tep,Threshold,method_retrained,0.5,42,12,0.7451143451143452,0.9991557619248628,0.9841995841995842,0.9916212819438626,0.021052631578947368,0.9789473684210527,1.0,4.0,3.0,2.0,0.8,5.0,5.0,0.0
tep,Threshold,method_retrained,0.5,42,13,0.6382536382536382,0.9969418960244648,0.9488565488565489,0.9723050703025139,0.07368421052631578,0.9263157894736842,1.0,6.2,3.0,2.0,0.8,5.0,5.0,0.0
tep,Threshold,method_retrained,0.5,42,14,0.9617463617463617,0.9979184013322231,0.9966735966735967,0.9972956105679218,0.05263157894736842,0.9473684210526315,1.0,1.6,2.0,2.0,0.8,5.0,5.0,0.0
tep,Threshold,method_retrained,0.5,42,15,0.12390852390852392,0.9950980392156863,0.5908523908523908,0.7414557787633708,0.07368421052631578,0.9263157894736842,1.0,8.0,2.0,4.0,1.6,5.0,5.0,0.0
tep,Threshold,method_retrained,0.5,42,16,0.2972972972972973,0.9952431289640592,0.7829521829521829,0.8764254130788922,0.09473684210526316,0.9052631578947369,1.0,6.6,5.0,2.0,0.8,5.0,5.0,0.0
tep,Threshold,method_retrained,0.5,42,17,0.6948024948024948,0.9960176991150442,0.935966735966736,0.965058949624866,0.09473684210526316,0.9052631578947369,1.0,8.0,2.0,3.0,1.2,5.0,5.0,0.0
tep,Threshold,method_retrained,0.5,42,18,0.7588357588357588,0.9977179370150616,0.908939708939709,0.9512619669277633,0.05263157894736842,0.9473684210526315,1.0,5.0,2.0,2.0,0.8,5.0,5.0,0.0
tep,Threshold,method_retrained,0.5,42,19,0.43534303534303537,0.9967585089141004,0.7671517671517671,0.8670112781954887,0.06315789473684211,0.9368421052631579,1.0,2.2,1.0,1.0,0.4,5.0,5.0,0.0
tep,Threshold,method_retrained,0.5,42,20,0.7355509355509355,0.9986382206082615,0.9147609147609148,0.9548611111111112,0.031578947368421054,0.968421052631579,1.0,8.6,10.0,3.0,1.2,5.0,5.0,0.0
tep,Threshold,fixed_full_data,0.5,42,1,0.9787941787941788,0.9856144677353063,0.9970893970893971,0.9913187267465895,0.3684210526315789,0.631578947368421,1.0,0.2,0.0,8.0,3.2,5.0,5.0,0.0
tep,Threshold,fixed_full_data,0.5,42,2,0.9700623700623701,0.9835931091058244,0.9970893970893971,0.9902952715259137,0.42105263157894735,0.5789473684210527,1.0,0.6,0.0,12.0,4.8,5.0,5.0,0.0
tep,Threshold,fixed_full_data,0.5,42,3,0.07151767151767152,0.9820333041191937,0.9318087318087318,0.9562620012801365,0.43157894736842106,0.5684210526315789,1.0,0.0,0.0,18.0,7.2,5.0,5.0,0.0
tep,Threshold,fixed_full_data,0.5,42,4,0.9708939708939709,0.9864532019704434,0.9991683991683992,0.992770088824623,0.3473684210526316,0.6526315789473685,1.0,0.4,0.0,21.0,8.4,5.0,5.0,0.0
tep,Threshold,fixed_full_data,0.5,42,5,0.8224532224532225,0.9832104832104832,0.9983367983367983,0.990715906746441,0.43157894736842106,0.5684210526315789,1.0,0.0,0.0,9.0,3.6,5.0,5.0,0.0
tep,Threshold,fixed_full_data,0.5,42,6,0.9975051975051975,0.9824346405228758,1.0,0.9911395013393777,0.45263157894736844,0.5473684210526316,1.0,0.0,0.0,13.0,5.2,5.0,5.0,0.0
tep,Threshold,fixed_full_data,0.5,42,7,0.9941787941787942,0.984036021285305,0.9995841995841996,0.9917491749174917,0.4105263157894737,0.5894736842105263,1.0,0.2,0.0,15.0,6.0,5.0,5.0,0.0
tep,Threshold,fixed_full_data,0.5,42,8,0.8382536382536383,0.9835187474248043,0.9925155925155925,0.9879966887417219,0.42105263157894735,0.5789473684210527,1.0,0.2,0.0,12.0,4.8,5.0,5.0,0.0
tep,Threshold,fixed_full_data,0.5,42,9,0.10353430353430354,0.9827814569536424,0.9255717255717256,0.9533190578158458,0.4105263157894737,0.5894736842105263,1.0,0.2,0.0,12.0,4.8,5.0,5.0,0.0
tep,Threshold,fixed_full_data,0.5,42,10,0.5617463617463617,0.9871262458471761,0.9883575883575884,0.9877415333471847,0.3263157894736842,0.6736842105263158,1.0,0.0,0.0,13.0,5.2,5.0,5.0,0.0
tep,Threshold,fixed_full_data,0.5,42,11,0.7293139293139294,0.9818406933553446,0.9891891891891892,0.9855012427506213,0.4631578947368421,0.5368421052631579,1.0,0.4,0.0,7.0,2.8,5.0,5.0,0.0
tep,Threshold,fixed_full_data,0.5,42,12,0.6232848232848233,0.9852277390233894,0.9983367983367983,0.9917389508467576,0.37894736842105264,0.6210526315789474,1.0,0.2,0.0,11.0,4.4,5.0,5.0,0.0
tep,Threshold,fixed_full_data,0.5,42,13,0.7185031185031185,0.9826589595375722,0.9896049896049897,0.9861197431116635,0.4421052631578947,0.5578947368421052,1.0,0.2,0.0,13.0,5.2,5.0,5.0,0.0
tep,Threshold,fixed_full_data,0.5,42,14,0.8860706860706861,0.982420278004906,0.9991683991683992,0.9907235621521335,0.45263157894736844,0.5473684210526316,1.0,0.0,0.0,12.0,4.8,5.0,5.0,0.0
tep,Threshold,fixed_full_data,0.5,42,15,0.17172557172557174,0.9785932721712538,0.9313929313929314,0.9544098849595228,0.5157894736842106,0.4842105263157895,1.0,0.4,0.0,16.0,6.4,5.0,5.0,0.0
tep,Threshold,fixed_full_data,0.5,42,16,0.5155925155925156,0.9882303488860866,0.9775467775467775,0.9828595317725752,0.29473684210526313,0.7052631578947368,1.0,0.0,0.0,12.0,4.8,5.0,5.0,0.0
tep,Threshold,fixed_full_data,0.5,42,17,0.6457380457380457,0.9805221715706589,0.9837837837837838,0.9821502698215027,0.49473684210526314,0.5052631578947369,1.0,0.0,0.0,12.0,4.8,5.0,5.0,0.0
tep,Threshold,fixed_full_data,0.5,42,18,0.765904365904366,0.9849561220225658,0.98004158004158,0.9824927052938724,0.37894736842105264,0.6210526315789474,1.0,0.8,0.0,16.0,6.4,5.0,5.0,0.0
tep,Threshold,fixed_full_data,0.5,42,19,0.6760914760914761,0.9838174273858921,0.9858627858627859,0.9848390446521288,0.4105263157894737,0.5894736842105263,1.0,0.0,0.0,16.0,6.4,5.0,5.0,0.0
tep,Threshold,fixed_full_data,0.5,42,20,0.7542619542619543,0.9793131981795614,0.9841995841995842,0.981750311074243,0.5263157894736842,0.47368421052631576,1.0,0.2,0.0,10.0,4.0,5.0,5.0,0.0
tep,Uniform,method_retrained,0.5,42,1,0.9783783783783784,0.9958368026644463,0.9945945945945946,0.9952153110047847,0.10526315789473684,0.8947368421052632,1.0,1.0,0.0,4.0,1.6,5.0,5.0,0.0
tep,Uniform,method_retrained,0.5,42,2,0.9708939708939709,0.9932829554995802,0.9837837837837838,0.9885105494046376,0.16842105263157894,0.8315789473684211,1.0,2.8,2.0,6.0,2.4,5.0,5.0,0.0
tep,Uniform,method_retrained,0.5,42,3,0.17006237006237007,0.993142144638404,0.6623700623700624,0.7947118982289848,0.11578947368421053,0.8842105263157894,1.0,5.0,1.0,6.0,2.4,5.0,5.0,0.0
tep,Uniform,method_retrained,0.5,42,4,0.9746361746361747,0.9975062344139651,0.997920997920998,0.9977135730617335,0.06315789473684211,0.9368421052631579,1.0,1.0,1.0,3.0,1.2,5.0,5.0,0.0
tep,Uniform,method_retrained,0.5,42,5,0.7588357588357588,0.9955888839876489,0.9384615384615385,0.966181506849315,0.10526315789473684,0.8947368421052632,1.0,1.2,2.0,5.0,2.0,5.0,5.0,0.0
tep,Uniform,method_retrained,0.5,42,6,0.9975051975051975,0.9966804979253112,0.9987525987525988,0.9977154724818276,0.08421052631578947,0.9157894736842105,1.0,0.6,1.0,3.0,1.2,5.0,5.0,0.0
tep,Uniform,method_retrained,0.5,42,7,0.995010395010395,0.9950289975144988,0.9987525987525988,0.9968873210209587,0.12631578947368421,0.8736842105263158,1.0,0.6,1.0,6.0,2.4,5.0,5.0,0.0
tep,Uniform,method_retrained,0.5,42,8,0.812058212058212,0.9953111679454391,0.9708939708939709,0.9829509576931172,0.11578947368421053,0.8842105263157894,1.0,3.2,5.0,2.0,0.8,5.0,5.0,0.0
tep,Uniform,method_retrained,0.5,42,9,0.1521829521829522,0.992467043314501,0.6573804573804574,0.7908954477238619,0.12631578947368421,0.8736842105263158,1.0,2.2,2.0,6.0,2.4,5.0,5.0,0.0
tep,Uniform,method_retrained,0.5,42,10,0.6515592515592515,0.9986636971046771,0.9322245322245323,0.9643010752688173,0.031578947368421054,0.968421052631579,1.0,0.8,1.0,3.0,1.2,5.0,5.0,0.0
tep,Uniform,method_retrained,0.5,42,11,0.6893970893970894,0.9945872801082544,0.9168399168399168,0.9541324102120294,0.12631578947368421,0.8736842105263158,1.0,5.6,6.0,5.0,2.0,5.0,5.0,0.0
tep,Uniform,method_retrained,0.5,42,12,0.7758835758835759,0.994964330675619,0.9858627858627859,0.9903926482873852,0.12631578947368421,0.8736842105263158,1.0,1.6,1.0,4.0,1.6,5.0,5.0,0.0
tep,Uniform,method_retrained,0.5,42,13,0.7114345114345114,0.9940425531914894,0.9713097713097714,0.9825446898002103,0.14736842105263157,0.8526315789473684,1.0,5.4,3.0,9.0,3.6,5.0,5.0,0.0
tep,Uniform,method_retrained,0.5,42,14,0.9546777546777547,0.9962593516209476,0.9966735966735967,0.9964664310954063,0.09473684210526316,0.9052631578947369,1.0,1.6,2.0,5.0,2.0,5.0,5.0,0.0
tep,Uniform,method_retrained,0.5,42,15,0.16715176715176716,0.9901477832512315,0.6686070686070686,0.7982129560685034,0.16842105263157894,0.8315789473684211,1.0,3.4,1.0,4.0,1.6,5.0,5.0,0.0
tep,Uniform,method_retrained,0.5,42,16,0.5467775467775468,0.9944444444444445,0.8931392931392932,0.9410733844468784,0.12631578947368421,0.8736842105263158,1.0,4.4,3.0,4.0,1.6,5.0,5.0,0.0
tep,Uniform,method_retrained,0.5,42,17,0.8274428274428275,0.9943305713039686,0.9480249480249481,0.9706257982120051,0.1368421052631579,0.8631578947368421,1.0,1.8,2.0,5.0,2.0,5.0,5.0,0.0
tep,Uniform,method_retrained,0.5,42,18,0.8266112266112267,0.9960698689956332,0.9484407484407484,0.9716719914802981,0.09473684210526316,0.9052631578947369,1.0,1.2,0.0,6.0,2.4,5.0,5.0,0.0
tep,Uniform,method_retrained,0.5,42,19,0.6232848232848233,0.9954233409610984,0.9043659043659044,0.9477124183006536,0.10526315789473684,0.8947368421052632,1.0,1.2,1.0,5.0,2.0,5.0,5.0,0.0
tep,Uniform,method_retrained,0.5,42,20,0.659043659043659,0.9935809261806511,0.901039501039501,0.9450501526384649,0.14736842105263157,0.8526315789473684,1.0,1.0,0.0,5.0,2.0,5.0,5.0,0.0
tep,Uniform,fixed_full_data,0.5,42,1,0.9796257796257797,0.9856144677353063,0.9970893970893971,0.9913187267465895,0.3684210526315789,0.631578947368421,1.0,0.2,0.0,8.0,3.2,5.0,5.0,0.0
tep,Uniform,fixed_full_data,0.5,42,2,0.9700623700623701,0.9835931091058244,0.9970893970893971,0.9902952715259137,0.42105263157894735,0.5789473684210527,1.0,0.6,0.0,12.0,4.8,5.0,5.0,0.0
tep,Uniform,fixed_full_data,0.5,42,3,0.12141372141372142,0.9815481548154815,0.9068607068607069,0.942727469202507,0.43157894736842106,0.5684210526315789,1.0,0.0,0.0,18.0,7.2,5.0,5.0,0.0
tep,Uniform,fixed_full_data,0.5,42,4,0.9704781704781705,0.9864532019704434,0.9991683991683992,0.992770088824623,0.3473684210526316,0.6526315789473685,1.0,0.4,0.0,21.0,8.4,5.0,5.0,0.0
tep,Uniform,fixed_full_data,0.5,42,5,0.8503118503118503,0.9830648492358529,0.9896049896049897,0.9863240779113137,0.43157894736842106,0.5684210526315789,1.0,0.0,0.0,9.0,3.6,5.0,5.0,0.0
tep,Uniform,fixed_full_data,0.5,42,6,0.9975051975051975,0.9824346405228758,1.0,0.9911395013393777,0.45263157894736844,0.5473684210526316,1.0,0.0,0.0,13.0,5.2,5.0,5.0,0.0
tep,Uniform,fixed_full_data,0.5,42,7,0.995010395010395,0.984036021285305,0.9995841995841996,0.9917491749174917,0.4105263157894737,0.5894736842105263,1.0,0.2,0.0,15.0,6.0,5.0,5.0,0.0
tep,Uniform,fixed_full_data,0.5,42,8,0.8108108108108109,0.9834915394139496,0.9908523908523909,0.9871582435791217,0.42105263157894735,0.5789473684210527,1.0,0.2,0.0,12.0,4.8,5.0,5.0,0.0
tep,Uniform,fixed_full_data,0.5,42,9,0.2153846153846154,0.9822646657571623,0.8981288981288982,0.9383145091225021,0.4105263157894737,0.5894736842105263,1.0,0.2,0.0,12.0,4.8,5.0,5.0,0.0
tep,Uniform,fixed_full_data,0.5,42,10,0.6715176715176715,0.9870401337792643,0.9817047817047817,0.9843652282676673,0.3263157894736842,0.6736842105263158,1.0,0.0,0.0,13.0,5.2,5.0,5.0,0.0
tep,Uniform,fixed_full_data,0.5,42,11,0.7185031185031185,0.9816743023740109,0.98004158004158,0.9808572617561382,0.4631578947368421,0.5368421052631579,1.0,0.4,0.0,7.0,2.8,5.0,5.0,0.0
tep,Uniform,fixed_full_data,0.5,42,12,0.7567567567567568,0.9852277390233894,0.9983367983367983,0.9917389508467576,0.37894736842105264,0.6210526315789474,1.0,0.2,0.0,11.0,4.4,5.0,5.0,0.0
tep,Uniform,fixed_full_data,0.5,42,13,0.7130977130977131,0.9826446280991735,0.9887733887733888,0.985699481865285,0.4421052631578947,0.5578947368421052,1.0,0.2,0.0,13.0,5.2,5.0,5.0,0.0
tep,Uniform,fixed_full_data,0.5,42,14,0.7064449064449064,0.982420278004906,0.9991683991683992,0.9907235621521335,0.45263157894736844,0.5473684210526316,1.0,0.0,0.0,12.0,4.8,5.0,5.0,0.0
tep,Uniform,fixed_full_data,0.5,42,15,0.2648648648648649,0.9779775280898877,0.9047817047817048,0.9399568034557235,0.5157894736842106,0.4842105263157895,1.0,0.4,0.0,16.0,6.4,5.0,5.0,0.0
tep,Uniform,fixed_full_data,0.5,42,16,0.5896049896049896,0.9882451721242653,0.9787941787941788,0.9834969709630249,0.29473684210526313,0.7052631578947368,1.0,0.0,0.0,12.0,4.8,5.0,5.0,0.0
tep,Uniform,fixed_full_data,0.5,42,17,0.8266112266112267,0.9804979253112033,0.9825363825363825,0.9815160955347871,0.49473684210526314,0.5052631578947369,1.0,0.0,0.0,12.0,4.8,5.0,5.0,0.0
tep,Uniform,fixed_full_data,0.5,42,18,0.8382536382536383,0.9849498327759197,0.9796257796257797,0.9822805920366896,0.37894736842105264,0.6210526315789474,1.0,0.8,0.0,16.0,6.4,5.0,5.0,0.0
tep,Uniform,fixed_full_data,0.5,42,19,0.6760914760914761,0.9837567680133278,0.9821205821205822,0.9829379941739492,0.4105263157894737,0.5894736842105263,1.0,0.0,0.0,16.0,6.4,5.0,5.0,0.0
tep,Uniform,fixed_full_data,0.5,42,20,0.6906444906444906,0.9792272538429581,0.98004158004158,0.9796342477140482,0.5263157894736842,0.47368421052631576,1.0,0.2,0.0,10.0,4.0,5.0,5.0,0.0
tep,Full Data,method_retrained,1.0,42,1,0.9866943866943867,0.9856380796060731,0.9987525987525988,0.9921520033044197,0.3684210526315789,0.631578947368421,1.0,0.6,0.0,12.0,4.8,5.0,5.0,0.0
tep,Full Data,method_retrained,1.0,42,2,0.9746361746361747,0.98559670781893,0.9958419958419958,0.9906928645294726,0.3684210526315789,0.631578947368421,1.0,0.4,0.0,12.0,4.8,5.0,5.0,0.0
tep,Full Data,method_retrained,1.0,42,3,0.15592515592515593,0.9840401276789785,0.8972972972972973,0.9386689865158765,0.3684210526315789,0.631578947368421,1.0,0.4,0.0,12.0,4.8,5.0,5.0,0.0
tep,Full Data,method_retrained,1.0,42,4,0.9762993762993764,0.985649856498565,0.9995841995841996,0.9925681255161024,0.3684210526315789,0.631578947368421,1.0,0.2,0.0,12.0,4.8,5.0,5.0,0.0
tep,Full Data,method_retrained,1.0,42,5,0.9147609147609148,0.9855907780979827,0.9954261954261955,0.9904840711625983,0.3684210526315789,0.631578947368421,1.0,0.2,0.0,12.0,4.8,5.0,5.0,0.0
tep,Full Data,method_retrained,1.0,42,6,0.997920997920998,0.985649856498565,0.9995841995841996,0.9925681255161024,0.3684210526315789,0.631578947368421,1.0,0.2,0.0,12.0,4.8,5.0,5.0,0.0
tep,Full Data,method_retrained,1.0,42,7,0.997920997920998,0.985649856498565,0.9995841995841996,0.9925681255161024,0.3684210526315789,0.631578947368421,1.0,0.2,0.0,12.0,4.8,5.0,5.0,0.0
tep,Full Data,method_retrained,1.0,42,8,0.814968814968815,0.9855132450331126,0.99002079002079,0.9877618751296412,0.3684210526315789,0.631578947368421,1.0,0.4,0.0,12.0,4.8,5.0,5.0,0.0
tep,Full Data,method_retrained,1.0,42,9,0.23783783783783785,0.9840328467153284,0.8968814968814969,0.9384381118120514,0.3684210526315789,0.631578947368421,1.0,0.4,0.0,12.0,4.8,5.0,5.0,0.0
tep,Full Data,method_retrained,1.0,42,10,0.7147609147609147,0.9853801169590644,0.9808731808731809,0.9831214836424255,0.3684210526315789,0.631578947368421,1.0,0.4,0.0,12.0,4.8,5.0,5.0,0.0
tep,Full Data,method_retrained,1.0,42,11,0.7276507276507277,0.9853923205342237,0.9817047817047817,0.9835450947719225,0.3684210526315789,0.631578947368421,1.0,0.4,0.0,12.0,4.8,5.0,5.0,0.0
tep,Full Data,method_retrained,1.0,42,12,0.7958419958419959,0.985608552631579,0.9966735966735967,0.9911101922679346,0.3684210526315789,0.631578947368421,1.0,0.4,0.0,12.0,4.8,5.0,5.0,0.0
tep,Full Data,method_retrained,1.0,42,13,0.7172557172557172,0.9855431639818257,0.9920997920997922,0.9888106092001657,0.3684210526315789,0.631578947368421,1.0,0.4,0.0,12.0,4.8,5.0,5.0,0.0
tep,Full Data,method_retrained,1.0,42,14,0.9592515592515592,0.9856439704675964,0.9991683991683992,0.992360107371464,0.3684210526315789,0.631578947368421,1.0,0.2,0.0,12.0,4.8,5.0,5.0,0.0
tep,Full Data,method_retrained,1.0,42,15,0.3330561330561331,0.9837737598516458,0.8823284823284824,0.9302937308198159,0.3684210526315789,0.631578947368421,1.0,0.4,0.0,12.0,4.8,5.0,5.0,0.0
tep,Full Data,method_retrained,1.0,42,16,0.6324324324324324,0.9852817493692179,0.9742203742203742,0.9797198411039096,0.3684210526315789,0.631578947368421,1.0,0.4,0.0,12.0,4.8,5.0,5.0,0.0
tep,Full Data,method_retrained,1.0,42,17,0.8644490644490644,0.9853862212943633,0.9812889812889813,0.9833333333333333,0.3684210526315789,0.631578947368421,1.0,0.4,0.0,12.0,4.8,5.0,5.0,0.0
tep,Full Data,method_retrained,1.0,42,18,0.8411642411642412,0.9854166666666667,0.9833679833679834,0.9843912591050988,0.3684210526315789,0.631578947368421,1.0,0.4,0.0,12.0,4.8,5.0,5.0,0.0
tep,Full Data,method_retrained,1.0,42,19,0.8,0.9854711498547115,0.9871101871101872,0.9862899875363523,0.3684210526315789,0.631578947368421,1.0,0.4,0.0,12.0,4.8,5.0,5.0,0.0
tep,Full Data,method_retrained,1.0,42,20,0.6981288981288981,0.9851757729775519,0.9671517671517672,0.9760805707091901,0.3684210526315789,0.631578947368421,1.0,0.4,0.0,12.0,4.8,5.0,5.0,0.0
tep,Full Data,fixed_full_data,1.0,42,1,0.9866943866943867,0.9856380796060731,0.9987525987525988,0.9921520033044197,0.3684210526315789,0.631578947368421,1.0,0.6,0.0,12.0,4.8,5.0,5.0,0.0
tep,Full Data,fixed_full_data,1.0,42,2,0.9746361746361747,0.98559670781893,0.9958419958419958,0.9906928645294726,0.3684210526315789,0.631578947368421,1.0,0.4,0.0,12.0,4.8,5.0,5.0,0.0
tep,Full Data,fixed_full_data,1.0,42,3,0.15592515592515593,0.9840401276789785,0.8972972972972973,0.9386689865158765,0.3684210526315789,0.631578947368421,1.0,0.4,0.0,12.0,4.8,5.0,5.0,0.0
tep,Full Data,fixed_full_data,1.0,42,4,0.9762993762993764,0.985649856498565,0.9995841995841996,0.9925681255161024,0.3684210526315789,0.631578947368421,1.0,0.2,0.0,12.0,4.8,5.0,5.0,0.0
tep,Full Data,fixed_full_data,1.0,42,5,0.9147609147609148,0.9855907780979827,0.9954261954261955,0.9904840711625983,0.3684210526315789,0.631578947368421,1.0,0.2,0.0,12.0,4.8,5.0,5.0,0.0
tep,Full Data,fixed_full_data,1.0,42,6,0.997920997920998,0.985649856498565,0.9995841995841996,0.9925681255161024,0.3684210526315789,0.631578947368421,1.0,0.2,0.0,12.0,4.8,5.0,5.0,0.0
tep,Full Data,fixed_full_data,1.0,42,7,0.997920997920998,0.985649856498565,0.9995841995841996,0.9925681255161024,0.3684210526315789,0.631578947368421,1.0,0.2,0.0,12.0,4.8,5.0,5.0,0.0
tep,Full Data,fixed_full_data,1.0,42,8,0.814968814968815,0.9855132450331126,0.99002079002079,0.9877618751296412,0.3684210526315789,0.631578947368421,1.0,0.4,0.0,12.0,4.8,5.0,5.0,0.0
tep,Full Data,fixed_full_data,1.0,42,9,0.23783783783783785,0.9840328467153284,0.8968814968814969,0.9384381118120514,0.3684210526315789,0.631578947368421,1.0,0.4,0.0,12.0,4.8,5.0,5.0,0.0
tep,Full Data,fixed_full_data,1.0,42,10,0.7147609147609147,0.9853801169590644,0.9808731808731809,0.9831214836424255,0.3684210526315789,0.631578947368421,1.0,0.4,0.0,12.0,4.8,5.0,5.0,0.0
tep,Full Data,fixed_full_data,1.0,42,11,0.7276507276507277,0.9853923205342237,0.9817047817047817,0.9835450947719225,0.3684210526315789,0.631578947368421,1.0,0.4,0.0,12.0,4.8,5.0,5.0,0.0
tep,Full Data,fixed_full_data,1.0,42,12,0.7958419958419959,0.985608552631579,0.9966735966735967,0.9911101922679346,0.3684210526315789,0.631578947368421,1.0,0.4,0.0,12.0,4.8,5.0,5.0,0.0
tep,Full Data,fixed_full_data,1.0,42,13,0.7172557172557172,0.9855431639818257,0.9920997920997922,0.9888106092001657,0.3684210526315789,0.631578947368421,1.0,0.4,0.0,12.0,4.8,5.0,5.0,0.0
tep,Full Data,fixed_full_data,1.0,42,14,0.9592515592515592,0.9856439704675964,0.9991683991683992,0.992360107371464,0.3684210526315789,0.631578947368421,1.0,0.2,0.0,12.0,4.8,5.0,5.0,0.0
tep,Full Data,fixed_full_data,1.0,42,15,0.3330561330561331,0.9837737598516458,0.8823284823284824,0.9302937308198159,0.3684210526315789,0.631578947368421,1.0,0.4,0.0,12.0,4.8,5.0,5.0,0.0
tep,Full Data,fixed_full_data,1.0,42,16,0.6324324324324324,0.9852817493692179,0.9742203742203742,0.9797198411039096,0.3684210526315789,0.631578947368421,1.0,0.4,0.0,12.0,4.8,5.0,5.0,0.0
tep,Full Data,fixed_full_data,1.0,42,17,0.8644490644490644,0.9853862212943633,0.9812889812889813,0.9833333333333333,0.3684210526315789,0.631578947368421,1.0,0.4,0.0,12.0,4.8,5.0,5.0,0.0
tep,Full Data,fixed_full_data,1.0,42,18,0.8411642411642412,0.9854166666666667,0.9833679833679834,0.9843912591050988,0.3684210526315789,0.631578947368421,1.0,0.4,0.0,12.0,4.8,5.0,5.0,0.0
tep,Full Data,fixed_full_data,1.0,42,19,0.8,0.9854711498547115,0.9871101871101872,0.9862899875363523,0.3684210526315789,0.631578947368421,1.0,0.4,0.0,12.0,4.8,5.0,5.0,0.0
tep,Full Data,fixed_full_data,1.0,42,20,0.6981288981288981,0.9851757729775519,0.9671517671517672,0.9760805707091901,0.3684210526315789,0.631578947368421,1.0,0.4,0.0,12.0,4.8,5.0,5.0,0.0
tep,PCA-Triage,method_retrained,0.5,123,1,0.9796257796257797,0.9983340274885465,0.9966735966735967,0.9975031210986267,0.042105263157894736,0.9578947368421052,1.0,0.0,0.0,3.0,1.2,5.0,5.0,0.0
tep,PCA-Triage,method_retrained,0.5,123,2,0.9667359667359667,0.9957947855340622,0.9846153846153847,0.9901735312565335,0.10526315789473684,0.8947368421052632,1.0,1.6,2.0,5.0,2.0,5.0,5.0,0.0
tep,PCA-Triage,method_retrained,0.5,123,3,0.17172557172557174,0.9949526813880126,0.6557172557172557,0.7904761904761904,0.08421052631578947,0.9157894736842105,1.0,4.6,3.0,8.0,3.2,5.0,5.0,0.0
tep,PCA-Triage,method_retrained,0.5,123,4,0.9725571725571726,0.997507270461155,0.9983367983367983,0.9979218620116376,0.06315789473684211,0.9368421052631579,1.0,0.8,1.0,3.0,1.2,5.0,5.0,0.0
tep,PCA-Triage,method_retrained,0.5,123,5,0.7089397089397089,0.9969257795344751,0.9438669438669439,0.9696710807347287,0.07368421052631578,0.9263157894736842,1.0,1.2,1.0,3.0,1.2,5.0,5.0,0.0
tep,PCA-Triage,method_retrained,0.5,123,6,0.9962577962577963,0.9975051975051975,0.9975051975051975,0.9975051975051975,0.06315789473684211,0.9368421052631579,1.0,1.2,1.0,4.0,1.6,5.0,5.0,0.0
tep,PCA-Triage,method_retrained,0.5,123,7,0.995010395010395,0.9970918155380141,0.997920997920998,0.9975062344139651,0.07368421052631578,0.9263157894736842,1.0,1.0,1.0,3.0,1.2,5.0,5.0,0.0
tep,PCA-Triage,method_retrained,0.5,123,8,0.7846153846153846,0.9953171562366965,0.9721413721413722,0.9835927639882205,0.11578947368421053,0.8842105263157894,1.0,3.6,0.0,4.0,1.6,5.0,5.0,0.0
tep,PCA-Triage,method_retrained,0.5,123,9,0.13471933471933473,0.9962429555416406,0.6615384615384615,0.7951024487756122,0.06315789473684211,0.9368421052631579,1.0,1.8,2.0,3.0,1.2,5.0,5.0,0.0
tep,PCA-Triage,method_retrained,0.5,123,10,0.5155925155925156,0.9972838388411046,0.916008316008316,0.9549198092761162,0.06315789473684211,0.9368421052631579,1.0,5.0,0.0,3.0,1.2,5.0,5.0,0.0
tep,PCA-Triage,method_retrained,0.5,123,11,0.7051975051975052,0.996467991169978,0.9384615384615385,0.9665952890792291,0.08421052631578947,0.9157894736842105,1.0,3.4,2.0,2.0,0.8,5.0,5.0,0.0
tep,PCA-Triage,method_retrained,0.5,123,12,0.7596673596673597,0.9949558638083228,0.9841995841995842,0.9895484949832776,0.12631578947368421,0.8736842105263158,1.0,3.0,3.0,6.0,2.4,5.0,5.0,0.0
tep,PCA-Triage,method_retrained,0.5,123,13,0.7018711018711019,0.9978476108480413,0.9638253638253639,0.9805414551607445,0.05263157894736842,0.9473684210526315,1.0,4.4,2.0,2.0,0.8,5.0,5.0,0.0
tep,PCA-Triage,method_retrained,0.5,123,14,0.9517671517671518,0.9975051975051975,0.9975051975051975,0.9975051975051975,0.06315789473684211,0.9368421052631579,1.0,1.2,1.0,4.0,1.6,5.0,5.0,0.0
tep,PCA-Triage,method_retrained,0.5,123,15,0.1264033264033264,0.9955835962145111,0.6561330561330562,0.7909774436090226,0.07368421052631578,0.9263157894736842,1.0,5.0,0.0,5.0,2.0,5.0,5.0,0.0
tep,PCA-Triage,method_retrained,0.5,123,16,0.35301455301455303,0.9965329370975731,0.8365904365904366,0.9095840867992767,0.07368421052631578,0.9263157894736842,1.0,4.4,1.0,5.0,2.0,5.0,5.0,0.0
tep,PCA-Triage,method_retrained,0.5,123,17,0.7904365904365904,0.9973969631236442,0.9559251559251559,0.9762208067940552,0.06315789473684211,0.9368421052631579,1.0,2.2,0.0,2.0,0.8,5.0,5.0,0.0
tep,PCA-Triage,method_retrained,0.5,123,18,0.8191268191268192,0.9952027911033581,0.9488565488565489,0.9714772243507875,0.11578947368421053,0.8842105263157894,1.0,2.8,3.0,5.0,2.0,5.0,5.0,0.0
tep,PCA-Triage,method_retrained,0.5,123,19,0.5343035343035343,0.9937439846005774,0.8586278586278586,0.921258086103056,0.1368421052631579,0.8631578947368421,1.0,0.6,0.0,6.0,2.4,5.0,5.0,0.0
tep,PCA-Triage,method_retrained,0.5,123,20,0.6582120582120582,0.9967801287948482,0.901039501039501,0.9464948678750819,0.07368421052631578,0.9263157894736842,1.0,2.8,3.0,3.0,1.2,5.0,5.0,0.0
tep,PCA-Triage,fixed_full_data,0.5,123,1,0.9808731808731809,0.9824346405228758,1.0,0.9911395013393777,0.45263157894736844,0.5473684210526316,1.0,0.0,0.0,12.0,4.8,5.0,5.0,0.0
tep,PCA-Triage,fixed_full_data,0.5,123,2,0.9696465696465697,0.9823770491803279,0.9966735966735967,0.9894736842105263,0.45263157894736844,0.5473684210526316,1.0,0.2,0.0,12.0,4.8,5.0,5.0,0.0
tep,PCA-Triage,fixed_full_data,0.5,123,3,0.08440748440748441,0.98014440433213,0.9031185031185032,0.9400562648777321,0.4631578947368421,0.5368421052631579,1.0,0.6,0.0,13.0,5.2,5.0,5.0,0.0
tep,PCA-Triage,fixed_full_data,0.5,123,4,0.9746361746361747,0.9820334830543079,1.0,0.9909353110836424,0.4631578947368421,0.5368421052631579,1.0,0.0,0.0,10.0,4.0,5.0,5.0,0.0
tep,PCA-Triage,fixed_full_data,0.5,123,5,0.8174636174636175,0.9859678085018572,0.9933471933471933,0.9896437448218725,0.35789473684210527,0.6421052631578947,1.0,0.0,0.0,14.0,5.6,5.0,5.0,0.0
tep,PCA-Triage,fixed_full_data,0.5,123,6,0.995010395010395,0.9824130879345603,0.9987525987525988,0.9905154639175258,0.45263157894736844,0.5473684210526316,1.0,0.2,0.0,15.0,6.0,5.0,5.0,0.0
tep,PCA-Triage,fixed_full_data,0.5,123,7,0.9945945945945946,0.9840425531914894,1.0,0.9919571045576407,0.4105263157894737,0.5894736842105263,1.0,0.0,0.0,14.0,5.6,5.0,5.0,0.0
tep,PCA-Triage,fixed_full_data,0.5,123,8,0.8174636174636175,0.9819004524886877,0.9925155925155925,0.9871794871794872,0.4631578947368421,0.5368421052631579,1.0,0.0,0.0,14.0,5.6,5.0,5.0,0.0
tep,PCA-Triage,fixed_full_data,0.5,123,9,0.1392931392931393,0.9821348816435909,0.9143451143451143,0.9470284237726099,0.42105263157894735,0.5789473684210527,1.0,0.2,0.0,14.0,5.6,5.0,5.0,0.0
tep,PCA-Triage,fixed_full_data,0.5,123,10,0.6345114345114345,0.981489099136158,0.9920997920997922,0.9867659222497932,0.47368421052631576,0.5263157894736842,1.0,0.2,0.0,16.0,6.4,5.0,5.0,0.0
tep,PCA-Triage,fixed_full_data,0.5,123,11,0.7293139293139294,0.9862270450751253,0.9825363825363825,0.9843782545303061,0.3473684210526316,0.6526315789473685,1.0,0.2,0.0,9.0,3.6,5.0,5.0,0.0
tep,PCA-Triage,fixed_full_data,0.5,123,12,0.7305613305613305,0.9831691297208539,0.9958419958419958,0.9894649865730221,0.43157894736842106,0.5684210526315789,1.0,0.0,0.0,14.0,5.6,5.0,5.0,0.0
tep,PCA-Triage,fixed_full_data,0.5,123,13,0.7272349272349272,0.9842258198422582,0.9858627858627859,0.9850436227669298,0.4,0.6,1.0,0.4,0.0,13.0,5.2,5.0,5.0,0.0
tep,PCA-Triage,fixed_full_data,0.5,123,14,0.9347193347193348,0.9848360655737705,0.9991683991683992,0.9919504643962849,0.3894736842105263,0.6105263157894737,1.0,0.2,0.0,13.0,5.2,5.0,5.0,0.0
tep,PCA-Triage,fixed_full_data,0.5,123,15,0.17422037422037423,0.9806131650135257,0.9043659043659044,0.9409474367293965,0.45263157894736844,0.5473684210526316,1.0,0.0,0.0,13.0,5.2,5.0,5.0,0.0
tep,PCA-Triage,fixed_full_data,0.5,123,16,0.5704781704781705,0.9815590947191953,0.9738045738045739,0.9776664579419745,0.4631578947368421,0.5368421052631579,1.0,0.2,0.0,17.0,6.8,5.0,5.0,0.0
tep,PCA-Triage,fixed_full_data,0.5,123,17,0.7488565488565488,0.9850187265917603,0.9841995841995842,0.9846089850249584,0.37894736842105264,0.6210526315789474,1.0,0.0,0.0,11.0,4.4,5.0,5.0,0.0
tep,PCA-Triage,fixed_full_data,0.5,123,18,0.8228690228690229,0.9850374064837906,0.9854469854469855,0.9852421533984619,0.37894736842105264,0.6210526315789474,1.0,0.2,0.0,10.0,4.0,5.0,5.0,0.0
tep,PCA-Triage,fixed_full_data,0.5,123,19,0.6598752598752599,0.9820907955018742,0.9804573804573805,0.9812734082397003,0.45263157894736844,0.5473684210526316,1.0,0.2,0.0,10.0,4.0,5.0,5.0,0.0
tep,PCA-Triage,fixed_full_data,0.5,123,20,0.7035343035343036,0.9858215179316097,0.982952182952183,0.9843847595252967,0.35789473684210527,0.6421052631578947,1.0,0.4,0.0,11.0,4.4,5.0,5.0,0.0
tep,Variance,method_retrained,0.5,123,1,0.9808731808731809,0.9966680549770929,0.995010395010395,0.9958385351643778,0.08421052631578947,0.9157894736842105,1.0,1.8,1.0,6.0,2.4,5.0,5.0,0.0
tep,Variance,method_retrained,0.5,123,2,0.9683991683991684,0.9970464135021097,0.9825363825363825,0.989738219895288,0.07368421052631578,0.9263157894736842,1.0,3.4,1.0,6.0,2.4,5.0,5.0,0.0
tep,Variance,method_retrained,0.5,123,3,0.1367983367983368,0.996757457846952,0.6390852390852391,0.7788193564732708,0.05263157894736842,0.9473684210526315,1.0,6.8,1.0,3.0,1.2,5.0,5.0,0.0
tep,Variance,method_retrained,0.5,123,4,0.9334719334719335,0.9966804979253112,0.9987525987525988,0.9977154724818276,0.08421052631578947,0.9157894736842105,1.0,0.6,1.0,5.0,2.0,5.0,5.0,0.0
tep,Variance,method_retrained,0.5,123,5,0.6906444906444906,0.9977992957746479,0.9426195426195426,0.9694248449861022,0.05263157894736842,0.9473684210526315,1.0,1.0,0.0,3.0,1.2,5.0,5.0,0.0
tep,Variance,method_retrained,0.5,123,6,0.9966735966735967,0.9983361064891847,0.997920997920998,0.9981285090455396,0.042105263157894736,0.9578947368421052,1.0,1.0,1.0,3.0,1.2,5.0,5.0,0.0
tep,Variance,method_retrained,0.5,123,7,0.9945945945945946,0.9962624584717608,0.9975051975051975,0.9968834406814876,0.09473684210526316,0.9052631578947369,1.0,1.2,1.0,5.0,2.0,5.0,5.0,0.0
tep,Variance,method_retrained,0.5,123,8,0.7713097713097713,0.994468085106383,0.9717255717255717,0.9829652996845426,0.1368421052631579,0.8631578947368421,1.0,0.6,0.0,4.0,1.6,5.0,5.0,0.0
tep,Variance,method_retrained,0.5,123,9,0.1338877338877339,0.9967018469656992,0.6282744282744283,0.7707217546544249,0.05263157894736842,0.9473684210526315,1.0,4.8,1.0,4.0,1.6,5.0,5.0,0.0
tep,Variance,method_retrained,0.5,123,10,0.5413721413721414,0.9967978042086002,0.906029106029106,0.9492485297320845,0.07368421052631578,0.9263157894736842,1.0,6.4,1.0,3.0,1.2,5.0,5.0,0.0
tep,Variance,method_retrained,0.5,123,11,0.7234927234927235,0.9977885891198585,0.9380457380457381,0.9669952850407201,0.05263157894736842,0.9473684210526315,1.0,2.8,2.0,3.0,1.2,5.0,5.0,0.0
tep,Variance,method_retrained,0.5,123,12,0.7496881496881497,0.9957788096243141,0.9808731808731809,0.9882697947214076,0.10526315789473684,0.8947368421052632,1.0,5.2,3.0,4.0,1.6,5.0,5.0,0.0
tep,Variance,method_retrained,0.5,123,13,0.7051975051975052,0.9991353220925205,0.9609147609147609,0.9796523950826621,0.021052631578947368,0.9789473684210527,1.0,3.4,2.0,2.0,0.8,5.0,5.0,0.0
tep,Variance,method_retrained,0.5,123,14,0.9534303534303534,0.997919267582189,0.9970893970893971,0.997504159733777,0.05263157894736842,0.9473684210526315,1.0,1.4,1.0,3.0,1.2,5.0,5.0,0.0
tep,Variance,method_retrained,0.5,123,15,0.13014553014553015,0.9955242966751918,0.6474012474012474,0.7845804988662132,0.07368421052631578,0.9263157894736842,1.0,6.6,1.0,4.0,1.6,5.0,5.0,0.0
tep,Variance,method_retrained,0.5,123,16,0.3700623700623701,0.995136186770428,0.8507276507276508,0.9172831203765972,0.10526315789473684,0.8947368421052632,1.0,6.4,3.0,6.0,2.4,5.0,5.0,0.0
tep,Variance,method_retrained,0.5,123,17,0.8286902286902287,0.9973799126637555,0.9496881496881497,0.9729499467518636,0.06315789473684211,0.9368421052631579,1.0,4.0,0.0,5.0,2.0,5.0,5.0,0.0
tep,Variance,method_retrained,0.5,123,18,0.814968814968815,0.9956178790534619,0.9446985446985448,0.9694900789417538,0.10526315789473684,0.8947368421052632,1.0,2.2,0.0,6.0,2.4,5.0,5.0,0.0
tep,Variance,method_retrained,0.5,123,19,0.5376299376299376,0.9966216216216216,0.8586278586278586,0.9224927406745589,0.07368421052631578,0.9263157894736842,1.0,1.6,1.0,4.0,1.6,5.0,5.0,0.0
tep,Variance,method_retrained,0.5,123,20,0.6523908523908524,0.9937679769894535,0.861954261954262,0.9231796927187709,0.1368421052631579,0.8631578947368421,1.0,5.0,2.0,5.0,2.0,5.0,5.0,0.0
tep,Variance,fixed_full_data,0.5,123,1,0.9808731808731809,0.9824346405228758,1.0,0.9911395013393777,0.45263157894736844,0.5473684210526316,1.0,0.0,0.0,12.0,4.8,5.0,5.0,0.0
tep,Variance,fixed_full_data,0.5,123,2,0.9696465696465697,0.9823770491803279,0.9966735966735967,0.9894736842105263,0.45263157894736844,0.5473684210526316,1.0,0.2,0.0,12.0,4.8,5.0,5.0,0.0
tep,Variance,fixed_full_data,0.5,123,3,0.07650727650727651,0.9804444444444445,0.9172557172557173,0.947798066595059,0.4631578947368421,0.5368421052631579,1.0,0.6,0.0,13.0,5.2,5.0,5.0,0.0
tep,Variance,fixed_full_data,0.5,123,4,0.9555093555093556,0.9820334830543079,1.0,0.9909353110836424,0.4631578947368421,0.5368421052631579,1.0,0.0,0.0,10.0,4.0,5.0,5.0,0.0
tep,Variance,fixed_full_data,0.5,123,5,0.8278586278586278,0.9859678085018572,0.9933471933471933,0.9896437448218725,0.35789473684210527,0.6421052631578947,1.0,0.0,0.0,14.0,5.6,5.0,5.0,0.0
tep,Variance,fixed_full_data,0.5,123,6,0.995010395010395,0.9824130879345603,0.9987525987525988,0.9905154639175258,0.45263157894736844,0.5473684210526316,1.0,0.2,0.0,15.0,6.0,5.0,5.0,0.0
tep,Variance,fixed_full_data,0.5,123,7,0.9945945945945946,0.9840425531914894,1.0,0.9919571045576407,0.4105263157894737,0.5894736842105263,1.0,0.0,0.0,14.0,5.6,5.0,5.0,0.0
tep,Variance,fixed_full_data,0.5,123,8,0.8261954261954262,0.9819078947368421,0.992931392931393,0.9873888774033491,0.4631578947368421,0.5368421052631579,1.0,0.0,0.0,14.0,5.6,5.0,5.0,0.0
tep,Variance,fixed_full_data,0.5,123,9,0.13222453222453223,0.982174688057041,0.9164241164241165,0.9481608948160895,0.42105263157894735,0.5789473684210527,1.0,0.2,0.0,14.0,5.6,5.0,5.0,0.0
tep,Variance,fixed_full_data,0.5,123,10,0.6345114345114345,0.9814356435643564,0.9891891891891892,0.9852971629737005,0.47368421052631576,0.5263157894736842,1.0,0.2,0.0,16.0,6.4,5.0,5.0,0.0
tep,Variance,fixed_full_data,0.5,123,11,0.7301455301455302,0.9862097785206854,0.9812889812889813,0.9837432263443101,0.3473684210526316,0.6526315789473685,1.0,0.2,0.0,9.0,3.6,5.0,5.0,0.0
tep,Variance,fixed_full_data,0.5,123,12,0.7351351351351352,0.9831691297208539,0.9958419958419958,0.9894649865730221,0.43157894736842106,0.5684210526315789,1.0,0.0,0.0,14.0,5.6,5.0,5.0,0.0
tep,Variance,fixed_full_data,0.5,123,13,0.7276507276507277,0.9842258198422582,0.9858627858627859,0.9850436227669298,0.4,0.6,1.0,0.4,0.0,13.0,5.2,5.0,5.0,0.0
tep,Variance,fixed_full_data,0.5,123,14,0.9380457380457381,0.9848360655737705,0.9991683991683992,0.9919504643962849,0.3894736842105263,0.6105263157894737,1.0,0.2,0.0,13.0,5.2,5.0,5.0,0.0
tep,Variance,fixed_full_data,0.5,123,15,0.1787941787941788,0.9807520143240823,0.911018711018711,0.9446001293382195,0.45263157894736844,0.5473684210526316,1.0,0.0,0.0,13.0,5.2,5.0,5.0,0.0
tep,Variance,fixed_full_data,0.5,123,16,0.5455301455301456,0.9815899581589959,0.9754677754677755,0.97851929092805,0.4631578947368421,0.5368421052631579,1.0,0.2,0.0,17.0,6.8,5.0,5.0,0.0
tep,Variance,fixed_full_data,0.5,123,17,0.8128898128898129,0.985,0.982952182952183,0.9839750260145682,0.37894736842105264,0.6210526315789474,1.0,0.0,0.0,11.0,4.4,5.0,5.0,0.0
tep,Variance,fixed_full_data,0.5,123,18,0.824948024948025,0.9850498338870431,0.9862785862785863,0.9856638271348431,0.37894736842105264,0.6210526315789474,1.0,0.2,0.0,10.0,4.0,5.0,5.0,0.0
tep,Variance,fixed_full_data,0.5,123,19,0.6503118503118503,0.982098251457119,0.9808731808731809,0.9814853338880799,0.45263157894736844,0.5473684210526316,1.0,0.2,0.0,10.0,4.0,5.0,5.0,0.0
tep,Variance,fixed_full_data,0.5,123,20,0.6935550935550936,0.9857561793045664,0.9783783783783784,0.9820534223706177,0.35789473684210527,0.6421052631578947,1.0,0.4,0.0,11.0,4.4,5.0,5.0,0.0
tep,Threshold,method_retrained,0.5,123,1,0.9812889812889813,0.9974968710888611,0.9941787941787942,0.9958350687213661,0.06315789473684211,0.9368421052631579,1.0,1.8,2.0,5.0,2.0,5.0,5.0,0.0
tep,Threshold,method_retrained,0.5,123,2,0.9696465696465697,0.9953606073386757,0.9812889812889813,0.9882747068676717,0.11578947368421053,0.8842105263157894,1.0,6.8,8.0,7.0,2.8,5.0,5.0,0.0
tep,Threshold,method_retrained,0.5,123,3,0.1051975051975052,0.9972375690607734,0.6004158004158004,0.7495458084609395,0.042105263157894736,0.9578947368421052,1.0,7.8,3.0,1.0,0.4,5.0,5.0,0.0
tep,Threshold,method_retrained,0.5,123,4,0.9380457380457381,0.9970288624787776,0.9767151767151767,0.9867674858223062,0.07368421052631578,0.9263157894736842,1.0,1.2,1.0,2.0,0.8,5.0,5.0,0.0
tep,Threshold,method_retrained,0.5,123,5,0.6174636174636174,0.9968985378821444,0.9355509355509356,0.9652509652509652,0.07368421052631578,0.9263157894736842,1.0,0.8,0.0,2.0,0.8,5.0,5.0,0.0
tep,Threshold,method_retrained,0.5,123,6,0.9945945945945946,0.9975051975051975,0.9975051975051975,0.9975051975051975,0.06315789473684211,0.9368421052631579,1.0,1.2,1.0,4.0,1.6,5.0,5.0,0.0
tep,Threshold,method_retrained,0.5,123,7,0.9937629937629938,0.9979218620116376,0.9983367983367983,0.9981292870505093,0.05263157894736842,0.9473684210526315,1.0,0.8,1.0,4.0,1.6,5.0,5.0,0.0
tep,Threshold,method_retrained,0.5,123,8,0.7147609147609147,0.9969982847341338,0.9667359667359667,0.9816339455351488,0.07368421052631578,0.9263157894736842,1.0,4.6,1.0,2.0,0.8,5.0,5.0,0.0
tep,Threshold,method_retrained,0.5,123,9,0.10810810810810811,0.995887594242632,0.6041580041580041,0.7520703933747412,0.06315789473684211,0.9368421052631579,1.0,7.8,7.0,3.0,1.2,5.0,5.0,0.0
tep,Threshold,method_retrained,0.5,123,10,0.3625779625779626,0.997228637413395,0.8977130977130977,0.9448577680525164,0.06315789473684211,0.9368421052631579,1.0,9.8,5.0,2.0,0.8,5.0,5.0,0.0
tep,Threshold,method_retrained,0.5,123,11,0.6698544698544698,0.9972813774354327,0.9151767151767152,0.9544666088464874,0.06315789473684211,0.9368421052631579,1.0,5.4,7.0,1.0,0.4,5.0,5.0,0.0
tep,Threshold,method_retrained,0.5,123,12,0.7388773388773389,0.9966144731273805,0.9792099792099792,0.9878355704697986,0.08421052631578947,0.9157894736842105,1.0,4.6,2.0,4.0,1.6,5.0,5.0,0.0
tep,Threshold,method_retrained,0.5,123,13,0.6378378378378379,0.9982502187226596,0.9488565488565489,0.972926881261991,0.042105263157894736,0.9578947368421052,1.0,9.6,12.0,3.0,1.2,5.0,5.0,0.0
tep,Threshold,method_retrained,0.5,123,14,0.9600831600831601,0.997919267582189,0.9970893970893971,0.997504159733777,0.05263157894736842,0.9473684210526315,1.0,1.2,1.0,2.0,0.8,5.0,5.0,0.0
tep,Threshold,method_retrained,0.5,123,15,0.10395010395010396,0.9971160778658976,0.575051975051975,0.7294303797468354,0.042105263157894736,0.9578947368421052,1.0,8.0,1.0,3.0,1.2,5.0,5.0,0.0
tep,Threshold,method_retrained,0.5,123,16,0.22536382536382538,0.9956686518678939,0.7646569646569646,0.8650047036688617,0.08421052631578947,0.9157894736842105,1.0,9.0,7.0,4.0,1.6,5.0,5.0,0.0
tep,Threshold,method_retrained,0.5,123,17,0.720997920997921,0.9982118909253465,0.9284823284823285,0.9620853080568721,0.042105263157894736,0.9578947368421052,1.0,7.6,2.0,2.0,0.8,5.0,5.0,0.0
tep,Threshold,method_retrained,0.5,123,18,0.7688149688149688,0.9963849977406236,0.9168399168399168,0.9549588566478995,0.08421052631578947,0.9157894736842105,1.0,8.8,1.0,3.0,1.2,5.0,5.0,0.0
tep,Threshold,method_retrained,0.5,123,19,0.5122661122661123,0.9964947421131698,0.8274428274428275,0.9041344843253066,0.07368421052631578,0.9263157894736842,1.0,1.2,1.0,2.0,0.8,5.0,5.0,0.0
tep,Threshold,method_retrained,0.5,123,20,0.6923076923076923,0.996760758907913,0.8956340956340957,0.9434954007884363,0.07368421052631578,0.9263157894736842,1.0,8.2,6.0,2.0,0.8,5.0,5.0,0.0
tep,Threshold,fixed_full_data,0.5,123,1,0.9808731808731809,0.9824346405228758,1.0,0.9911395013393777,0.45263157894736844,0.5473684210526316,1.0,0.0,0.0,12.0,4.8,5.0,5.0,0.0
tep,Threshold,fixed_full_data,0.5,123,2,0.9696465696465697,0.9823770491803279,0.9966735966735967,0.9894736842105263,0.45263157894736844,0.5473684210526316,1.0,0.2,0.0,12.0,4.8,5.0,5.0,0.0
tep,Threshold,fixed_full_data,0.5,123,3,0.06153846153846154,0.9804096170970614,0.9155925155925156,0.9468931412599441,0.4631578947368421,0.5368421052631579,1.0,0.6,0.0,13.0,5.2,5.0,5.0,0.0
tep,Threshold,fixed_full_data,0.5,123,4,0.9484407484407484,0.9820334830543079,1.0,0.9909353110836424,0.4631578947368421,0.5368421052631579,1.0,0.0,0.0,10.0,4.0,5.0,5.0,0.0
tep,Threshold,fixed_full_data,0.5,123,5,0.8029106029106029,0.9860254829428688,0.9975051975051975,0.9917321207110377,0.35789473684210527,0.6421052631578947,1.0,0.0,0.0,14.0,5.6,5.0,5.0,0.0
tep,Threshold,fixed_full_data,0.5,123,6,0.995010395010395,0.9824130879345603,0.9987525987525988,0.9905154639175258,0.45263157894736844,0.5473684210526316,1.0,0.2,0.0,15.0,6.0,5.0,5.0,0.0
tep,Threshold,fixed_full_data,0.5,123,7,0.9937629937629938,0.9840425531914894,1.0,0.9919571045576407,0.4105263157894737,0.5894736842105263,1.0,0.0,0.0,14.0,5.6,5.0,5.0,0.0
tep,Threshold,fixed_full_data,0.5,123,8,0.834927234927235,0.9819153308672421,0.9933471933471933,0.9875981810665564,0.4631578947368421,0.5368421052631579,1.0,0.0,0.0,14.0,5.6,5.0,5.0,0.0
tep,Threshold,fixed_full_data,0.5,123,9,0.11268191268191269,0.9823321554770318,0.9247401247401248,0.9526665238809167,0.42105263157894735,0.5789473684210527,1.0,0.2,0.0,14.0,5.6,5.0,5.0,0.0
tep,Threshold,fixed_full_data,0.5,123,10,0.5833679833679833,0.9815043156596794,0.992931392931393,0.9871847871021083,0.47368421052631576,0.5263157894736842,1.0,0.2,0.0,16.0,6.4,5.0,5.0,0.0
tep,Threshold,fixed_full_data,0.5,123,11,0.7725571725571726,0.9862785862785863,0.9862785862785863,0.9862785862785863,0.3473684210526316,0.6526315789473685,1.0,0.2,0.0,9.0,3.6,5.0,5.0,0.0
tep,Threshold,fixed_full_data,0.5,123,12,0.6270270270270271,0.9831691297208539,0.9958419958419958,0.9894649865730221,0.43157894736842106,0.5684210526315789,1.0,0.0,0.0,14.0,5.6,5.0,5.0,0.0
tep,Threshold,fixed_full_data,0.5,123,13,0.7051975051975052,0.9842127129206482,0.985031185031185,0.984621778886118,0.4,0.6,1.0,0.4,0.0,13.0,5.2,5.0,5.0,0.0
tep,Threshold,fixed_full_data,0.5,123,14,0.8748440748440749,0.9848360655737705,0.9991683991683992,0.9919504643962849,0.3894736842105263,0.6105263157894737,1.0,0.2,0.0,13.0,5.2,5.0,5.0,0.0
tep,Threshold,fixed_full_data,0.5,123,15,0.14261954261954263,0.9810405643738977,0.9251559251559252,0.9522790498609031,0.45263157894736844,0.5473684210526316,1.0,0.0,0.0,13.0,5.2,5.0,5.0,0.0
tep,Threshold,fixed_full_data,0.5,123,16,0.42910602910602913,0.9816819317235637,0.9804573804573805,0.9810692739754525,0.4631578947368421,0.5368421052631579,1.0,0.2,0.0,17.0,6.8,5.0,5.0,0.0
tep,Threshold,fixed_full_data,0.5,123,17,0.6336798336798337,0.985,0.982952182952183,0.9839750260145682,0.37894736842105264,0.6210526315789474,1.0,0.0,0.0,11.0,4.4,5.0,5.0,0.0
tep,Threshold,fixed_full_data,0.5,123,18,0.7792099792099793,0.9850187265917603,0.9841995841995842,0.9846089850249584,0.37894736842105264,0.6210526315789474,1.0,0.2,0.0,10.0,4.0,5.0,5.0,0.0
tep,Threshold,fixed_full_data,0.5,123,19,0.6611226611226612,0.9821502698215027,0.9837837837837838,0.9829663481512256,0.45263157894736844,0.5473684210526316,1.0,0.2,0.0,10.0,4.0,5.0,5.0,0.0
tep,Threshold,fixed_full_data,0.5,123,20,0.7051975051975052,0.9857681038091252,0.9792099792099792,0.9824780976220275,0.35789473684210527,0.6421052631578947,1.0,0.4,0.0,11.0,4.4,5.0,5.0,0.0
tep,Uniform,method_retrained,0.5,123,1,0.98004158004158,0.9975020815986678,0.9962577962577963,0.9968795506552943,0.06315789473684211,0.9368421052631579,1.0,1.0,1.0,6.0,2.4,5.0,5.0,0.0
tep,Uniform,method_retrained,0.5,123,2,0.9696465696465697,0.9966301600673968,0.9837837837837838,0.9901653065494873,0.08421052631578947,0.9157894736842105,1.0,2.0,2.0,5.0,2.0,5.0,5.0,0.0
tep,Uniform,method_retrained,0.5,123,3,0.1501039501039501,0.9949238578680203,0.651975051975052,0.7877417734237628,0.08421052631578947,0.9157894736842105,1.0,4.0,1.0,6.0,2.4,5.0,5.0,0.0
tep,Uniform,method_retrained,0.5,123,4,0.9767151767151767,0.9962671090833679,0.9987525987525988,0.9975083056478405,0.09473684210526316,0.9052631578947369,1.0,0.6,0.0,4.0,1.6,5.0,5.0,0.0
tep,Uniform,method_retrained,0.5,123,5,0.7517671517671518,0.9951838879159369,0.9451143451143451,0.9695030923437833,0.11578947368421053,0.8842105263157894,1.0,1.2,1.0,5.0,2.0,5.0,5.0,0.0
tep,Uniform,method_retrained,0.5,123,6,0.9966735966735967,0.9966818747407714,0.9991683991683992,0.9979235880398671,0.08421052631578947,0.9157894736842105,1.0,0.2,0.0,4.0,1.6,5.0,5.0,0.0
tep,Uniform,method_retrained,0.5,123,7,0.9945945945945946,0.9970942299709423,0.9987525987525988,0.9979227253842958,0.07368421052631578,0.9263157894736842,1.0,0.6,1.0,1.0,0.4,5.0,5.0,0.0
tep,Uniform,method_retrained,0.5,123,8,0.8074844074844075,0.9961734693877551,0.9742203742203742,0.9850746268656716,0.09473684210526316,0.9052631578947369,1.0,4.2,1.0,2.0,0.8,5.0,5.0,0.0
tep,Uniform,method_retrained,0.5,123,9,0.158004158004158,0.9950279676817899,0.6656964656964657,0.7977080219232685,0.08421052631578947,0.9157894736842105,1.0,4.6,1.0,6.0,2.4,5.0,5.0,0.0
tep,Uniform,method_retrained,0.5,123,10,0.666943866943867,0.9964285714285714,0.9280665280665281,0.9610333692142088,0.08421052631578947,0.9157894736842105,1.0,2.0,2.0,6.0,2.4,5.0,5.0,0.0
tep,Uniform,method_retrained,0.5,123,11,0.6906444906444906,0.9964125560538116,0.923908523908524,0.9587918015102481,0.08421052631578947,0.9157894736842105,1.0,2.6,0.0,3.0,1.2,5.0,5.0,0.0
tep,Uniform,method_retrained,0.5,123,12,0.7792099792099793,0.9945561139028476,0.9875259875259875,0.9910285833507197,0.1368421052631579,0.8631578947368421,1.0,2.8,1.0,5.0,2.0,5.0,5.0,0.0
tep,Uniform,method_retrained,0.5,123,13,0.7106029106029106,0.9974226804123711,0.9654885654885655,0.9811958588633002,0.06315789473684211,0.9368421052631579,1.0,2.6,2.0,3.0,1.2,5.0,5.0,0.0
tep,Uniform,method_retrained,0.5,123,14,0.9596673596673597,0.9983354140657511,0.9975051975051975,0.9979201331114809,0.042105263157894736,0.9578947368421052,1.0,0.4,0.0,4.0,1.6,5.0,5.0,0.0
tep,Uniform,method_retrained,0.5,123,15,0.1496881496881497,0.9962001266624446,0.654054054054054,0.7896586345381527,0.06315789473684211,0.9368421052631579,1.0,4.2,1.0,4.0,1.6,5.0,5.0,0.0
tep,Uniform,method_retrained,0.5,123,16,0.5509355509355509,0.9954275262917238,0.9051975051975052,0.948170731707317,0.10526315789473684,0.8947368421052632,1.0,1.0,1.0,7.0,2.8,5.0,5.0,0.0
tep,Uniform,method_retrained,0.5,123,17,0.8245322245322245,0.9973730297723292,0.9471933471933472,0.9716357432288334,0.06315789473684211,0.9368421052631579,1.0,5.0,1.0,5.0,2.0,5.0,5.0,0.0
tep,Uniform,method_retrained,0.5,123,18,0.8374220374220375,0.9942806863176419,0.9397089397089398,0.9662248824283882,0.1368421052631579,0.8631578947368421,1.0,1.2,1.0,6.0,2.4,5.0,5.0,0.0
tep,Uniform,method_retrained,0.5,123,19,0.6141372141372141,0.9963133640552996,0.898960498960499,0.945136612021858,0.08421052631578947,0.9157894736842105,1.0,1.2,1.0,4.0,1.6,5.0,5.0,0.0
tep,Uniform,method_retrained,0.5,123,20,0.6515592515592515,0.9967213114754099,0.8848232848232849,0.9374449339207048,0.07368421052631578,0.9263157894736842,1.0,2.8,2.0,3.0,1.2,5.0,5.0,0.0
tep,Uniform,fixed_full_data,0.5,123,1,0.9808731808731809,0.9824346405228758,1.0,0.9911395013393777,0.45263157894736844,0.5473684210526316,1.0,0.0,0.0,12.0,4.8,5.0,5.0,0.0
tep,Uniform,fixed_full_data,0.5,123,2,0.9696465696465697,0.9823770491803279,0.9966735966735967,0.9894736842105263,0.45263157894736844,0.5473684210526316,1.0,0.2,0.0,12.0,4.8,5.0,5.0,0.0
tep,Uniform,fixed_full_data,0.5,123,3,0.11101871101871102,0.9797328420082911,0.8844074844074844,0.9296328671328671,0.4631578947368421,0.5368421052631579,1.0,0.6,0.0,13.0,5.2,5.0,5.0,0.0
tep,Uniform,fixed_full_data,0.5,123,4,0.9754677754677755,0.9820334830543079,1.0,0.9909353110836424,0.4631578947368421,0.5368421052631579,1.0,0.0,0.0,10.0,4.0,5.0,5.0,0.0
tep,Uniform,fixed_full_data,0.5,123,5,0.8598752598752599,0.9859329747621017,0.9908523908523909,0.9883865615927001,0.35789473684210527,0.6421052631578947,1.0,0.0,0.0,14.0,5.6,5.0,5.0,0.0
tep,Uniform,fixed_full_data,0.5,123,6,0.995010395010395,0.9824130879345603,0.9987525987525988,0.9905154639175258,0.45263157894736844,0.5473684210526316,1.0,0.2,0.0,15.0,6.0,5.0,5.0,0.0
tep,Uniform,fixed_full_data,0.5,123,7,0.9945945945945946,0.9840425531914894,1.0,0.9919571045576407,0.4105263157894737,0.5894736842105263,1.0,0.0,0.0,14.0,5.6,5.0,5.0,0.0
tep,Uniform,fixed_full_data,0.5,123,8,0.8153846153846154,0.9818930041152263,0.9920997920997922,0.9869700103412616,0.4631578947368421,0.5368421052631579,1.0,0.0,0.0,14.0,5.6,5.0,5.0,0.0
tep,Uniform,fixed_full_data,0.5,123,9,0.18960498960498962,0.9817434961204929,0.8943866943866944,0.9360313315926893,0.42105263157894735,0.5789473684210527,1.0,0.2,0.0,14.0,5.6,5.0,5.0,0.0
tep,Uniform,fixed_full_data,0.5,123,10,0.6760914760914761,0.9813587406793703,0.985031185031185,0.983191533513177,0.47368421052631576,0.5263157894736842,1.0,0.2,0.0,16.0,6.4,5.0,5.0,0.0
tep,Uniform,fixed_full_data,0.5,123,11,0.7264033264033264,0.9861635220125786,0.977962577962578,0.9820459290187892,0.3473684210526316,0.6526315789473685,1.0,0.2,0.0,9.0,3.6,5.0,5.0,0.0
tep,Uniform,fixed_full_data,0.5,123,12,0.7775467775467776,0.9831622176591376,0.9954261954261955,0.9892561983471074,0.43157894736842106,0.5684210526315789,1.0,0.0,0.0,14.0,5.6,5.0,5.0,0.0
tep,Uniform,fixed_full_data,0.5,123,13,0.7293139293139294,0.9842584921292461,0.987941787941788,0.9860967005602822,0.4,0.6,1.0,0.4,0.0,13.0,5.2,5.0,5.0,0.0
tep,Uniform,fixed_full_data,0.5,123,14,0.683991683991684,0.9848360655737705,0.9991683991683992,0.9919504643962849,0.3894736842105263,0.6105263157894737,1.0,0.2,0.0,13.0,5.2,5.0,5.0,0.0
tep,Uniform,fixed_full_data,0.5,123,15,0.23825363825363827,0.9804545454545455,0.8968814968814969,0.9368078175895765,0.45263157894736844,0.5473684210526316,1.0,0.0,0.0,13.0,5.2,5.0,5.0,0.0
tep,Uniform,fixed_full_data,0.5,123,16,0.5891891891891892,0.9814736842105263,0.9692307692307692,0.9753138075313807,0.4631578947368421,0.5368421052631579,1.0,0.2,0.0,17.0,6.8,5.0,5.0,0.0
tep,Uniform,fixed_full_data,0.5,123,17,0.8353430353430353,0.9849812265331664,0.9817047817047817,0.9833402748854644,0.37894736842105264,0.6210526315789474,1.0,0.0,0.0,11.0,4.4,5.0,5.0,0.0
tep,Uniform,fixed_full_data,0.5,123,18,0.8332640332640333,0.9850560398505604,0.9866943866943867,0.9858745326132115,0.37894736842105264,0.6210526315789474,1.0,0.2,0.0,10.0,4.0,5.0,5.0,0.0
tep,Uniform,fixed_full_data,0.5,123,19,0.664033264033264,0.9821502698215027,0.9837837837837838,0.9829663481512256,0.45263157894736844,0.5473684210526316,1.0,0.2,0.0,10.0,4.0,5.0,5.0,0.0
tep,Uniform,fixed_full_data,0.5,123,20,0.688981288981289,0.9856418918918919,0.9704781704781705,0.9780012570710245,0.35789473684210527,0.6421052631578947,1.0,0.4,0.0,11.0,4.4,5.0,5.0,0.0
tep,Full Data,method_retrained,1.0,123,1,0.9871101871101872,0.9860484201887567,0.9991683991683992,0.9925650557620818,0.35789473684210527,0.6421052631578947,1.0,0.4,0.0,9.0,3.6,5.0,5.0,0.0
tep,Full Data,method_retrained,1.0,123,2,0.9725571725571726,0.985996705107084,0.9954261954261955,0.9906890130353817,0.35789473684210527,0.6421052631578947,1.0,0.4,0.0,9.0,3.6,5.0,5.0,0.0
tep,Full Data,method_retrained,1.0,123,3,0.13721413721413722,0.9840972871842844,0.8748440748440749,0.9262601804974686,0.35789473684210527,0.6421052631578947,1.0,0.4,0.0,9.0,3.6,5.0,5.0,0.0
tep,Full Data,method_retrained,1.0,123,4,0.9775467775467775,0.9860541427399507,0.9995841995841996,0.9927730745405741,0.35789473684210527,0.6421052631578947,1.0,0.2,0.0,9.0,3.6,5.0,5.0,0.0
tep,Full Data,method_retrained,1.0,123,5,0.9130977130977131,0.9859851607584501,0.9945945945945946,0.9902711653901883,0.35789473684210527,0.6421052631578947,1.0,0.2,0.0,9.0,3.6,5.0,5.0,0.0
tep,Full Data,method_retrained,1.0,123,6,0.997920997920998,0.9860541427399507,0.9995841995841996,0.9927730745405741,0.35789473684210527,0.6421052631578947,1.0,0.2,0.0,9.0,3.6,5.0,5.0,0.0
tep,Full Data,method_retrained,1.0,123,7,0.997920997920998,0.9860541427399507,0.9995841995841996,0.9927730745405741,0.35789473684210527,0.6421052631578947,1.0,0.2,0.0,9.0,3.6,5.0,5.0,0.0
tep,Full Data,method_retrained,1.0,123,8,0.80997920997921,0.9858979676482788,0.9883575883575884,0.9871262458471761,0.35789473684210527,0.6421052631578947,1.0,0.4,0.0,9.0,3.6,5.0,5.0,0.0
tep,Full Data,method_retrained,1.0,123,9,0.23991683991683993,0.984089845577913,0.8744282744282744,0.9260237780713342,0.35789473684210527,0.6421052631578947,1.0,0.4,0.0,9.0,3.6,5.0,5.0,0.0
tep,Full Data,method_retrained,1.0,123,10,0.7214137214137214,0.9857621440536013,0.9787941787941788,0.9822658042979345,0.35789473684210527,0.6421052631578947,1.0,0.4,0.0,9.0,3.6,5.0,5.0,0.0
tep,Full Data,method_retrained,1.0,123,11,0.7363825363825364,0.9856842105263158,0.9733887733887734,0.9794979079497907,0.35789473684210527,0.6421052631578947,1.0,0.4,0.0,9.0,3.6,5.0,5.0,0.0
tep,Full Data,method_retrained,1.0,123,12,0.7970893970893971,0.9860197368421053,0.9970893970893971,0.991523671697333,0.35789473684210527,0.6421052631578947,1.0,0.4,0.0,9.0,3.6,5.0,5.0,0.0
tep,Full Data,method_retrained,1.0,123,13,0.7272349272349272,0.9858979676482788,0.9883575883575884,0.9871262458471761,0.35789473684210527,0.6421052631578947,1.0,0.4,0.0,9.0,3.6,5.0,5.0,0.0
tep,Full Data,method_retrained,1.0,123,14,0.9596673596673597,0.9860541427399507,0.9995841995841996,0.9927730745405741,0.35789473684210527,0.6421052631578947,1.0,0.2,0.0,9.0,3.6,5.0,5.0,0.0
tep,Full Data,method_retrained,1.0,123,15,0.30062370062370064,0.9838403041825095,0.8607068607068608,0.9181636726546906,0.35789473684210527,0.6421052631578947,1.0,0.4,0.0,9.0,3.6,5.0,5.0,0.0
tep,Full Data,method_retrained,1.0,123,16,0.6295218295218296,0.9855871131835523,0.9667359667359667,0.9760705289672544,0.35789473684210527,0.6421052631578947,1.0,0.4,0.0,9.0,3.6,5.0,5.0,0.0
tep,Full Data,method_retrained,1.0,123,17,0.8623700623700624,0.98580375782881,0.9817047817047817,0.98375,0.35789473684210527,0.6421052631578947,1.0,0.4,0.0,9.0,3.6,5.0,5.0,0.0
tep,Full Data,method_retrained,1.0,123,18,0.837006237006237,0.9857740585774059,0.9796257796257797,0.9826903023983315,0.35789473684210527,0.6421052631578947,1.0,0.4,0.0,9.0,3.6,5.0,5.0,0.0
tep,Full Data,method_retrained,1.0,123,19,0.8054054054054054,0.9858745326132115,0.9866943866943867,0.986284289276808,0.35789473684210527,0.6421052631578947,1.0,0.2,0.0,9.0,3.6,5.0,5.0,0.0
tep,Full Data,method_retrained,1.0,123,20,0.7014553014553014,0.9856600590468156,0.9717255717255717,0.9786432160804021,0.35789473684210527,0.6421052631578947,1.0,0.4,0.0,9.0,3.6,5.0,5.0,0.0
tep,Full Data,fixed_full_data,1.0,123,1,0.9871101871101872,0.9860484201887567,0.9991683991683992,0.9925650557620818,0.35789473684210527,0.6421052631578947,1.0,0.4,0.0,9.0,3.6,5.0,5.0,0.0
tep,Full Data,fixed_full_data,1.0,123,2,0.9725571725571726,0.985996705107084,0.9954261954261955,0.9906890130353817,0.35789473684210527,0.6421052631578947,1.0,0.4,0.0,9.0,3.6,5.0,5.0,0.0
tep,Full Data,fixed_full_data,1.0,123,3,0.13721413721413722,0.9840972871842844,0.8748440748440749,0.9262601804974686,0.35789473684210527,0.6421052631578947,1.0,0.4,0.0,9.0,3.6,5.0,5.0,0.0
tep,Full Data,fixed_full_data,1.0,123,4,0.9775467775467775,0.9860541427399507,0.9995841995841996,0.9927730745405741,0.35789473684210527,0.6421052631578947,1.0,0.2,0.0,9.0,3.6,5.0,5.0,0.0
tep,Full Data,fixed_full_data,1.0,123,5,0.9130977130977131,0.9859851607584501,0.9945945945945946,0.9902711653901883,0.35789473684210527,0.6421052631578947,1.0,0.2,0.0,9.0,3.6,5.0,5.0,0.0
tep,Full Data,fixed_full_data,1.0,123,6,0.997920997920998,0.9860541427399507,0.9995841995841996,0.9927730745405741,0.35789473684210527,0.6421052631578947,1.0,0.2,0.0,9.0,3.6,5.0,5.0,0.0
tep,Full Data,fixed_full_data,1.0,123,7,0.997920997920998,0.9860541427399507,0.9995841995841996,0.9927730745405741,0.35789473684210527,0.6421052631578947,1.0,0.2,0.0,9.0,3.6,5.0,5.0,0.0
tep,Full Data,fixed_full_data,1.0,123,8,0.80997920997921,0.9858979676482788,0.9883575883575884,0.9871262458471761,0.35789473684210527,0.6421052631578947,1.0,0.4,0.0,9.0,3.6,5.0,5.0,0.0
tep,Full Data,fixed_full_data,1.0,123,9,0.23991683991683993,0.984089845577913,0.8744282744282744,0.9260237780713342,0.35789473684210527,0.6421052631578947,1.0,0.4,0.0,9.0,3.6,5.0,5.0,0.0
tep,Full Data,fixed_full_data,1.0,123,10,0.7214137214137214,0.9857621440536013,0.9787941787941788,0.9822658042979345,0.35789473684210527,0.6421052631578947,1.0,0.4,0.0,9.0,3.6,5.0,5.0,0.0
tep,Full Data,fixed_full_data,1.0,123,11,0.7363825363825364,0.9856842105263158,0.9733887733887734,0.9794979079497907,0.35789473684210527,0.6421052631578947,1.0,0.4,0.0,9.0,3.6,5.0,5.0,0.0
tep,Full Data,fixed_full_data,1.0,123,12,0.7970893970893971,0.9860197368421053,0.9970893970893971,0.991523671697333,0.35789473684210527,0.6421052631578947,1.0,0.4,0.0,9.0,3.6,5.0,5.0,0.0
tep,Full Data,fixed_full_data,1.0,123,13,0.7272349272349272,0.9858979676482788,0.9883575883575884,0.9871262458471761,0.35789473684210527,0.6421052631578947,1.0,0.4,0.0,9.0,3.6,5.0,5.0,0.0
tep,Full Data,fixed_full_data,1.0,123,14,0.9596673596673597,0.9860541427399507,0.9995841995841996,0.9927730745405741,0.35789473684210527,0.6421052631578947,1.0,0.2,0.0,9.0,3.6,5.0,5.0,0.0
tep,Full Data,fixed_full_data,1.0,123,15,0.30062370062370064,0.9838403041825095,0.8607068607068608,0.9181636726546906,0.35789473684210527,0.6421052631578947,1.0,0.4,0.0,9.0,3.6,5.0,5.0,0.0
tep,Full Data,fixed_full_data,1.0,123,16,0.6295218295218296,0.9855871131835523,0.9667359667359667,0.9760705289672544,0.35789473684210527,0.6421052631578947,1.0,0.4,0.0,9.0,3.6,5.0,5.0,0.0
tep,Full Data,fixed_full_data,1.0,123,17,0.8623700623700624,0.98580375782881,0.9817047817047817,0.98375,0.35789473684210527,0.6421052631578947,1.0,0.4,0.0,9.0,3.6,5.0,5.0,0.0
tep,Full Data,fixed_full_data,1.0,123,18,0.837006237006237,0.9857740585774059,0.9796257796257797,0.9826903023983315,0.35789473684210527,0.6421052631578947,1.0,0.4,0.0,9.0,3.6,5.0,5.0,0.0
tep,Full Data,fixed_full_data,1.0,123,19,0.8054054054054054,0.9858745326132115,0.9866943866943867,0.986284289276808,0.35789473684210527,0.6421052631578947,1.0,0.2,0.0,9.0,3.6,5.0,5.0,0.0
tep,Full Data,fixed_full_data,1.0,123,20,0.7014553014553014,0.9856600590468156,0.9717255717255717,0.9786432160804021,0.35789473684210527,0.6421052631578947,1.0,0.4,0.0,9.0,3.6,5.0,5.0,0.0
tep,PCA-Triage,method_retrained,0.5,456,1,0.9812889812889813,0.9958333333333333,0.9937629937629938,0.9947970863683663,0.10526315789473684,0.8947368421052632,1.0,2.8,4.0,5.0,2.0,5.0,5.0,0.0
tep,PCA-Triage,method_retrained,0.5,456,2,0.9683991683991684,0.9953547297297297,0.98004158004158,0.98763880159229,0.11578947368421053,0.8842105263157894,1.0,4.0,4.0,4.0,1.6,5.0,5.0,0.0
tep,PCA-Triage,method_retrained,0.5,456,3,0.1417879417879418,0.994535519125683,0.6054054054054054,0.7526492633755493,0.08421052631578947,0.9157894736842105,1.0,3.8,2.0,2.0,0.8,5.0,5.0,0.0
tep,PCA-Triage,method_retrained,0.5,456,4,0.9683991683991684,0.9970918155380141,0.997920997920998,0.9975062344139651,0.07368421052631578,0.9263157894736842,1.0,1.0,1.0,3.0,1.2,5.0,5.0,0.0
tep,PCA-Triage,method_retrained,0.5,456,5,0.7455301455301455,0.9960578186596584,0.9455301455301456,0.9701365187713311,0.09473684210526316,0.9052631578947369,1.0,1.8,2.0,4.0,1.6,5.0,5.0,0.0
tep,PCA-Triage,method_retrained,0.5,456,6,0.9970893970893971,0.9958540630182421,0.9987525987525988,0.9973012248287316,0.10526315789473684,0.8947368421052632,1.0,0.6,0.0,3.0,1.2,5.0,5.0,0.0
tep,PCA-Triage,method_retrained,0.5,456,7,0.9962577962577963,0.9962671090833679,0.9987525987525988,0.9975083056478405,0.09473684210526316,0.9052631578947369,1.0,0.6,1.0,4.0,1.6,5.0,5.0,0.0
tep,PCA-Triage,method_retrained,0.5,456,8,0.777962577962578,0.9987146529562982,0.9692307692307692,0.983751846381093,0.031578947368421054,0.968421052631579,1.0,5.4,6.0,1.0,0.4,5.0,5.0,0.0
tep,PCA-Triage,method_retrained,0.5,456,9,0.1343035343035343,0.993103448275862,0.6586278586278587,0.792,0.11578947368421053,0.8842105263157894,1.0,2.2,0.0,3.0,1.2,5.0,5.0,0.0
tep,PCA-Triage,method_retrained,0.5,456,10,0.4677754677754678,0.9972875226039783,0.9172557172557173,0.9555988737275287,0.06315789473684211,0.9368421052631579,1.0,1.4,0.0,2.0,0.8,5.0,5.0,0.0
tep,PCA-Triage,method_retrained,0.5,456,11,0.6923076923076923,0.9945528824330458,0.911018711018711,0.9509548611111112,0.12631578947368421,0.8736842105263158,1.0,4.2,3.0,8.0,3.2,5.0,5.0,0.0
tep,PCA-Triage,method_retrained,0.5,456,12,0.7742203742203743,0.996220075598488,0.9862785862785863,0.9912244045131634,0.09473684210526316,0.9052631578947369,1.0,2.0,1.0,2.0,0.8,5.0,5.0,0.0
tep,PCA-Triage,method_retrained,0.5,456,13,0.6893970893970894,0.9952830188679245,0.9650727650727651,0.9799451129406798,0.11578947368421053,0.8842105263157894,1.0,3.4,0.0,6.0,2.4,5.0,5.0,0.0
tep,PCA-Triage,method_retrained,0.5,456,14,0.9367983367983368,0.9954356846473029,0.9975051975051975,0.9964693665628245,0.11578947368421053,0.8842105263157894,1.0,1.0,1.0,5.0,2.0,5.0,5.0,0.0
tep,PCA-Triage,method_retrained,0.5,456,15,0.14095634095634096,0.9951100244498777,0.676923076923077,0.8057411531799059,0.08421052631578947,0.9157894736842105,1.0,5.2,1.0,3.0,1.2,5.0,5.0,0.0
tep,PCA-Triage,method_retrained,0.5,456,16,0.3654885654885655,0.9955423476968797,0.8357588357588358,0.9086799276672695,0.09473684210526316,0.9052631578947369,1.0,3.2,3.0,3.0,1.2,5.0,5.0,0.0
tep,PCA-Triage,method_retrained,0.5,456,17,0.8141372141372142,0.9960818458859382,0.9513513513513514,0.9732028923862186,0.09473684210526316,0.9052631578947369,1.0,1.0,1.0,2.0,0.8,5.0,5.0,0.0
tep,PCA-Triage,method_retrained,0.5,456,18,0.8108108108108109,0.9977944419938244,0.9405405405405406,0.9683219178082192,0.05263157894736842,0.9473684210526315,1.0,2.4,1.0,3.0,1.2,5.0,5.0,0.0
tep,PCA-Triage,method_retrained,0.5,456,19,0.5035343035343035,0.9966101694915255,0.8557172557172558,0.9208053691275168,0.07368421052631578,0.9263157894736842,1.0,1.2,1.0,5.0,2.0,5.0,5.0,0.0
tep,PCA-Triage,method_retrained,0.5,456,20,0.6760914760914761,0.9953810623556582,0.896049896049896,0.9431072210065645,0.10526315789473684,0.8947368421052632,1.0,4.6,2.0,5.0,2.0,5.0,5.0,0.0
tep,PCA-Triage,fixed_full_data,0.5,456,1,0.9821205821205822,0.9848236259228876,0.9983367983367983,0.9915341730332439,0.3894736842105263,0.6105263157894737,1.0,0.8,0.0,12.0,4.8,5.0,5.0,0.0
tep,PCA-Triage,fixed_full_data,0.5,456,2,0.9692307692307692,0.9827302631578947,0.9937629937629938,0.9882158362621459,0.4421052631578947,0.5578947368421052,1.0,0.6,0.0,16.0,6.4,5.0,5.0,0.0
tep,PCA-Triage,fixed_full_data,0.5,456,3,0.08523908523908524,0.9837505489679402,0.9313929313929314,0.9568560444254592,0.3894736842105263,0.6105263157894737,1.0,0.2,0.0,11.0,4.4,5.0,5.0,0.0
tep,PCA-Triage,fixed_full_data,0.5,456,4,0.9704781704781705,0.984029484029484,0.9991683991683992,0.9915411594800908,0.4105263157894737,0.5894736842105263,1.0,0.4,0.0,9.0,3.6,5.0,5.0,0.0
tep,PCA-Triage,fixed_full_data,0.5,456,5,0.8577962577962578,0.9875981810665564,0.9933471933471933,0.9904643449419569,0.3157894736842105,0.6842105263157895,1.0,0.4,0.0,13.0,5.2,5.0,5.0,0.0
tep,PCA-Triage,fixed_full_data,0.5,456,6,0.9970893970893971,0.983633387888707,0.9995841995841996,0.9915446483811096,0.42105263157894735,0.5789473684210527,1.0,0.2,0.0,6.0,2.4,5.0,5.0,0.0
tep,PCA-Triage,fixed_full_data,0.5,456,7,0.9962577962577963,0.984036021285305,0.9995841995841996,0.9917491749174917,0.4105263157894737,0.5894736842105263,1.0,0.2,0.0,12.0,4.8,5.0,5.0,0.0
tep,PCA-Triage,fixed_full_data,0.5,456,8,0.8112266112266112,0.9847044233154196,0.9904365904365905,0.9875621890547264,0.3894736842105263,0.6105263157894737,1.0,0.4,0.0,13.0,5.2,5.0,5.0,0.0
tep,PCA-Triage,fixed_full_data,0.5,456,9,0.125987525987526,0.9833333333333333,0.9322245322245323,0.9570971184631804,0.4,0.6,1.0,0.6,0.0,14.0,5.6,5.0,5.0,0.0
tep,PCA-Triage,fixed_full_data,0.5,456,10,0.6207900207900208,0.9809286898839138,0.9837837837837838,0.9823541623417065,0.4842105263157895,0.5157894736842106,1.0,0.2,0.0,12.0,4.8,5.0,5.0,0.0
tep,PCA-Triage,fixed_full_data,0.5,456,11,0.7110187110187111,0.9809444904722452,0.9846153846153847,0.9827765096493049,0.4842105263157895,0.5157894736842106,1.0,0.4,0.0,11.0,4.4,5.0,5.0,0.0
tep,PCA-Triage,fixed_full_data,0.5,456,12,0.7226611226611227,0.9827727645611156,0.9962577962577963,0.9894693371876936,0.4421052631578947,0.5578947368421052,1.0,0.2,0.0,17.0,6.8,5.0,5.0,0.0
tep,PCA-Triage,fixed_full_data,0.5,456,13,0.7301455301455302,0.9838842975206612,0.99002079002079,0.9869430051813471,0.4105263157894737,0.5894736842105263,1.0,0.6,0.0,9.0,3.6,5.0,5.0,0.0
tep,PCA-Triage,fixed_full_data,0.5,456,14,0.913929313929314,0.9828220858895705,0.9991683991683992,0.9909278350515464,0.4421052631578947,0.5578947368421052,1.0,0.2,0.0,14.0,5.6,5.0,5.0,0.0
tep,PCA-Triage,fixed_full_data,0.5,456,15,0.1812889812889813,0.9802955665024631,0.9101871101871102,0.9439413540319103,0.4631578947368421,0.5368421052631579,1.0,0.2,0.0,13.0,5.2,5.0,5.0,0.0
tep,PCA-Triage,fixed_full_data,0.5,456,16,0.530977130977131,0.9823973176865046,0.9746361746361747,0.9785013567104989,0.4421052631578947,0.5578947368421052,1.0,0.8,0.0,14.0,5.6,5.0,5.0,0.0
tep,PCA-Triage,fixed_full_data,0.5,456,17,0.7534303534303535,0.9833541406575115,0.9825363825363825,0.9829450915141431,0.42105263157894735,0.5789473684210527,1.0,0.2,0.0,14.0,5.6,5.0,5.0,0.0
tep,PCA-Triage,fixed_full_data,0.5,456,18,0.8245322245322245,0.9850187265917603,0.9841995841995842,0.9846089850249584,0.37894736842105264,0.6210526315789474,1.0,0.4,0.0,16.0,6.4,5.0,5.0,0.0
tep,PCA-Triage,fixed_full_data,0.5,456,19,0.6661122661122661,0.98375,0.9817047817047817,0.9827263267429761,0.4105263157894737,0.5894736842105263,1.0,0.4,0.0,9.0,3.6,5.0,5.0,0.0
tep,PCA-Triage,fixed_full_data,0.5,456,20,0.7060291060291061,0.9845058626465661,0.9775467775467775,0.9810139787189651,0.3894736842105263,0.6105263157894737,1.0,0.4,0.0,8.0,3.2,5.0,5.0,0.0
tep,Variance,method_retrained,0.5,456,1,0.9808731808731809,0.9958368026644463,0.9945945945945946,0.9952153110047847,0.10526315789473684,0.8947368421052632,1.0,1.8,1.0,2.0,0.8,5.0,5.0,0.0
tep,Variance,method_retrained,0.5,456,2,0.9700623700623701,0.9966315789473684,0.9841995841995842,0.9903765690376569,0.08421052631578947,0.9157894736842105,1.0,1.8,0.0,1.0,0.4,5.0,5.0,0.0
tep,Variance,method_retrained,0.5,456,3,0.15550935550935552,0.9934036939313984,0.6261954261954262,0.7681713848508034,0.10526315789473684,0.8947368421052632,1.0,9.6,7.0,4.0,1.6,5.0,5.0,0.0
tep,Variance,method_retrained,0.5,456,4,0.9663201663201664,0.9983354140657511,0.9975051975051975,0.9979201331114809,0.042105263157894736,0.9578947368421052,1.0,1.2,1.0,1.0,0.4,5.0,5.0,0.0
tep,Variance,method_retrained,0.5,456,5,0.7455301455301455,0.9973787680209698,0.9492723492723493,0.9727311461440137,0.06315789473684211,0.9368421052631579,1.0,1.0,1.0,0.0,0.0,5.0,5.0,0.0
tep,Variance,method_retrained,0.5,456,6,0.9970893970893971,0.997093023255814,0.9983367983367983,0.9977145231664243,0.07368421052631578,0.9263157894736842,1.0,0.8,1.0,3.0,1.2,5.0,5.0,0.0
tep,Variance,method_retrained,0.5,456,7,0.9970893970893971,0.9983381803074366,0.9991683991683992,0.9987531172069826,0.042105263157894736,0.9578947368421052,1.0,0.4,0.0,0.0,0.0,5.0,5.0,0.0
tep,Variance,method_retrained,0.5,456,8,0.7796257796257796,0.9966015293118097,0.9754677754677755,0.9859214120613574,0.08421052631578947,0.9157894736842105,1.0,2.0,1.0,4.0,1.6,5.0,5.0,0.0
tep,Variance,method_retrained,0.5,456,9,0.14095634095634096,0.9936708860759493,0.6528066528066528,0.7879548306148055,0.10526315789473684,0.8947368421052632,1.0,5.4,2.0,3.0,1.2,5.0,5.0,0.0
tep,Variance,method_retrained,0.5,456,10,0.5634095634095634,0.9950606196677144,0.9214137214137215,0.9568221070811744,0.11578947368421053,0.8842105263157894,1.0,7.2,2.0,4.0,1.6,5.0,5.0,0.0
tep,Variance,method_retrained,0.5,456,11,0.6877338877338878,0.9937078651685394,0.9193347193347193,0.9550755939524838,0.14736842105263157,0.8526315789473684,1.0,3.2,1.0,3.0,1.2,5.0,5.0,0.0
tep,Variance,method_retrained,0.5,456,12,0.7542619542619543,0.9966386554621849,0.9862785862785863,0.9914315569487984,0.08421052631578947,0.9157894736842105,1.0,4.0,6.0,3.0,1.2,5.0,5.0,0.0
tep,Variance,method_retrained,0.5,456,13,0.6931392931392931,0.9952830188679245,0.9650727650727651,0.9799451129406798,0.11578947368421053,0.8842105263157894,1.0,4.6,2.0,5.0,2.0,5.0,5.0,0.0
tep,Variance,method_retrained,0.5,456,14,0.9530145530145531,0.9941956882255389,0.9970893970893971,0.995640440107951,0.14736842105263157,0.8526315789473684,1.0,1.4,1.0,7.0,2.8,5.0,5.0,0.0
tep,Variance,method_retrained,0.5,456,15,0.1392931392931393,0.9947575360419397,0.6311850311850312,0.7723225642330196,0.08421052631578947,0.9157894736842105,1.0,2.0,2.0,4.0,1.6,5.0,5.0,0.0
tep,Variance,method_retrained,0.5,456,16,0.40873180873180875,0.9954796584630838,0.8241164241164242,0.9017288444040037,0.09473684210526316,0.9052631578947369,1.0,6.0,1.0,3.0,1.2,5.0,5.0,0.0
tep,Variance,method_retrained,0.5,456,17,0.8153846153846154,0.996078431372549,0.9505197505197506,0.9727659574468085,0.09473684210526316,0.9052631578947369,1.0,6.0,2.0,2.0,0.8,5.0,5.0,0.0
tep,Variance,method_retrained,0.5,456,18,0.8137214137214137,0.9973238180196253,0.9297297297297298,0.9623412954594361,0.06315789473684211,0.9368421052631579,1.0,6.8,3.0,3.0,1.2,5.0,5.0,0.0
tep,Variance,method_retrained,0.5,456,19,0.5085239085239085,0.9966475095785441,0.8652806652806653,0.9263298464277765,0.07368421052631578,0.9263157894736842,1.0,1.0,1.0,3.0,1.2,5.0,5.0,0.0
tep,Variance,method_retrained,0.5,456,20,0.6656964656964657,0.9962299717247879,0.879002079002079,0.9339518444886238,0.08421052631578947,0.9157894736842105,1.0,5.6,2.0,4.0,1.6,5.0,5.0,0.0
tep,Variance,fixed_full_data,0.5,456,1,0.9821205821205822,0.9848236259228876,0.9983367983367983,0.9915341730332439,0.3894736842105263,0.6105263157894737,1.0,0.8,0.0,12.0,4.8,5.0,5.0,0.0
tep,Variance,fixed_full_data,0.5,456,2,0.9692307692307692,0.9827302631578947,0.9937629937629938,0.9882158362621459,0.4421052631578947,0.5578947368421052,1.0,0.6,0.0,16.0,6.4,5.0,5.0,0.0
tep,Variance,fixed_full_data,0.5,456,3,0.07650727650727651,0.9836283185840708,0.9243243243243243,0.9530546623794213,0.3894736842105263,0.6105263157894737,1.0,0.2,0.0,11.0,4.4,5.0,5.0,0.0
tep,Variance,fixed_full_data,0.5,456,4,0.9505197505197506,0.984029484029484,0.9991683991683992,0.9915411594800908,0.4105263157894737,0.5894736842105263,1.0,0.4,0.0,9.0,3.6,5.0,5.0,0.0
tep,Variance,fixed_full_data,0.5,456,5,0.8453222453222453,0.9876186545604623,0.995010395010395,0.9913007456503728,0.3157894736842105,0.6842105263157895,1.0,0.4,0.0,13.0,5.2,5.0,5.0,0.0
tep,Variance,fixed_full_data,0.5,456,6,0.9970893970893971,0.983633387888707,0.9995841995841996,0.9915446483811096,0.42105263157894735,0.5789473684210527,1.0,0.2,0.0,6.0,2.4,5.0,5.0,0.0
tep,Variance,fixed_full_data,0.5,456,7,0.9962577962577963,0.984036021285305,0.9995841995841996,0.9917491749174917,0.4105263157894737,0.5894736842105263,1.0,0.2,0.0,12.0,4.8,5.0,5.0,0.0
tep,Variance,fixed_full_data,0.5,456,8,0.8158004158004158,0.9847107438016529,0.9908523908523909,0.9877720207253886,0.3894736842105263,0.6105263157894737,1.0,0.4,0.0,13.0,5.2,5.0,5.0,0.0
tep,Variance,fixed_full_data,0.5,456,9,0.13180873180873182,0.9833770778652668,0.9347193347193348,0.9584310381581752,0.4,0.6,1.0,0.6,0.0,14.0,5.6,5.0,5.0,0.0
tep,Variance,fixed_full_data,0.5,456,10,0.6291060291060291,0.9809523809523809,0.985031185031185,0.9829875518672199,0.4842105263157895,0.5157894736842106,1.0,0.2,0.0,12.0,4.8,5.0,5.0,0.0
tep,Variance,fixed_full_data,0.5,456,11,0.7110187110187111,0.9810387469084914,0.9896049896049897,0.9853032498447526,0.4842105263157895,0.5157894736842106,1.0,0.4,0.0,11.0,4.4,5.0,5.0,0.0
tep,Variance,fixed_full_data,0.5,456,12,0.7176715176715177,0.9827727645611156,0.9962577962577963,0.9894693371876936,0.4421052631578947,0.5578947368421052,1.0,0.2,0.0,17.0,6.8,5.0,5.0,0.0
tep,Variance,fixed_full_data,0.5,456,13,0.728066528066528,0.983864294580058,0.9887733887733888,0.9863127333056823,0.4105263157894737,0.5894736842105263,1.0,0.6,0.0,9.0,3.6,5.0,5.0,0.0
tep,Variance,fixed_full_data,0.5,456,14,0.9446985446985448,0.9828220858895705,0.9991683991683992,0.9909278350515464,0.4421052631578947,0.5578947368421052,1.0,0.2,0.0,14.0,5.6,5.0,5.0,0.0
tep,Variance,fixed_full_data,0.5,456,15,0.2074844074844075,0.9806081974438079,0.9251559251559252,0.9520753102267865,0.4631578947368421,0.5368421052631579,1.0,0.2,0.0,13.0,5.2,5.0,5.0,0.0
tep,Variance,fixed_full_data,0.5,456,16,0.5205821205821206,0.9824561403508771,0.977962577962578,0.9802042092102521,0.4421052631578947,0.5578947368421052,1.0,0.8,0.0,14.0,5.6,5.0,5.0,0.0
tep,Variance,fixed_full_data,0.5,456,17,0.8128898128898129,0.9833610648918469,0.982952182952183,0.9831565814098565,0.42105263157894735,0.5789473684210527,1.0,0.2,0.0,14.0,5.6,5.0,5.0,0.0
tep,Variance,fixed_full_data,0.5,456,18,0.8278586278586278,0.9849561220225658,0.98004158004158,0.9824927052938724,0.37894736842105264,0.6210526315789474,1.0,0.4,0.0,16.0,6.4,5.0,5.0,0.0
tep,Variance,fixed_full_data,0.5,456,19,0.6611226611226612,0.9837364470391994,0.9808731808731809,0.9823027274620029,0.4105263157894737,0.5894736842105263,1.0,0.4,0.0,9.0,3.6,5.0,5.0,0.0
tep,Variance,fixed_full_data,0.5,456,20,0.7043659043659044,0.9845317725752508,0.9792099792099792,0.981863664790494,0.3894736842105263,0.6105263157894737,1.0,0.4,0.0,8.0,3.2,5.0,5.0,0.0
tep,Threshold,method_retrained,0.5,456,1,0.9846153846153847,0.9970796829370046,0.9937629937629938,0.9954185755935027,0.07368421052631578,0.9263157894736842,1.0,2.2,3.0,2.0,0.8,5.0,5.0,0.0
tep,Threshold,method_retrained,0.5,456,2,0.9717255717255717,0.9953508030431107,0.9792099792099792,0.9872144204569273,0.11578947368421053,0.8842105263157894,1.0,4.0,3.0,4.0,1.6,5.0,5.0,0.0
tep,Threshold,method_retrained,0.5,456,3,0.08565488565488566,0.9962462462462462,0.5517671517671517,0.7101953438587102,0.05263157894736842,0.9473684210526315,1.0,8.8,4.0,2.0,0.8,5.0,5.0,0.0
tep,Threshold,method_retrained,0.5,456,4,0.9825363825363825,0.9970881863560732,0.9966735966735967,0.9968808484092326,0.07368421052631578,0.9263157894736842,1.0,1.4,1.0,4.0,1.6,5.0,5.0,0.0
tep,Threshold,method_retrained,0.5,456,5,0.6428274428274429,0.997305792546026,0.9234927234927235,0.9589810017271158,0.06315789473684211,0.9368421052631579,1.0,1.8,3.0,1.0,0.4,5.0,5.0,0.0
tep,Threshold,method_retrained,0.5,456,6,0.9970893970893971,0.9979201331114809,0.9975051975051975,0.9977126221667706,0.05263157894736842,0.9473684210526315,1.0,1.2,1.0,3.0,1.2,5.0,5.0,0.0
tep,Threshold,method_retrained,0.5,456,7,0.9962577962577963,0.9983361064891847,0.997920997920998,0.9981285090455396,0.042105263157894736,0.9578947368421052,1.0,1.0,1.0,1.0,0.4,5.0,5.0,0.0
tep,Threshold,method_retrained,0.5,456,8,0.7692307692307693,0.9982788296041308,0.9646569646569647,0.9811799534785367,0.042105263157894736,0.9578947368421052,1.0,10.0,11.0,3.0,1.2,5.0,5.0,0.0
tep,Threshold,method_retrained,0.5,456,9,0.11226611226611227,0.9971509971509972,0.5821205821205822,0.7351010763980047,0.042105263157894736,0.9578947368421052,1.0,6.6,3.0,1.0,0.4,5.0,5.0,0.0
tep,Threshold,method_retrained,0.5,456,10,0.4594594594594595,0.9977200182398541,0.9097713097713098,0.9517181383210092,0.05263157894736842,0.9473684210526315,1.0,7.4,2.0,3.0,1.2,5.0,5.0,0.0
tep,Threshold,method_retrained,0.5,456,11,0.6029106029106029,0.995260663507109,0.8731808731808732,0.9302325581395349,0.10526315789473684,0.8947368421052632,1.0,6.0,7.0,3.0,1.2,5.0,5.0,0.0
tep,Threshold,method_retrained,0.5,456,12,0.755925155925156,0.9970489038785835,0.9833679833679834,0.9901611890307724,0.07368421052631578,0.9263157894736842,1.0,4.4,6.0,2.0,0.8,5.0,5.0,0.0
tep,Threshold,method_retrained,0.5,456,13,0.654054054054054,0.9965382951103419,0.9575883575883576,0.9766751484308737,0.08421052631578947,0.9157894736842105,1.0,4.2,2.0,3.0,1.2,5.0,5.0,0.0
tep,Threshold,method_retrained,0.5,456,14,0.9567567567567568,0.9954280964256027,0.9958419958419958,0.9956350031178549,0.11578947368421053,0.8842105263157894,1.0,1.8,2.0,5.0,2.0,5.0,5.0,0.0
tep,Threshold,method_retrained,0.5,456,15,0.12058212058212059,0.9963898916967509,0.5738045738045738,0.7282321899736148,0.05263157894736842,0.9473684210526315,1.0,9.8,4.0,3.0,1.2,5.0,5.0,0.0
tep,Threshold,method_retrained,0.5,456,16,0.1862785862785863,0.9948863636363636,0.728066528066528,0.8408163265306122,0.09473684210526316,0.9052631578947369,1.0,7.4,1.0,5.0,2.0,5.0,5.0,0.0
tep,Threshold,method_retrained,0.5,456,17,0.6648648648648648,0.9955396966993756,0.9280665280665281,0.960619754680439,0.10526315789473684,0.8947368421052632,1.0,5.6,0.0,4.0,1.6,5.0,5.0,0.0
tep,Threshold,method_retrained,0.5,456,18,0.7862785862785863,0.9977406235878897,0.9180873180873181,0.9562581203984409,0.05263157894736842,0.9473684210526315,1.0,7.8,3.0,4.0,1.6,5.0,5.0,0.0
tep,Threshold,method_retrained,0.5,456,19,0.5022869022869023,0.9974253347064882,0.8054054054054054,0.8911893259719347,0.05263157894736842,0.9473684210526315,1.0,1.2,1.0,3.0,1.2,5.0,5.0,0.0
tep,Threshold,method_retrained,0.5,456,20,0.7646569646569646,0.9986486486486487,0.9218295218295218,0.9587027027027027,0.031578947368421054,0.968421052631579,1.0,7.2,5.0,2.0,0.8,5.0,5.0,0.0
tep,Threshold,fixed_full_data,0.5,456,1,0.9821205821205822,0.9848236259228876,0.9983367983367983,0.9915341730332439,0.3894736842105263,0.6105263157894737,1.0,0.8,0.0,12.0,4.8,5.0,5.0,0.0
tep,Threshold,fixed_full_data,0.5,456,2,0.9692307692307692,0.9827302631578947,0.9937629937629938,0.9882158362621459,0.4421052631578947,0.5578947368421052,1.0,0.6,0.0,16.0,6.4,5.0,5.0,0.0
tep,Threshold,fixed_full_data,0.5,456,3,0.06611226611226612,0.9839549002601908,0.9434511434511434,0.9632774357885799,0.3894736842105263,0.6105263157894737,1.0,0.2,0.0,11.0,4.4,5.0,5.0,0.0
tep,Threshold,fixed_full_data,0.5,456,4,0.9509355509355509,0.984029484029484,0.9991683991683992,0.9915411594800908,0.4105263157894737,0.5894736842105263,1.0,0.4,0.0,9.0,3.6,5.0,5.0,0.0
tep,Threshold,fixed_full_data,0.5,456,5,0.8112266112266112,0.9876390605686032,0.9966735966735967,0.992135761589404,0.3157894736842105,0.6842105263157895,1.0,0.4,0.0,13.0,5.2,5.0,5.0,0.0
tep,Threshold,fixed_full_data,0.5,456,6,0.9970893970893971,0.983633387888707,0.9995841995841996,0.9915446483811096,0.42105263157894735,0.5789473684210527,1.0,0.2,0.0,6.0,2.4,5.0,5.0,0.0
tep,Threshold,fixed_full_data,0.5,456,7,0.9962577962577963,0.984036021285305,0.9995841995841996,0.9917491749174917,0.4105263157894737,0.5894736842105263,1.0,0.2,0.0,12.0,4.8,5.0,5.0,0.0
tep,Threshold,fixed_full_data,0.5,456,8,0.7850311850311851,0.9846917666528755,0.9896049896049897,0.9871422646204894,0.3894736842105263,0.6105263157894737,1.0,0.4,0.0,13.0,5.2,5.0,5.0,0.0
tep,Threshold,fixed_full_data,0.5,456,9,0.09812889812889813,0.983634797588286,0.9496881496881497,0.9663634440448488,0.4,0.6,1.0,0.6,0.0,14.0,5.6,5.0,5.0,0.0
tep,Threshold,fixed_full_data,0.5,456,10,0.5854469854469855,0.981023102310231,0.9887733887733888,0.9848829985504245,0.4842105263157895,0.5157894736842106,1.0,0.2,0.0,12.0,4.8,5.0,5.0,0.0
tep,Threshold,fixed_full_data,0.5,456,11,0.6960498960498961,0.9811088295687885,0.9933471933471933,0.9871900826446282,0.4842105263157895,0.5157894736842106,1.0,0.4,0.0,11.0,4.4,5.0,5.0,0.0
tep,Threshold,fixed_full_data,0.5,456,12,0.6278586278586279,0.9827727645611156,0.9962577962577963,0.9894693371876936,0.4421052631578947,0.5578947368421052,1.0,0.2,0.0,17.0,6.8,5.0,5.0,0.0
tep,Threshold,fixed_full_data,0.5,456,13,0.7068607068607069,0.9838576158940397,0.9883575883575884,0.9861024683675585,0.4105263157894737,0.5894736842105263,1.0,0.6,0.0,9.0,3.6,5.0,5.0,0.0
tep,Threshold,fixed_full_data,0.5,456,14,0.8914760914760915,0.9828220858895705,0.9991683991683992,0.9909278350515464,0.4421052631578947,0.5578947368421052,1.0,0.2,0.0,14.0,5.6,5.0,5.0,0.0
tep,Threshold,fixed_full_data,0.5,456,15,0.14594594594594595,0.980819529206626,0.9355509355509356,0.9576505639497765,0.4631578947368421,0.5368421052631579,1.0,0.2,0.0,13.0,5.2,5.0,5.0,0.0
tep,Threshold,fixed_full_data,0.5,456,16,0.4540540540540541,0.9824341279799247,0.9767151767151767,0.9795663052543786,0.4421052631578947,0.5578947368421052,1.0,0.8,0.0,14.0,5.6,5.0,5.0,0.0
tep,Threshold,fixed_full_data,0.5,456,17,0.6577962577962578,0.9834162520729685,0.9862785862785863,0.9848453394228773,0.42105263157894735,0.5789473684210527,1.0,0.2,0.0,14.0,5.6,5.0,5.0,0.0
tep,Threshold,fixed_full_data,0.5,456,18,0.7879417879417879,0.9849812265331664,0.9817047817047817,0.9833402748854644,0.37894736842105264,0.6210526315789474,1.0,0.4,0.0,16.0,6.4,5.0,5.0,0.0
tep,Threshold,fixed_full_data,0.5,456,19,0.6353430353430354,0.9837702871410736,0.982952182952183,0.9833610648918469,0.4105263157894737,0.5894736842105263,1.0,0.4,0.0,9.0,3.6,5.0,5.0,0.0
tep,Threshold,fixed_full_data,0.5,456,20,0.7704781704781705,0.9846790890269151,0.9887733887733888,0.9867219917012449,0.3894736842105263,0.6105263157894737,1.0,0.4,0.0,8.0,3.2,5.0,5.0,0.0
tep,Uniform,method_retrained,0.5,456,1,0.9792099792099792,0.9946080464537537,0.9970893970893971,0.9958471760797342,0.1368421052631579,0.8631578947368421,1.0,1.0,1.0,6.0,2.4,5.0,5.0,0.0
tep,Uniform,method_retrained,0.5,456,2,0.9708939708939709,0.9941250524548888,0.985031185031185,0.9895572263993316,0.14736842105263157,0.8526315789473684,1.0,4.2,3.0,5.0,2.0,5.0,5.0,0.0
tep,Uniform,method_retrained,0.5,456,3,0.16964656964656966,0.9955696202531645,0.654054054054054,0.7894604767879548,0.07368421052631578,0.9263157894736842,1.0,4.8,4.0,5.0,2.0,5.0,5.0,0.0
tep,Uniform,method_retrained,0.5,456,4,0.9787941787941788,0.997504159733777,0.9970893970893971,0.9972967352880017,0.06315789473684211,0.9368421052631579,1.0,1.4,1.0,4.0,1.6,5.0,5.0,0.0
tep,Uniform,method_retrained,0.5,456,5,0.7958419958419959,0.995615957913196,0.9442827442827443,0.969270166453265,0.10526315789473684,0.8947368421052632,1.0,1.0,1.0,5.0,2.0,5.0,5.0,0.0
tep,Uniform,method_retrained,0.5,456,6,0.9966735966735967,0.9946102819237148,0.9975051975051975,0.9960556362881462,0.1368421052631579,0.8631578947368421,1.0,1.2,1.0,7.0,2.8,5.0,5.0,0.0
tep,Uniform,method_retrained,0.5,456,7,0.9966735966735967,0.9962640099626401,0.997920997920998,0.9970918155380141,0.09473684210526316,0.9052631578947369,1.0,1.0,1.0,6.0,2.4,5.0,5.0,0.0
tep,Uniform,method_retrained,0.5,456,8,0.8237006237006237,0.9970008568980291,0.9675675675675676,0.9820637265245833,0.07368421052631578,0.9263157894736842,1.0,4.6,4.0,3.0,1.2,5.0,5.0,0.0
tep,Uniform,method_retrained,0.5,456,9,0.15426195426195427,0.994430693069307,0.6681912681912682,0.7993036558070132,0.09473684210526316,0.9052631578947369,1.0,1.2,1.0,3.0,1.2,5.0,5.0,0.0
tep,Uniform,method_retrained,0.5,456,10,0.6623700623700624,0.9964285714285714,0.9280665280665281,0.9610333692142088,0.08421052631578947,0.9157894736842105,1.0,2.4,1.0,5.0,2.0,5.0,5.0,0.0
tep,Uniform,method_retrained,0.5,456,11,0.6923076923076923,0.9950561797752809,0.9205821205821206,0.9563714902807775,0.11578947368421053,0.8842105263157894,1.0,4.0,3.0,4.0,1.6,5.0,5.0,0.0
tep,Uniform,method_retrained,0.5,456,12,0.7775467775467776,0.9953781512605042,0.985031185031185,0.9901776384535005,0.11578947368421053,0.8842105263157894,1.0,1.6,1.0,3.0,1.2,5.0,5.0,0.0
tep,Uniform,method_retrained,0.5,456,13,0.7072765072765073,0.9965650493774152,0.9650727650727651,0.9805661174482467,0.08421052631578947,0.9157894736842105,1.0,4.8,1.0,5.0,2.0,5.0,5.0,0.0
tep,Uniform,method_retrained,0.5,456,14,0.9521829521829522,0.9962593516209476,0.9966735966735967,0.9964664310954063,0.09473684210526316,0.9052631578947369,1.0,1.4,1.0,6.0,2.4,5.0,5.0,0.0
tep,Uniform,method_retrained,0.5,456,15,0.1683991683991684,0.9943467336683417,0.6582120582120582,0.7920940705529147,0.09473684210526316,0.9052631578947369,1.0,1.8,0.0,4.0,1.6,5.0,5.0,0.0
tep,Uniform,method_retrained,0.5,456,16,0.5604989604989605,0.9958410351201479,0.896049896049896,0.9433136353687896,0.09473684210526316,0.9052631578947369,1.0,1.8,2.0,4.0,1.6,5.0,5.0,0.0
tep,Uniform,method_retrained,0.5,456,17,0.834927234927235,0.9947391494958352,0.9434511434511434,0.9684165599658557,0.12631578947368421,0.8736842105263158,1.0,4.2,0.0,5.0,2.0,5.0,5.0,0.0
tep,Uniform,method_retrained,0.5,456,18,0.82993762993763,0.9960681520314548,0.9480249480249481,0.9714529186195143,0.09473684210526316,0.9052631578947369,1.0,3.4,2.0,8.0,3.2,5.0,5.0,0.0
tep,Uniform,method_retrained,0.5,456,19,0.6498960498960499,0.9954771596562642,0.9151767151767152,0.9536395147313691,0.10526315789473684,0.8947368421052632,1.0,1.4,0.0,2.0,0.8,5.0,5.0,0.0
tep,Uniform,method_retrained,0.5,456,20,0.6390852390852391,0.9953980671882191,0.8993762993762994,0.944954128440367,0.10526315789473684,0.8947368421052632,1.0,3.8,4.0,1.0,0.4,5.0,5.0,0.0
tep,Uniform,fixed_full_data,0.5,456,1,0.9821205821205822,0.9848236259228876,0.9983367983367983,0.9915341730332439,0.3894736842105263,0.6105263157894737,1.0,0.8,0.0,12.0,4.8,5.0,5.0,0.0
tep,Uniform,fixed_full_data,0.5,456,2,0.9692307692307692,0.9827302631578947,0.9937629937629938,0.9882158362621459,0.4421052631578947,0.5578947368421052,1.0,0.6,0.0,16.0,6.4,5.0,5.0,0.0
tep,Uniform,fixed_full_data,0.5,456,3,0.12474012474012475,0.9831127339114559,0.8956340956340957,0.9373368146214099,0.3894736842105263,0.6105263157894737,1.0,0.2,0.0,11.0,4.4,5.0,5.0,0.0
tep,Uniform,fixed_full_data,0.5,456,4,0.9746361746361747,0.984029484029484,0.9991683991683992,0.9915411594800908,0.4105263157894737,0.5894736842105263,1.0,0.4,0.0,9.0,3.6,5.0,5.0,0.0
tep,Uniform,fixed_full_data,0.5,456,5,0.8577962577962578,0.9875776397515528,0.9916839916839917,0.9896265560165975,0.3157894736842105,0.6842105263157895,1.0,0.4,0.0,13.0,5.2,5.0,5.0,0.0
tep,Uniform,fixed_full_data,0.5,456,6,0.9970893970893971,0.983633387888707,0.9995841995841996,0.9915446483811096,0.42105263157894735,0.5789473684210527,1.0,0.2,0.0,6.0,2.4,5.0,5.0,0.0
tep,Uniform,fixed_full_data,0.5,456,7,0.9962577962577963,0.984036021285305,0.9995841995841996,0.9917491749174917,0.4105263157894737,0.5894736842105263,1.0,0.2,0.0,12.0,4.8,5.0,5.0,0.0
tep,Uniform,fixed_full_data,0.5,456,8,0.8141372141372142,0.9846854304635762,0.9891891891891892,0.9869321717485999,0.3894736842105263,0.6105263157894737,1.0,0.4,0.0,13.0,5.2,5.0,5.0,0.0
tep,Uniform,fixed_full_data,0.5,456,9,0.1970893970893971,0.982648401826484,0.8948024948024949,0.9366702937976061,0.4,0.6,1.0,0.6,0.0,14.0,5.6,5.0,5.0,0.0
tep,Uniform,fixed_full_data,0.5,456,10,0.6785862785862786,0.9808572617561382,0.98004158004158,0.9804492512479202,0.4842105263157895,0.5157894736842106,1.0,0.2,0.0,12.0,4.8,5.0,5.0,0.0
tep,Uniform,fixed_full_data,0.5,456,11,0.7039501039501039,0.9807852965747702,0.9762993762993764,0.9785371952490102,0.4842105263157895,0.5157894736842106,1.0,0.4,0.0,11.0,4.4,5.0,5.0,0.0
tep,Uniform,fixed_full_data,0.5,456,12,0.7571725571725572,0.9827656955272877,0.9958419958419958,0.9892606361007849,0.4421052631578947,0.5578947368421052,1.0,0.2,0.0,17.0,6.8,5.0,5.0,0.0
tep,Uniform,fixed_full_data,0.5,456,13,0.7272349272349272,0.9838909541511772,0.9904365904365905,0.9871529216742644,0.4105263157894737,0.5894736842105263,1.0,0.6,0.0,9.0,3.6,5.0,5.0,0.0
tep,Uniform,fixed_full_data,0.5,456,14,0.6681912681912682,0.9828220858895705,0.9991683991683992,0.9909278350515464,0.4421052631578947,0.5578947368421052,1.0,0.2,0.0,14.0,5.6,5.0,5.0,0.0
tep,Uniform,fixed_full_data,0.5,456,15,0.24656964656964658,0.9799453053783045,0.893970893970894,0.9349858664927158,0.4631578947368421,0.5368421052631579,1.0,0.2,0.0,13.0,5.2,5.0,5.0,0.0
tep,Uniform,fixed_full_data,0.5,456,16,0.5746361746361747,0.9824561403508771,0.977962577962578,0.9802042092102521,0.4421052631578947,0.5578947368421052,1.0,0.8,0.0,14.0,5.6,5.0,5.0,0.0
tep,Uniform,fixed_full_data,0.5,456,17,0.8436590436590437,0.9833610648918469,0.982952182952183,0.9831565814098565,0.42105263157894735,0.5789473684210527,1.0,0.2,0.0,14.0,5.6,5.0,5.0,0.0
tep,Uniform,fixed_full_data,0.5,456,18,0.834927234927235,0.9850187265917603,0.9841995841995842,0.9846089850249584,0.37894736842105264,0.6210526315789474,1.0,0.4,0.0,16.0,6.4,5.0,5.0,0.0
tep,Uniform,fixed_full_data,0.5,456,19,0.7118503118503119,0.9838442419221209,0.9875259875259875,0.98568167669641,0.4105263157894737,0.5894736842105263,1.0,0.4,0.0,9.0,3.6,5.0,5.0,0.0
tep,Uniform,fixed_full_data,0.5,456,20,0.6831600831600831,0.9844928751047779,0.9767151767151767,0.9805886036318097,0.3894736842105263,0.6105263157894737,1.0,0.4,0.0,8.0,3.2,5.0,5.0,0.0
tep,Full Data,method_retrained,1.0,456,1,0.9837837837837838,0.9884868421052632,0.9995841995841996,0.9940045482737234,0.29473684210526313,0.7052631578947368,1.0,0.2,0.0,8.0,3.2,5.0,5.0,0.0
tep,Full Data,method_retrained,1.0,456,2,0.9738045738045739,0.9884297520661157,0.9945945945945946,0.9915025906735752,0.29473684210526313,0.7052631578947368,1.0,0.2,0.0,8.0,3.2,5.0,5.0,0.0
tep,Full Data,method_retrained,1.0,456,3,0.14677754677754679,0.9869524697110904,0.8806652806652807,0.930784442979565,0.29473684210526313,0.7052631578947368,1.0,0.6,0.0,8.0,3.2,5.0,5.0,0.0
tep,Full Data,method_retrained,1.0,456,4,0.9771309771309772,0.9884868421052632,0.9995841995841996,0.9940045482737234,0.29473684210526313,0.7052631578947368,1.0,0.2,0.0,8.0,3.2,5.0,5.0,0.0
tep,Full Data,method_retrained,1.0,456,5,0.9081081081081082,0.9884153909805544,0.9933471933471933,0.9908751555371216,0.29473684210526313,0.7052631578947368,1.0,0.2,0.0,8.0,3.2,5.0,5.0,0.0
tep,Full Data,method_retrained,1.0,456,6,0.997920997920998,0.9884868421052632,0.9995841995841996,0.9940045482737234,0.29473684210526313,0.7052631578947368,1.0,0.2,0.0,8.0,3.2,5.0,5.0,0.0
tep,Full Data,method_retrained,1.0,456,7,0.997920997920998,0.9884868421052632,0.9995841995841996,0.9940045482737234,0.29473684210526313,0.7052631578947368,1.0,0.2,0.0,8.0,3.2,5.0,5.0,0.0
tep,Full Data,method_retrained,1.0,456,8,0.8133056133056134,0.9883817427385893,0.9904365904365905,0.9894080996884735,0.29473684210526313,0.7052631578947368,1.0,0.2,0.0,8.0,3.2,5.0,5.0,0.0
tep,Full Data,method_retrained,1.0,456,9,0.22494802494802496,0.9869827986982799,0.8827442827442827,0.9319578577699736,0.29473684210526313,0.7052631578947368,1.0,0.2,0.0,8.0,3.2,5.0,5.0,0.0
tep,Full Data,method_retrained,1.0,456,10,0.7139293139293139,0.9882352941176471,0.977962577962578,0.9830721003134796,0.29473684210526313,0.7052631578947368,1.0,0.2,0.0,8.0,3.2,5.0,5.0,0.0
tep,Full Data,method_retrained,1.0,456,11,0.7288981288981289,0.9882005899705014,0.975051975051975,0.9815822519882796,0.29473684210526313,0.7052631578947368,1.0,0.2,0.0,8.0,3.2,5.0,5.0,0.0
tep,Full Data,method_retrained,1.0,456,12,0.7829521829521829,0.9884393063583815,0.9954261954261955,0.9919204474829086,0.29473684210526313,0.7052631578947368,1.0,0.2,0.0,8.0,3.2,5.0,5.0,0.0
tep,Full Data,method_retrained,1.0,456,13,0.7247401247401247,0.9883624272651704,0.9887733887733888,0.9885678653086676,0.29473684210526313,0.7052631578947368,1.0,0.2,0.0,8.0,3.2,5.0,5.0,0.0
tep,Full Data,method_retrained,1.0,456,14,0.9650727650727651,0.988482106129165,0.9991683991683992,0.9937965260545906,0.29473684210526313,0.7052631578947368,1.0,0.2,0.0,8.0,3.2,5.0,5.0,0.0
tep,Full Data,method_retrained,1.0,456,15,0.27442827442827444,0.9868049010367578,0.8706860706860707,0.925115970841617,0.29473684210526313,0.7052631578947368,1.0,0.2,0.0,8.0,3.2,5.0,5.0,0.0
tep,Full Data,method_retrained,1.0,456,16,0.6187110187110187,0.9882005899705014,0.975051975051975,0.9815822519882796,0.29473684210526313,0.7052631578947368,1.0,0.2,0.0,8.0,3.2,5.0,5.0,0.0
tep,Full Data,method_retrained,1.0,456,17,0.8594594594594595,0.9882648784576697,0.9804573804573805,0.9843456480901691,0.29473684210526313,0.7052631578947368,1.0,0.2,0.0,8.0,3.2,5.0,5.0,0.0
tep,Full Data,method_retrained,1.0,456,18,0.8386694386694387,0.9882943143812709,0.982952182952183,0.9856160100062539,0.29473684210526313,0.7052631578947368,1.0,0.2,0.0,8.0,3.2,5.0,5.0,0.0
tep,Full Data,method_retrained,1.0,456,19,0.8191268191268192,0.9883575883575884,0.9883575883575884,0.9883575883575884,0.29473684210526313,0.7052631578947368,1.0,0.2,0.0,8.0,3.2,5.0,5.0,0.0
tep,Full Data,method_retrained,1.0,456,20,0.6989604989604989,0.9881255301102629,0.9688149688149689,0.9783749737560361,0.29473684210526313,0.7052631578947368,1.0,0.2,0.0,8.0,3.2,5.0,5.0,0.0
tep,Full Data,fixed_full_data,1.0,456,1,0.9837837837837838,0.9884868421052632,0.9995841995841996,0.9940045482737234,0.29473684210526313,0.7052631578947368,1.0,0.2,0.0,8.0,3.2,5.0,5.0,0.0
tep,Full Data,fixed_full_data,1.0,456,2,0.9738045738045739,0.9884297520661157,0.9945945945945946,0.9915025906735752,0.29473684210526313,0.7052631578947368,1.0,0.2,0.0,8.0,3.2,5.0,5.0,0.0
tep,Full Data,fixed_full_data,1.0,456,3,0.14677754677754679,0.9869524697110904,0.8806652806652807,0.930784442979565,0.29473684210526313,0.7052631578947368,1.0,0.6,0.0,8.0,3.2,5.0,5.0,0.0
tep,Full Data,fixed_full_data,1.0,456,4,0.9771309771309772,0.9884868421052632,0.9995841995841996,0.9940045482737234,0.29473684210526313,0.7052631578947368,1.0,0.2,0.0,8.0,3.2,5.0,5.0,0.0
tep,Full Data,fixed_full_data,1.0,456,5,0.9081081081081082,0.9884153909805544,0.9933471933471933,0.9908751555371216,0.29473684210526313,0.7052631578947368,1.0,0.2,0.0,8.0,3.2,5.0,5.0,0.0
tep,Full Data,fixed_full_data,1.0,456,6,0.997920997920998,0.9884868421052632,0.9995841995841996,0.9940045482737234,0.29473684210526313,0.7052631578947368,1.0,0.2,0.0,8.0,3.2,5.0,5.0,0.0
tep,Full Data,fixed_full_data,1.0,456,7,0.997920997920998,0.9884868421052632,0.9995841995841996,0.9940045482737234,0.29473684210526313,0.7052631578947368,1.0,0.2,0.0,8.0,3.2,5.0,5.0,0.0
tep,Full Data,fixed_full_data,1.0,456,8,0.8133056133056134,0.9883817427385893,0.9904365904365905,0.9894080996884735,0.29473684210526313,0.7052631578947368,1.0,0.2,0.0,8.0,3.2,5.0,5.0,0.0
tep,Full Data,fixed_full_data,1.0,456,9,0.22494802494802496,0.9869827986982799,0.8827442827442827,0.9319578577699736,0.29473684210526313,0.7052631578947368,1.0,0.2,0.0,8.0,3.2,5.0,5.0,0.0
tep,Full Data,fixed_full_data,1.0,456,10,0.7139293139293139,0.9882352941176471,0.977962577962578,0.9830721003134796,0.29473684210526313,0.7052631578947368,1.0,0.2,0.0,8.0,3.2,5.0,5.0,0.0
tep,Full Data,fixed_full_data,1.0,456,11,0.7288981288981289,0.9882005899705014,0.975051975051975,0.9815822519882796,0.29473684210526313,0.7052631578947368,1.0,0.2,0.0,8.0,3.2,5.0,5.0,0.0
tep,Full Data,fixed_full_data,1.0,456,12,0.7829521829521829,0.9884393063583815,0.9954261954261955,0.9919204474829086,0.29473684210526313,0.7052631578947368,1.0,0.2,0.0,8.0,3.2,5.0,5.0,0.0
tep,Full Data,fixed_full_data,1.0,456,13,0.7247401247401247,0.9883624272651704,0.9887733887733888,0.9885678653086676,0.29473684210526313,0.7052631578947368,1.0,0.2,0.0,8.0,3.2,5.0,5.0,0.0
tep,Full Data,fixed_full_data,1.0,456,14,0.9650727650727651,0.988482106129165,0.9991683991683992,0.9937965260545906,0.29473684210526313,0.7052631578947368,1.0,0.2,0.0,8.0,3.2,5.0,5.0,0.0
tep,Full Data,fixed_full_data,1.0,456,15,0.27442827442827444,0.9868049010367578,0.8706860706860707,0.925115970841617,0.29473684210526313,0.7052631578947368,1.0,0.2,0.0,8.0,3.2,5.0,5.0,0.0
tep,Full Data,fixed_full_data,1.0,456,16,0.6187110187110187,0.9882005899705014,0.975051975051975,0.9815822519882796,0.29473684210526313,0.7052631578947368,1.0,0.2,0.0,8.0,3.2,5.0,5.0,0.0
tep,Full Data,fixed_full_data,1.0,456,17,0.8594594594594595,0.9882648784576697,0.9804573804573805,0.9843456480901691,0.29473684210526313,0.7052631578947368,1.0,0.2,0.0,8.0,3.2,5.0,5.0,0.0
tep,Full Data,fixed_full_data,1.0,456,18,0.8386694386694387,0.9882943143812709,0.982952182952183,0.9856160100062539,0.29473684210526313,0.7052631578947368,1.0,0.2,0.0,8.0,3.2,5.0,5.0,0.0
tep,Full Data,fixed_full_data,1.0,456,19,0.8191268191268192,0.9883575883575884,0.9883575883575884,0.9883575883575884,0.29473684210526313,0.7052631578947368,1.0,0.2,0.0,8.0,3.2,5.0,5.0,0.0
tep,Full Data,fixed_full_data,1.0,456,20,0.6989604989604989,0.9881255301102629,0.9688149688149689,0.9783749737560361,0.29473684210526313,0.7052631578947368,1.0,0.2,0.0,8.0,3.2,5.0,5.0,0.0
tep,PCA-Triage,method_retrained,0.5,789,1,0.9825363825363825,0.9970784641068448,0.9933471933471933,0.9952093313892939,0.07368421052631578,0.9263157894736842,1.0,1.0,0.0,3.0,1.2,5.0,5.0,0.0
tep,PCA-Triage,method_retrained,0.5,789,2,0.9675675675675676,0.9983100971694128,0.9825363825363825,0.990360435875943,0.042105263157894736,0.9578947368421052,1.0,2.8,1.0,4.0,1.6,5.0,5.0,0.0
tep,PCA-Triage,method_retrained,0.5,789,3,0.1970893970893971,0.9956548727498448,0.666943866943867,0.798804780876494,0.07368421052631578,0.9263157894736842,1.0,5.4,2.0,5.0,2.0,5.0,5.0,0.0
tep,PCA-Triage,method_retrained,0.5,789,4,0.9476091476091476,0.9975083056478405,0.9987525987525988,0.9981300644088926,0.06315789473684211,0.9368421052631579,1.0,0.6,1.0,3.0,1.2,5.0,5.0,0.0
tep,PCA-Triage,method_retrained,0.5,789,5,0.7201663201663202,0.9973684210526316,0.9455301455301456,0.9707577374599786,0.06315789473684211,0.9368421052631579,1.0,1.0,1.0,3.0,1.2,5.0,5.0,0.0
tep,PCA-Triage,method_retrained,0.5,789,6,0.9962577962577963,0.9991663192997082,0.9966735966735967,0.9979184013322231,0.021052631578947368,0.9789473684210527,1.0,1.6,1.0,2.0,0.8,5.0,5.0,0.0
tep,PCA-Triage,method_retrained,0.5,789,7,0.9962577962577963,0.9966804979253112,0.9987525987525988,0.9977154724818276,0.08421052631578947,0.9157894736842105,1.0,0.6,1.0,3.0,1.2,5.0,5.0,0.0
tep,PCA-Triage,method_retrained,0.5,789,8,0.7862785862785863,0.9982985963419821,0.9758835758835759,0.9869638351555929,0.042105263157894736,0.9578947368421052,1.0,2.0,1.0,2.0,0.8,5.0,5.0,0.0
tep,PCA-Triage,method_retrained,0.5,789,9,0.1130977130977131,0.9909560723514211,0.6378378378378379,0.7761194029850746,0.14736842105263157,0.8526315789473684,1.0,3.4,1.0,3.0,1.2,5.0,5.0,0.0
tep,PCA-Triage,method_retrained,0.5,789,10,0.49771309771309774,0.9981908638625057,0.9176715176715177,0.9562391681109186,0.042105263157894736,0.9578947368421052,1.0,4.0,3.0,3.0,1.2,5.0,5.0,0.0
tep,PCA-Triage,method_retrained,0.5,789,11,0.7239085239085239,0.9982118909253465,0.9284823284823285,0.9620853080568721,0.042105263157894736,0.9578947368421052,1.0,1.0,1.0,3.0,1.2,5.0,5.0,0.0
tep,PCA-Triage,method_retrained,0.5,789,12,0.7546777546777547,0.9962232480067142,0.9871101871101872,0.9916457811194653,0.09473684210526316,0.9052631578947369,1.0,0.6,1.0,2.0,0.8,5.0,5.0,0.0
tep,PCA-Triage,method_retrained,0.5,789,13,0.6735966735966736,0.9965635738831615,0.9646569646569647,0.9803507289245722,0.08421052631578947,0.9157894736842105,1.0,3.6,2.0,3.0,1.2,5.0,5.0,0.0
tep,PCA-Triage,method_retrained,0.5,789,14,0.9525987525987526,0.9966791199667911,0.9983367983367983,0.997507270461155,0.08421052631578947,0.9157894736842105,1.0,0.8,1.0,2.0,0.8,5.0,5.0,0.0
tep,PCA-Triage,method_retrained,0.5,789,15,0.13846153846153847,0.9950310559006211,0.6661122661122661,0.7980074719800747,0.08421052631578947,0.9157894736842105,1.0,1.0,0.0,2.0,0.8,5.0,5.0,0.0
tep,PCA-Triage,method_retrained,0.5,789,16,0.34553014553014555,0.9956140350877193,0.8494802494802495,0.9167601525689926,0.09473684210526316,0.9052631578947369,1.0,6.0,1.0,4.0,1.6,5.0,5.0,0.0
tep,PCA-Triage,method_retrained,0.5,789,17,0.8083160083160084,0.9961106309420916,0.9584199584199584,0.976901885992795,0.09473684210526316,0.9052631578947369,1.0,5.8,3.0,6.0,2.4,5.0,5.0,0.0
tep,PCA-Triage,method_retrained,0.5,789,18,0.8012474012474012,0.9978137297770004,0.9488565488565489,0.9727195225916454,0.05263157894736842,0.9473684210526315,1.0,1.8,1.0,3.0,1.2,5.0,5.0,0.0
tep,PCA-Triage,method_retrained,0.5,789,19,0.493970893970894,0.9966459032103497,0.8648648648648649,0.9260908281389136,0.07368421052631578,0.9263157894736842,1.0,0.8,0.0,3.0,1.2,5.0,5.0,0.0
tep,PCA-Triage,method_retrained,0.5,789,20,0.6253638253638254,0.9958410351201479,0.896049896049896,0.9433136353687896,0.09473684210526316,0.9052631578947369,1.0,3.0,2.0,6.0,2.4,5.0,5.0,0.0
tep,PCA-Triage,fixed_full_data,0.5,789,1,0.9841995841995842,0.9824346405228758,1.0,0.9911395013393777,0.45263157894736844,0.5473684210526316,1.0,0.0,0.0,15.0,6.0,5.0,5.0,0.0
tep,PCA-Triage,fixed_full_data,0.5,789,2,0.9683991683991684,0.983127572016461,0.9933471933471933,0.9882109617373319,0.43157894736842106,0.5684210526315789,1.0,0.0,0.0,11.0,4.4,5.0,5.0,0.0
tep,PCA-Triage,fixed_full_data,0.5,789,3,0.09313929313929314,0.9891940567312022,0.9135135135135135,0.949848681366191,0.25263157894736843,0.7473684210526316,1.0,0.4,0.0,12.0,4.8,5.0,5.0,0.0
tep,PCA-Triage,fixed_full_data,0.5,789,4,0.9704781704781705,0.9808241534067728,0.9995841995841996,0.9901153212520593,0.49473684210526314,0.5052631578947369,1.0,0.2,0.0,11.0,4.4,5.0,5.0,0.0
tep,PCA-Triage,fixed_full_data,0.5,789,5,0.8286902286902287,0.9880066170388752,0.9933471933471933,0.9906697076508397,0.30526315789473685,0.6947368421052632,1.0,0.6,1.0,11.0,4.4,5.0,5.0,0.0
tep,PCA-Triage,fixed_full_data,0.5,789,6,0.9954261954261955,0.9828291087489779,0.9995841995841996,0.9911358482787054,0.4421052631578947,0.5578947368421052,1.0,0.0,0.0,14.0,5.6,5.0,5.0,0.0
tep,PCA-Triage,fixed_full_data,0.5,789,7,0.9945945945945946,0.986059860598606,1.0,0.9929810074318745,0.35789473684210527,0.6421052631578947,1.0,0.0,0.0,11.0,4.4,5.0,5.0,0.0
tep,PCA-Triage,fixed_full_data,0.5,789,8,0.8137214137214137,0.9843363561417972,0.992931392931393,0.9886151935417098,0.4,0.6,1.0,0.0,0.0,14.0,5.6,5.0,5.0,0.0
tep,PCA-Triage,fixed_full_data,0.5,789,9,0.1343035343035343,0.9832007073386384,0.9247401247401248,0.9530747803728306,0.4,0.6,1.0,0.4,0.0,19.0,7.6,5.0,5.0,0.0
tep,PCA-Triage,fixed_full_data,0.5,789,10,0.604989604989605,0.984251968503937,0.9875259875259875,0.9858862598588626,0.4,0.6,1.0,0.0,0.0,11.0,4.4,5.0,5.0,0.0
tep,PCA-Triage,fixed_full_data,0.5,789,11,0.7476091476091477,0.9837092731829574,0.9792099792099792,0.9814544696811836,0.4105263157894737,0.5894736842105263,1.0,0.4,0.0,14.0,5.6,5.0,5.0,0.0
tep,PCA-Triage,fixed_full_data,0.5,789,12,0.7446985446985447,0.9852216748768473,0.997920997920998,0.9915306754802726,0.37894736842105264,0.6210526315789474,1.0,0.0,0.0,10.0,4.0,5.0,5.0,0.0
tep,PCA-Triage,fixed_full_data,0.5,789,13,0.735966735966736,0.9842389050186644,0.9866943866943867,0.9854651162790697,0.4,0.6,1.0,0.2,0.0,10.0,4.0,5.0,5.0,0.0
tep,PCA-Triage,fixed_full_data,0.5,789,14,0.9471933471933472,0.9864532019704434,0.9991683991683992,0.992770088824623,0.3473684210526316,0.6526315789473685,1.0,0.2,0.0,14.0,5.6,5.0,5.0,0.0
tep,PCA-Triage,fixed_full_data,0.5,789,15,0.1783783783783784,0.9845950704225352,0.9301455301455301,0.9565961086166346,0.3684210526315789,0.631578947368421,1.0,0.2,0.0,12.0,4.8,5.0,5.0,0.0
tep,PCA-Triage,fixed_full_data,0.5,789,16,0.5654885654885655,0.9857859531772575,0.9804573804573805,0.9831144465290806,0.35789473684210527,0.6421052631578947,1.0,0.6,0.0,11.0,4.4,5.0,5.0,0.0
tep,PCA-Triage,fixed_full_data,0.5,789,17,0.7372141372141372,0.9854348730753225,0.9846153846153847,0.9850249584026622,0.3684210526315789,0.631578947368421,1.0,0.0,0.0,13.0,5.2,5.0,5.0,0.0
tep,PCA-Triage,fixed_full_data,0.5,789,18,0.8095634095634096,0.9874634350188048,0.9825363825363825,0.9849937473947478,0.3157894736842105,0.6842105263157895,1.0,0.2,0.0,15.0,6.0,5.0,5.0,0.0
tep,PCA-Triage,fixed_full_data,0.5,789,19,0.6656964656964657,0.9858569051580699,0.9854469854469855,0.9856519026824704,0.35789473684210527,0.6421052631578947,1.0,0.2,0.0,9.0,3.6,5.0,5.0,0.0
tep,PCA-Triage,fixed_full_data,0.5,789,20,0.7106029106029106,0.9845317725752508,0.9792099792099792,0.981863664790494,0.3894736842105263,0.6105263157894737,1.0,0.0,0.0,7.0,2.8,5.0,5.0,0.0
tep,Variance,method_retrained,0.5,789,1,0.98004158004158,0.9966638865721434,0.9937629937629938,0.9952113262544243,0.08421052631578947,0.9157894736842105,1.0,2.2,1.0,5.0,2.0,5.0,5.0,0.0
tep,Variance,method_retrained,0.5,789,2,0.9683991683991684,0.9987271955876114,0.9787941787941788,0.9886602267954641,0.031578947368421054,0.968421052631579,1.0,5.4,6.0,3.0,1.2,5.0,5.0,0.0
tep,Variance,method_retrained,0.5,789,3,0.17006237006237007,0.9957369062119367,0.6798336798336798,0.8080059303187547,0.07368421052631578,0.9263157894736842,1.0,3.4,3.0,4.0,1.6,5.0,5.0,0.0
tep,Variance,method_retrained,0.5,789,4,0.9081081081081082,0.9975083056478405,0.9987525987525988,0.9981300644088926,0.06315789473684211,0.9368421052631579,1.0,0.6,1.0,2.0,0.8,5.0,5.0,0.0
tep,Variance,method_retrained,0.5,789,5,0.7434511434511435,0.997341603898981,0.935966735966736,0.9656799656799657,0.06315789473684211,0.9368421052631579,1.0,1.2,1.0,1.0,0.4,5.0,5.0,0.0
tep,Variance,method_retrained,0.5,789,6,0.9962577962577963,0.997920997920998,0.997920997920998,0.997920997920998,0.05263157894736842,0.9473684210526315,1.0,1.0,1.0,2.0,0.8,5.0,5.0,0.0
tep,Variance,method_retrained,0.5,789,7,0.9962577962577963,0.9983367983367983,0.9983367983367983,0.9983367983367983,0.042105263157894736,0.9578947368421052,1.0,0.8,1.0,0.0,0.0,5.0,5.0,0.0
tep,Variance,method_retrained,0.5,789,8,0.7975051975051975,0.9974304068522484,0.9683991683991684,0.9827004219409282,0.06315789473684211,0.9368421052631579,1.0,7.2,2.0,4.0,1.6,5.0,5.0,0.0
tep,Variance,method_retrained,0.5,789,9,0.10810810810810811,0.9941329856584094,0.6340956340956341,0.7743082000507743,0.09473684210526316,0.9052631578947369,1.0,1.8,2.0,3.0,1.2,5.0,5.0,0.0
tep,Variance,method_retrained,0.5,789,10,0.5031185031185031,0.9968999114260407,0.935966735966736,0.9654728715419258,0.07368421052631578,0.9263157894736842,1.0,5.8,3.0,2.0,0.8,5.0,5.0,0.0
tep,Variance,method_retrained,0.5,789,11,0.7081081081081081,0.9991067440821796,0.9301455301455301,0.9633936261843239,0.021052631578947368,0.9789473684210527,1.0,4.6,2.0,2.0,0.8,5.0,5.0,0.0
tep,Variance,method_retrained,0.5,789,12,0.7650727650727651,0.9966372425388819,0.9858627858627859,0.9912207357859532,0.08421052631578947,0.9157894736842105,1.0,2.8,3.0,2.0,0.8,5.0,5.0,0.0
tep,Variance,method_retrained,0.5,789,13,0.7010395010395011,0.9969788519637462,0.9604989604989606,0.9783989834815756,0.07368421052631578,0.9263157894736842,1.0,3.4,2.0,2.0,0.8,5.0,5.0,0.0
tep,Variance,method_retrained,0.5,789,14,0.9513513513513514,0.9954394693200663,0.9983367983367983,0.9968860286485365,0.11578947368421053,0.8842105263157894,1.0,0.8,1.0,3.0,1.2,5.0,5.0,0.0
tep,Variance,method_retrained,0.5,789,15,0.13097713097713098,0.9952324195470799,0.6943866943866944,0.8180259613029635,0.08421052631578947,0.9157894736842105,1.0,2.8,2.0,3.0,1.2,5.0,5.0,0.0
tep,Variance,method_retrained,0.5,789,16,0.3783783783783784,0.9980109398309299,0.8345114345114345,0.9089673913043478,0.042105263157894736,0.9578947368421052,1.0,7.8,2.0,1.0,0.4,5.0,5.0,0.0
tep,Variance,method_retrained,0.5,789,17,0.822037422037422,0.9960818458859382,0.9513513513513514,0.9732028923862186,0.09473684210526316,0.9052631578947369,1.0,4.0,2.0,5.0,2.0,5.0,5.0,0.0
tep,Variance,method_retrained,0.5,789,18,0.812058212058212,0.9991169977924945,0.940956340956341,0.9691648822269807,0.021052631578947368,0.9789473684210527,1.0,3.6,1.0,0.0,0.0,5.0,5.0,0.0
tep,Variance,method_retrained,0.5,789,19,0.5126819126819127,0.9953051643192489,0.8814968814968815,0.9349503858875413,0.10526315789473684,0.8947368421052632,1.0,1.0,1.0,4.0,1.6,5.0,5.0,0.0
tep,Variance,method_retrained,0.5,789,20,0.6598752598752599,0.9967652495378928,0.8968814968814969,0.9441891004596191,0.07368421052631578,0.9263157894736842,1.0,5.0,2.0,3.0,1.2,5.0,5.0,0.0
tep,Variance,fixed_full_data,0.5,789,1,0.9841995841995842,0.9824346405228758,1.0,0.9911395013393777,0.45263157894736844,0.5473684210526316,1.0,0.0,0.0,15.0,6.0,5.0,5.0,0.0
tep,Variance,fixed_full_data,0.5,789,2,0.9683991683991684,0.983127572016461,0.9933471933471933,0.9882109617373319,0.43157894736842106,0.5684210526315789,1.0,0.0,0.0,11.0,4.4,5.0,5.0,0.0
tep,Variance,fixed_full_data,0.5,789,3,0.08232848232848233,0.9891745602165088,0.9118503118503118,0.9489398528775422,0.25263157894736843,0.7473684210526316,1.0,0.4,0.0,12.0,4.8,5.0,5.0,0.0
tep,Variance,fixed_full_data,0.5,789,4,0.9688149688149689,0.9808241534067728,0.9995841995841996,0.9901153212520593,0.49473684210526314,0.5052631578947369,1.0,0.2,0.0,11.0,4.4,5.0,5.0,0.0
tep,Variance,fixed_full_data,0.5,789,5,0.8332640332640333,0.9880165289256199,0.9941787941787942,0.9910880829015544,0.30526315789473685,0.6947368421052632,1.0,0.6,1.0,11.0,4.4,5.0,5.0,0.0
tep,Variance,fixed_full_data,0.5,789,6,0.9954261954261955,0.9828291087489779,0.9995841995841996,0.9911358482787054,0.4421052631578947,0.5578947368421052,1.0,0.0,0.0,14.0,5.6,5.0,5.0,0.0
tep,Variance,fixed_full_data,0.5,789,7,0.9945945945945946,0.986059860598606,1.0,0.9929810074318745,0.35789473684210527,0.6421052631578947,1.0,0.0,0.0,11.0,4.4,5.0,5.0,0.0
tep,Variance,fixed_full_data,0.5,789,8,0.8133056133056134,0.9843298969072165,0.9925155925155925,0.9884057971014493,0.4,0.6,1.0,0.0,0.0,14.0,5.6,5.0,5.0,0.0
tep,Variance,fixed_full_data,0.5,789,9,0.13014553014553015,0.9830357142857142,0.9155925155925156,0.9481162540365985,0.4,0.6,1.0,0.4,0.0,19.0,7.6,5.0,5.0,0.0
tep,Variance,fixed_full_data,0.5,789,10,0.6395010395010395,0.9841995841995842,0.9841995841995842,0.9841995841995842,0.4,0.6,1.0,0.0,0.0,11.0,4.4,5.0,5.0,0.0
tep,Variance,fixed_full_data,0.5,789,11,0.7293139293139294,0.98375,0.9817047817047817,0.9827263267429761,0.4105263157894737,0.5894736842105263,1.0,0.4,0.0,14.0,5.6,5.0,5.0,0.0
tep,Variance,fixed_full_data,0.5,789,12,0.7326403326403327,0.9852216748768473,0.997920997920998,0.9915306754802726,0.37894736842105264,0.6210526315789474,1.0,0.0,0.0,10.0,4.0,5.0,5.0,0.0
tep,Variance,fixed_full_data,0.5,789,13,0.7297297297297297,0.984251968503937,0.9875259875259875,0.9858862598588626,0.4,0.6,1.0,0.2,0.0,10.0,4.0,5.0,5.0,0.0
tep,Variance,fixed_full_data,0.5,789,14,0.9467775467775468,0.9864532019704434,0.9991683991683992,0.992770088824623,0.3473684210526316,0.6526315789473685,1.0,0.2,0.0,14.0,5.6,5.0,5.0,0.0
tep,Variance,fixed_full_data,0.5,789,15,0.18336798336798338,0.9844651575676875,0.9222453222453223,0.9523400601116359,0.3684210526315789,0.631578947368421,1.0,0.2,0.0,12.0,4.8,5.0,5.0,0.0
tep,Variance,fixed_full_data,0.5,789,16,0.5604989604989605,0.9857740585774059,0.9796257796257797,0.9826903023983315,0.35789473684210527,0.6421052631578947,1.0,0.6,0.0,11.0,4.4,5.0,5.0,0.0
tep,Variance,fixed_full_data,0.5,789,17,0.8191268191268192,0.9853678929765887,0.98004158004158,0.9826975192828852,0.3684210526315789,0.631578947368421,1.0,0.0,0.0,13.0,5.2,5.0,5.0,0.0
tep,Variance,fixed_full_data,0.5,789,18,0.822037422037422,0.9874371859296482,0.9804573804573805,0.9839349050698936,0.3157894736842105,0.6842105263157895,1.0,0.2,0.0,15.0,6.0,5.0,5.0,0.0
tep,Variance,fixed_full_data,0.5,789,19,0.6731808731808732,0.9858686616791354,0.9862785862785863,0.9860735813760133,0.35789473684210527,0.6421052631578947,1.0,0.2,0.0,9.0,3.6,5.0,5.0,0.0
tep,Variance,fixed_full_data,0.5,789,20,0.7255717255717256,0.984421052631579,0.9721413721413722,0.9782426778242678,0.3894736842105263,0.6105263157894737,1.0,0.0,0.0,7.0,2.8,5.0,5.0,0.0
tep,Threshold,method_retrained,0.5,789,1,0.9875259875259875,0.9974958263772955,0.9937629937629938,0.9956259112684858,0.06315789473684211,0.9368421052631579,1.0,2.6,2.0,5.0,2.0,5.0,5.0,0.0
tep,Threshold,method_retrained,0.5,789,2,0.9671517671517672,0.9983065198983911,0.9804573804573805,0.9893014474512272,0.042105263157894736,0.9578947368421052,1.0,4.8,3.0,2.0,0.8,5.0,5.0,0.0
tep,Threshold,method_retrained,0.5,789,3,0.14760914760914762,0.9960629921259843,0.6311850311850312,0.7727157037414101,0.06315789473684211,0.9368421052631579,1.0,6.6,3.0,3.0,1.2,5.0,5.0,0.0
tep,Threshold,method_retrained,0.5,789,4,0.9226611226611227,0.9979201331114809,0.9975051975051975,0.9977126221667706,0.05263157894736842,0.9473684210526315,1.0,1.0,1.0,3.0,1.2,5.0,5.0,0.0
tep,Threshold,method_retrained,0.5,789,5,0.5975051975051975,0.9986462093862816,0.9201663201663202,0.9578013417009306,0.031578947368421054,0.968421052631579,1.0,1.8,1.0,2.0,0.8,5.0,5.0,0.0
tep,Threshold,method_retrained,0.5,789,6,0.9962577962577963,0.9991666666666666,0.9970893970893971,0.9981269510926118,0.021052631578947368,0.9789473684210527,1.0,1.2,1.0,2.0,0.8,5.0,5.0,0.0
tep,Threshold,method_retrained,0.5,789,7,0.9937629937629938,0.99833748960931,0.9987525987525988,0.998545001039285,0.042105263157894736,0.9578947368421052,1.0,0.6,0.0,2.0,0.8,5.0,5.0,0.0
tep,Threshold,method_retrained,0.5,789,8,0.7031185031185031,0.9978641606151217,0.9713097713097714,0.9844079224610198,0.05263157894736842,0.9473684210526315,1.0,3.4,1.0,3.0,1.2,5.0,5.0,0.0
tep,Threshold,method_retrained,0.5,789,9,0.06902286902286903,0.9938733832539143,0.6070686070686071,0.7537429013939081,0.09473684210526316,0.9052631578947369,1.0,5.2,2.0,3.0,1.2,5.0,5.0,0.0
tep,Threshold,method_retrained,0.5,789,10,0.4390852390852391,0.9972577696526508,0.9072765072765073,0.9501415197038973,0.06315789473684211,0.9368421052631579,1.0,5.4,4.0,2.0,0.8,5.0,5.0,0.0
tep,Threshold,method_retrained,0.5,789,11,0.6029106029106029,0.9981634527089073,0.903950103950104,0.9487235435304385,0.042105263157894736,0.9578947368421052,1.0,7.0,8.0,2.0,0.8,5.0,5.0,0.0
tep,Threshold,method_retrained,0.5,789,12,0.7434511434511435,0.9966315789473684,0.9841995841995842,0.9903765690376569,0.08421052631578947,0.9157894736842105,1.0,2.8,3.0,2.0,0.8,5.0,5.0,0.0
tep,Threshold,method_retrained,0.5,789,13,0.6141372141372141,0.9982653946227233,0.9571725571725572,0.9772872001698153,0.042105263157894736,0.9578947368421052,1.0,5.2,2.0,1.0,0.4,5.0,5.0,0.0
tep,Threshold,method_retrained,0.5,789,14,0.9646569646569647,0.9962624584717608,0.9975051975051975,0.9968834406814876,0.09473684210526316,0.9052631578947369,1.0,1.2,1.0,3.0,1.2,5.0,5.0,0.0
tep,Threshold,method_retrained,0.5,789,15,0.09563409563409564,0.994263862332696,0.6486486486486487,0.7851031706089582,0.09473684210526316,0.9052631578947369,1.0,3.0,2.0,5.0,2.0,5.0,5.0,0.0
tep,Threshold,method_retrained,0.5,789,16,0.24615384615384617,0.9979285344381149,0.8012474012474012,0.8888376383763837,0.042105263157894736,0.9578947368421052,1.0,2.6,1.0,1.0,0.4,5.0,5.0,0.0
tep,Threshold,method_retrained,0.5,789,17,0.7422037422037422,0.9978260869565218,0.9542619542619543,0.975557917109458,0.05263157894736842,0.9473684210526315,1.0,5.0,2.0,4.0,1.6,5.0,5.0,0.0
tep,Threshold,method_retrained,0.5,789,18,0.7925155925155926,0.9973568281938326,0.9413721413721414,0.9685561497326203,0.06315789473684211,0.9368421052631579,1.0,4.4,2.0,4.0,1.6,5.0,5.0,0.0
tep,Threshold,method_retrained,0.5,789,19,0.46403326403326406,0.9959225280326198,0.8124740124740125,0.8948935195786581,0.08421052631578947,0.9157894736842105,1.0,3.4,2.0,3.0,1.2,5.0,5.0,0.0
tep,Threshold,method_retrained,0.5,789,20,0.7022869022869023,0.9973285841495992,0.9313929313929314,0.9632337131799613,0.06315789473684211,0.9368421052631579,1.0,3.0,2.0,4.0,1.6,5.0,5.0,0.0
tep,Threshold,fixed_full_data,0.5,789,1,0.9841995841995842,0.9824346405228758,1.0,0.9911395013393777,0.45263157894736844,0.5473684210526316,1.0,0.0,0.0,15.0,6.0,5.0,5.0,0.0
tep,Threshold,fixed_full_data,0.5,789,2,0.9683991683991684,0.983127572016461,0.9933471933471933,0.9882109617373319,0.43157894736842106,0.5684210526315789,1.0,0.0,0.0,11.0,4.4,5.0,5.0,0.0
tep,Threshold,fixed_full_data,0.5,789,3,0.06985446985446986,0.989237668161435,0.9172557172557173,0.9518878101402374,0.25263157894736843,0.7473684210526316,1.0,0.4,0.0,12.0,4.8,5.0,5.0,0.0
tep,Threshold,fixed_full_data,0.5,789,4,0.9804573804573805,0.9808241534067728,0.9995841995841996,0.9901153212520593,0.49473684210526314,0.5052631578947369,1.0,0.2,0.0,11.0,4.4,5.0,5.0,0.0
tep,Threshold,fixed_full_data,0.5,789,5,0.7284823284823285,0.9880609304240429,0.997920997920998,0.9929664873810509,0.30526315789473685,0.6947368421052632,1.0,0.6,1.0,11.0,4.4,5.0,5.0,0.0
tep,Threshold,fixed_full_data,0.5,789,6,0.9954261954261955,0.9828291087489779,0.9995841995841996,0.9911358482787054,0.4421052631578947,0.5578947368421052,1.0,0.0,0.0,14.0,5.6,5.0,5.0,0.0
tep,Threshold,fixed_full_data,0.5,789,7,0.9937629937629938,0.986059860598606,1.0,0.9929810074318745,0.35789473684210527,0.6421052631578947,1.0,0.0,0.0,11.0,4.4,5.0,5.0,0.0
tep,Threshold,fixed_full_data,0.5,789,8,0.8195426195426195,0.9843104872006606,0.9912681912681913,0.9877770872177336,0.4,0.6,1.0,0.0,0.0,14.0,5.6,5.0,5.0,0.0
tep,Threshold,fixed_full_data,0.5,789,9,0.09604989604989606,0.9831186139493558,0.9201663201663202,0.9506013745704467,0.4,0.6,1.0,0.4,0.0,19.0,7.6,5.0,5.0,0.0
tep,Threshold,fixed_full_data,0.5,789,10,0.5313929313929314,0.9841864336246359,0.9833679833679834,0.9837770382695508,0.4,0.6,1.0,0.0,0.0,11.0,4.4,5.0,5.0,0.0
tep,Threshold,fixed_full_data,0.5,789,11,0.674012474012474,0.983790523690773,0.9841995841995842,0.9839950114321346,0.4105263157894737,0.5894736842105263,1.0,0.4,0.0,14.0,5.6,5.0,5.0,0.0
tep,Threshold,fixed_full_data,0.5,789,12,0.6091476091476091,0.9852216748768473,0.997920997920998,0.9915306754802726,0.37894736842105264,0.6210526315789474,1.0,0.0,0.0,10.0,4.0,5.0,5.0,0.0
tep,Threshold,fixed_full_data,0.5,789,13,0.6997920997920998,0.9842389050186644,0.9866943866943867,0.9854651162790697,0.4,0.6,1.0,0.2,0.0,10.0,4.0,5.0,5.0,0.0
tep,Threshold,fixed_full_data,0.5,789,14,0.8918918918918919,0.9864532019704434,0.9991683991683992,0.992770088824623,0.3473684210526316,0.6526315789473685,1.0,0.2,0.0,14.0,5.6,5.0,5.0,0.0
tep,Threshold,fixed_full_data,0.5,789,15,0.1417879417879418,0.9847428073234524,0.9392931392931393,0.9614811662055757,0.3684210526315789,0.631578947368421,1.0,0.2,0.0,12.0,4.8,5.0,5.0,0.0
tep,Threshold,fixed_full_data,0.5,789,16,0.5434511434511434,0.9858392336526447,0.9841995841995842,0.9850187265917603,0.35789473684210527,0.6421052631578947,1.0,0.6,0.0,11.0,4.4,5.0,5.0,0.0
tep,Threshold,fixed_full_data,0.5,789,17,0.6902286902286903,0.9854348730753225,0.9846153846153847,0.9850249584026622,0.3684210526315789,0.631578947368421,1.0,0.0,0.0,13.0,5.2,5.0,5.0,0.0
tep,Threshold,fixed_full_data,0.5,789,18,0.772972972972973,0.9874476987447699,0.9812889812889813,0.9843587069864442,0.3157894736842105,0.6842105263157895,1.0,0.2,0.0,15.0,6.0,5.0,5.0,0.0
tep,Threshold,fixed_full_data,0.5,789,19,0.6577962577962578,0.9858215179316097,0.982952182952183,0.9843847595252967,0.35789473684210527,0.6421052631578947,1.0,0.2,0.0,9.0,3.6,5.0,5.0,0.0
tep,Threshold,fixed_full_data,0.5,789,20,0.745945945945946,0.9846409298464093,0.9862785862785863,0.9854590776900706,0.3894736842105263,0.6105263157894737,1.0,0.0,0.0,7.0,2.8,5.0,5.0,0.0
tep,Uniform,method_retrained,0.5,789,1,0.982952182952183,0.9970833333333333,0.995010395010395,0.9960457856399584,0.07368421052631578,0.9263157894736842,1.0,1.2,1.0,6.0,2.4,5.0,5.0,0.0
tep,Uniform,method_retrained,0.5,789,2,0.967983367983368,0.9970538720538721,0.985031185031185,0.9910060656766367,0.07368421052631578,0.9263157894736842,1.0,1.0,0.0,3.0,1.2,5.0,5.0,0.0
tep,Uniform,method_retrained,0.5,789,3,0.16340956340956342,0.9925093632958801,0.6611226611226612,0.7936111804342401,0.12631578947368421,0.8736842105263158,1.0,3.6,2.0,4.0,1.6,5.0,5.0,0.0
tep,Uniform,method_retrained,0.5,789,4,0.9700623700623701,0.9958557811852465,0.9991683991683992,0.9975093399750934,0.10526315789473684,0.8947368421052632,1.0,0.4,0.0,6.0,2.4,5.0,5.0,0.0
tep,Uniform,method_retrained,0.5,789,5,0.7451143451143452,0.9955888839876489,0.9384615384615385,0.966181506849315,0.10526315789473684,0.8947368421052632,1.0,1.0,1.0,7.0,2.8,5.0,5.0,0.0
tep,Uniform,method_retrained,0.5,789,6,0.9962577962577963,0.9970893970893971,0.9970893970893971,0.9970893970893971,0.07368421052631578,0.9263157894736842,1.0,1.0,1.0,4.0,1.6,5.0,5.0,0.0
tep,Uniform,method_retrained,0.5,789,7,0.9954261954261955,0.9979218620116376,0.9983367983367983,0.9981292870505093,0.05263157894736842,0.9473684210526315,1.0,0.8,1.0,4.0,1.6,5.0,5.0,0.0
tep,Uniform,method_retrained,0.5,789,8,0.8095634095634096,0.9983014861995754,0.9775467775467775,0.9878151260504202,0.042105263157894736,0.9578947368421052,1.0,1.4,1.0,3.0,1.2,5.0,5.0,0.0
tep,Uniform,method_retrained,0.5,789,9,0.15883575883575884,0.9925558312655087,0.6652806652806653,0.7966143888473985,0.12631578947368421,0.8736842105263158,1.0,0.6,0.0,5.0,2.0,5.0,5.0,0.0
tep,Uniform,method_retrained,0.5,789,10,0.6598752598752599,0.9968999114260407,0.935966735966736,0.9654728715419258,0.07368421052631578,0.9263157894736842,1.0,1.4,1.0,5.0,2.0,5.0,5.0,0.0
tep,Uniform,method_retrained,0.5,789,11,0.6873180873180873,0.9969053934571176,0.9376299376299376,0.9663595457467323,0.07368421052631578,0.9263157894736842,1.0,2.8,0.0,2.0,0.8,5.0,5.0,0.0
tep,Uniform,method_retrained,0.5,789,12,0.7563409563409563,0.9958123953098827,0.9887733887733888,0.9922804089296892,0.10526315789473684,0.8947368421052632,1.0,1.8,0.0,4.0,1.6,5.0,5.0,0.0
tep,Uniform,method_retrained,0.5,789,13,0.7122661122661123,0.9948783610755442,0.9692307692307692,0.9818871103622578,0.12631578947368421,0.8736842105263158,1.0,0.0,0.0,2.0,0.8,5.0,5.0,0.0
tep,Uniform,method_retrained,0.5,789,14,0.9471933471933472,0.9950228121111572,0.9975051975051975,0.9962624584717608,0.12631578947368421,0.8736842105263158,1.0,0.8,1.0,4.0,1.6,5.0,5.0,0.0
tep,Uniform,method_retrained,0.5,789,15,0.14677754677754679,0.9906191369606003,0.6586278586278587,0.7912087912087912,0.15789473684210525,0.8421052631578947,1.0,1.4,0.0,7.0,2.8,5.0,5.0,0.0
tep,Uniform,method_retrained,0.5,789,16,0.5559251559251559,0.9945180447693011,0.9051975051975052,0.9477579451458424,0.12631578947368421,0.8736842105263158,1.0,3.0,0.0,4.0,1.6,5.0,5.0,0.0
tep,Uniform,method_retrained,0.5,789,17,0.8395010395010395,0.993455497382199,0.9467775467775468,0.9695550351288056,0.15789473684210525,0.8421052631578947,1.0,4.0,0.0,4.0,1.6,5.0,5.0,0.0
tep,Uniform,method_retrained,0.5,789,18,0.8295218295218295,0.9947712418300654,0.9492723492723493,0.9714893617021276,0.12631578947368421,0.8736842105263158,1.0,0.4,0.0,8.0,3.2,5.0,5.0,0.0
tep,Uniform,method_retrained,0.5,789,19,0.6124740124740125,0.9958715596330275,0.9027027027027027,0.9470010905125409,0.09473684210526316,0.9052631578947369,1.0,1.4,0.0,3.0,1.2,5.0,5.0,0.0
tep,Uniform,method_retrained,0.5,789,20,0.656964656964657,0.9936334697589814,0.9085239085239085,0.9491746307558645,0.14736842105263157,0.8526315789473684,1.0,2.0,0.0,4.0,1.6,5.0,5.0,0.0
tep,Uniform,fixed_full_data,0.5,789,1,0.9841995841995842,0.9824346405228758,1.0,0.9911395013393777,0.45263157894736844,0.5473684210526316,1.0,0.0,0.0,15.0,6.0,5.0,5.0,0.0
tep,Uniform,fixed_full_data,0.5,789,2,0.9683991683991684,0.983127572016461,0.9933471933471933,0.9882109617373319,0.43157894736842106,0.5684210526315789,1.0,0.0,0.0,11.0,4.4,5.0,5.0,0.0
tep,Uniform,fixed_full_data,0.5,789,3,0.10852390852390853,0.988929889298893,0.8914760914760915,0.9376776732998032,0.25263157894736843,0.7473684210526316,1.0,0.4,0.0,12.0,4.8,5.0,5.0,0.0
tep,Uniform,fixed_full_data,0.5,789,4,0.9634095634095634,0.9808241534067728,0.9995841995841996,0.9901153212520593,0.49473684210526314,0.5052631578947369,1.0,0.2,0.0,11.0,4.4,5.0,5.0,0.0
tep,Uniform,fixed_full_data,0.5,789,5,0.8632016632016632,0.9880165289256199,0.9941787941787942,0.9910880829015544,0.30526315789473685,0.6947368421052632,1.0,0.6,1.0,11.0,4.4,5.0,5.0,0.0
tep,Uniform,fixed_full_data,0.5,789,6,0.9954261954261955,0.9828291087489779,0.9995841995841996,0.9911358482787054,0.4421052631578947,0.5578947368421052,1.0,0.0,0.0,14.0,5.6,5.0,5.0,0.0
tep,Uniform,fixed_full_data,0.5,789,7,0.9945945945945946,0.986059860598606,1.0,0.9929810074318745,0.35789473684210527,0.6421052631578947,1.0,0.0,0.0,11.0,4.4,5.0,5.0,0.0
tep,Uniform,fixed_full_data,0.5,789,8,0.8074844074844075,0.9843104872006606,0.9912681912681913,0.9877770872177336,0.4,0.6,1.0,0.0,0.0,14.0,5.6,5.0,5.0,0.0
tep,Uniform,fixed_full_data,0.5,789,9,0.19293139293139294,0.9825126553152324,0.8877338877338877,0.9327217125382263,0.4,0.6,1.0,0.4,0.0,19.0,7.6,5.0,5.0,0.0
tep,Uniform,fixed_full_data,0.5,789,10,0.6964656964656964,0.9841534612176814,0.9812889812889813,0.9827191338746617,0.4,0.6,1.0,0.0,0.0,11.0,4.4,5.0,5.0,0.0
tep,Uniform,fixed_full_data,0.5,789,11,0.7234927234927235,0.9837024655244463,0.9787941787941788,0.9812421842434348,0.4105263157894737,0.5894736842105263,1.0,0.4,0.0,14.0,5.6,5.0,5.0,0.0
tep,Uniform,fixed_full_data,0.5,789,12,0.7567567567567568,0.9852216748768473,0.997920997920998,0.9915306754802726,0.37894736842105264,0.6210526315789474,1.0,0.0,0.0,10.0,4.0,5.0,5.0,0.0
tep,Uniform,fixed_full_data,0.5,789,13,0.7201663201663202,0.984271523178808,0.9887733887733888,0.9865173200580792,0.4,0.6,1.0,0.2,0.0,10.0,4.0,5.0,5.0,0.0
tep,Uniform,fixed_full_data,0.5,789,14,0.6773388773388773,0.9864532019704434,0.9991683991683992,0.992770088824623,0.3473684210526316,0.6526315789473685,1.0,0.2,0.0,14.0,5.6,5.0,5.0,0.0
tep,Uniform,fixed_full_data,0.5,789,15,0.2686070686070686,0.9840036563071298,0.8952182952182952,0.9375136076638363,0.3684210526315789,0.631578947368421,1.0,0.2,0.0,12.0,4.8,5.0,5.0,0.0
tep,Uniform,fixed_full_data,0.5,789,16,0.6187110187110187,0.985738255033557,0.9771309771309772,0.9814157444142827,0.35789473684210527,0.6421052631578947,1.0,0.6,0.0,11.0,4.4,5.0,5.0,0.0
tep,Uniform,fixed_full_data,0.5,789,17,0.8457380457380458,0.9853862212943633,0.9812889812889813,0.9833333333333333,0.3684210526315789,0.631578947368421,1.0,0.0,0.0,13.0,5.2,5.0,5.0,0.0
tep,Uniform,fixed_full_data,0.5,789,18,0.8353430353430353,0.9874529485570891,0.9817047817047817,0.9845704753961635,0.3157894736842105,0.6842105263157895,1.0,0.2,0.0,15.0,6.0,5.0,5.0,0.0
tep,Uniform,fixed_full_data,0.5,789,19,0.6735966735966736,0.98580375782881,0.9817047817047817,0.98375,0.35789473684210527,0.6421052631578947,1.0,0.2,0.0,9.0,3.6,5.0,5.0,0.0
tep,Uniform,fixed_full_data,0.5,789,20,0.6881496881496881,0.9845382365231926,0.9796257796257797,0.9820758649437266,0.3894736842105263,0.6105263157894737,1.0,0.0,0.0,7.0,2.8,5.0,5.0,0.0
tep,Full Data,method_retrained,1.0,789,1,0.9866943866943867,0.9876695437731196,0.9991683991683992,0.9933856965688301,0.3157894736842105,0.6842105263157895,1.0,0.0,0.0,8.0,3.2,5.0,5.0,0.0
tep,Full Data,method_retrained,1.0,789,2,0.972972972972973,0.9876237623762376,0.9954261954261955,0.9915096293228411,0.3157894736842105,0.6842105263157895,1.0,0.0,0.0,8.0,3.2,5.0,5.0,0.0
tep,Full Data,method_retrained,1.0,789,3,0.14760914760914762,0.9860594795539034,0.8823284823284824,0.9313144612683784,0.3157894736842105,0.6842105263157895,1.0,0.0,0.0,8.0,3.2,5.0,5.0,0.0
tep,Full Data,method_retrained,1.0,789,4,0.9754677754677755,0.9876796714579056,1.0,0.993801652892562,0.3157894736842105,0.6842105263157895,1.0,0.0,0.0,8.0,3.2,5.0,5.0,0.0
tep,Full Data,method_retrained,1.0,789,5,0.918918918918919,0.9876186545604623,0.995010395010395,0.9913007456503728,0.3157894736842105,0.6842105263157895,1.0,0.0,0.0,8.0,3.2,5.0,5.0,0.0
tep,Full Data,method_retrained,1.0,789,6,0.997920997920998,0.9876796714579056,1.0,0.993801652892562,0.3157894736842105,0.6842105263157895,1.0,0.0,0.0,8.0,3.2,5.0,5.0,0.0
tep,Full Data,method_retrained,1.0,789,7,0.9975051975051975,0.9876796714579056,1.0,0.993801652892562,0.3157894736842105,0.6842105263157895,1.0,0.0,0.0,8.0,3.2,5.0,5.0,0.0
tep,Full Data,method_retrained,1.0,789,8,0.8083160083160084,0.987557030277893,0.99002079002079,0.9887873754152824,0.3157894736842105,0.6842105263157895,1.0,0.0,0.0,8.0,3.2,5.0,5.0,0.0
tep,Full Data,method_retrained,1.0,789,9,0.21995841995841997,0.9859616284510997,0.8760914760914761,0.9277851166886834,0.3157894736842105,0.6842105263157895,1.0,0.0,0.0,8.0,3.2,5.0,5.0,0.0
tep,Full Data,method_retrained,1.0,789,10,0.7276507276507277,0.9874581939799331,0.9821205821205822,0.9847821555138628,0.3157894736842105,0.6842105263157895,1.0,0.0,0.0,8.0,3.2,5.0,5.0,0.0
tep,Full Data,method_retrained,1.0,789,11,0.7363825363825364,0.987363100252738,0.9746361746361747,0.9809583594894329,0.3157894736842105,0.6842105263157895,1.0,0.0,0.0,8.0,3.2,5.0,5.0,0.0
tep,Full Data,method_retrained,1.0,789,12,0.7804573804573804,0.9876237623762376,0.9954261954261955,0.9915096293228411,0.3157894736842105,0.6842105263157895,1.0,0.0,0.0,8.0,3.2,5.0,5.0,0.0
tep,Full Data,method_retrained,1.0,789,13,0.728066528066528,0.9875311720698254,0.987941787941788,0.9877364373311162,0.3157894736842105,0.6842105263157895,1.0,0.0,0.0,8.0,3.2,5.0,5.0,0.0
tep,Full Data,method_retrained,1.0,789,14,0.9650727650727651,0.9876644736842105,0.9987525987525988,0.9931775894149266,0.3157894736842105,0.6842105263157895,1.0,0.0,0.0,8.0,3.2,5.0,5.0,0.0
tep,Full Data,method_retrained,1.0,789,15,0.29521829521829523,0.9860529986052998,0.8819126819126819,0.931079894644425,0.3157894736842105,0.6842105263157895,1.0,0.0,0.0,8.0,3.2,5.0,5.0,0.0
tep,Full Data,method_retrained,1.0,789,16,0.6432432432432432,0.9873364288729422,0.9725571725571726,0.9798910766652702,0.3157894736842105,0.6842105263157895,1.0,0.0,0.0,8.0,3.2,5.0,5.0,0.0
tep,Full Data,method_retrained,1.0,789,17,0.8636174636174636,0.9874686716791979,0.982952182952183,0.9852052510939779,0.3157894736842105,0.6842105263157895,1.0,0.0,0.0,8.0,3.2,5.0,5.0,0.0
tep,Full Data,method_retrained,1.0,789,18,0.8345114345114345,0.9874213836477987,0.9792099792099792,0.9832985386221295,0.3157894736842105,0.6842105263157895,1.0,0.0,0.0,8.0,3.2,5.0,5.0,0.0
tep,Full Data,method_retrained,1.0,789,19,0.8058212058212059,0.9874791318864775,0.9837837837837838,0.9856279941678817,0.3157894736842105,0.6842105263157895,1.0,0.0,0.0,8.0,3.2,5.0,5.0,0.0
tep,Full Data,method_retrained,1.0,789,20,0.6927234927234928,0.9873364288729422,0.9725571725571726,0.9798910766652702,0.3157894736842105,0.6842105263157895,1.0,0.0,0.0,8.0,3.2,5.0,5.0,0.0
tep,Full Data,fixed_full_data,1.0,789,1,0.9866943866943867,0.9876695437731196,0.9991683991683992,0.9933856965688301,0.3157894736842105,0.6842105263157895,1.0,0.0,0.0,8.0,3.2,5.0,5.0,0.0
tep,Full Data,fixed_full_data,1.0,789,2,0.972972972972973,0.9876237623762376,0.9954261954261955,0.9915096293228411,0.3157894736842105,0.6842105263157895,1.0,0.0,0.0,8.0,3.2,5.0,5.0,0.0
tep,Full Data,fixed_full_data,1.0,789,3,0.14760914760914762,0.9860594795539034,0.8823284823284824,0.9313144612683784,0.3157894736842105,0.6842105263157895,1.0,0.0,0.0,8.0,3.2,5.0,5.0,0.0
tep,Full Data,fixed_full_data,1.0,789,4,0.9754677754677755,0.9876796714579056,1.0,0.993801652892562,0.3157894736842105,0.6842105263157895,1.0,0.0,0.0,8.0,3.2,5.0,5.0,0.0
tep,Full Data,fixed_full_data,1.0,789,5,0.918918918918919,0.9876186545604623,0.995010395010395,0.9913007456503728,0.3157894736842105,0.6842105263157895,1.0,0.0,0.0,8.0,3.2,5.0,5.0,0.0
tep,Full Data,fixed_full_data,1.0,789,6,0.997920997920998,0.9876796714579056,1.0,0.993801652892562,0.3157894736842105,0.6842105263157895,1.0,0.0,0.0,8.0,3.2,5.0,5.0,0.0
tep,Full Data,fixed_full_data,1.0,789,7,0.9975051975051975,0.9876796714579056,1.0,0.993801652892562,0.3157894736842105,0.6842105263157895,1.0,0.0,0.0,8.0,3.2,5.0,5.0,0.0
tep,Full Data,fixed_full_data,1.0,789,8,0.8083160083160084,0.987557030277893,0.99002079002079,0.9887873754152824,0.3157894736842105,0.6842105263157895,1.0,0.0,0.0,8.0,3.2,5.0,5.0,0.0
tep,Full Data,fixed_full_data,1.0,789,9,0.21995841995841997,0.9859616284510997,0.8760914760914761,0.9277851166886834,0.3157894736842105,0.6842105263157895,1.0,0.0,0.0,8.0,3.2,5.0,5.0,0.0
tep,Full Data,fixed_full_data,1.0,789,10,0.7276507276507277,0.9874581939799331,0.9821205821205822,0.9847821555138628,0.3157894736842105,0.6842105263157895,1.0,0.0,0.0,8.0,3.2,5.0,5.0,0.0
tep,Full Data,fixed_full_data,1.0,789,11,0.7363825363825364,0.987363100252738,0.9746361746361747,0.9809583594894329,0.3157894736842105,0.6842105263157895,1.0,0.0,0.0,8.0,3.2,5.0,5.0,0.0
tep,Full Data,fixed_full_data,1.0,789,12,0.7804573804573804,0.9876237623762376,0.9954261954261955,0.9915096293228411,0.3157894736842105,0.6842105263157895,1.0,0.0,0.0,8.0,3.2,5.0,5.0,0.0
tep,Full Data,fixed_full_data,1.0,789,13,0.728066528066528,0.9875311720698254,0.987941787941788,0.9877364373311162,0.3157894736842105,0.6842105263157895,1.0,0.0,0.0,8.0,3.2,5.0,5.0,0.0
tep,Full Data,fixed_full_data,1.0,789,14,0.9650727650727651,0.9876644736842105,0.9987525987525988,0.9931775894149266,0.3157894736842105,0.6842105263157895,1.0,0.0,0.0,8.0,3.2,5.0,5.0,0.0
tep,Full Data,fixed_full_data,1.0,789,15,0.29521829521829523,0.9860529986052998,0.8819126819126819,0.931079894644425,0.3157894736842105,0.6842105263157895,1.0,0.0,0.0,8.0,3.2,5.0,5.0,0.0
tep,Full Data,fixed_full_data,1.0,789,16,0.6432432432432432,0.9873364288729422,0.9725571725571726,0.9798910766652702,0.3157894736842105,0.6842105263157895,1.0,0.0,0.0,8.0,3.2,5.0,5.0,0.0
tep,Full Data,fixed_full_data,1.0,789,17,0.8636174636174636,0.9874686716791979,0.982952182952183,0.9852052510939779,0.3157894736842105,0.6842105263157895,1.0,0.0,0.0,8.0,3.2,5.0,5.0,0.0
tep,Full Data,fixed_full_data,1.0,789,18,0.8345114345114345,0.9874213836477987,0.9792099792099792,0.9832985386221295,0.3157894736842105,0.6842105263157895,1.0,0.0,0.0,8.0,3.2,5.0,5.0,0.0
tep,Full Data,fixed_full_data,1.0,789,19,0.8058212058212059,0.9874791318864775,0.9837837837837838,0.9856279941678817,0.3157894736842105,0.6842105263157895,1.0,0.0,0.0,8.0,3.2,5.0,5.0,0.0
tep,Full Data,fixed_full_data,1.0,789,20,0.6927234927234928,0.9873364288729422,0.9725571725571726,0.9798910766652702,0.3157894736842105,0.6842105263157895,1.0,0.0,0.0,8.0,3.2,5.0,5.0,0.0
tep,PCA-Triage,method_retrained,0.5,1024,1,0.9817047817047817,0.9974937343358395,0.992931392931393,0.9952073348614294,0.06315789473684211,0.9368421052631579,1.0,2.0,2.0,2.0,0.8,5.0,5.0,0.0
tep,PCA-Triage,method_retrained,0.5,1024,2,0.9721413721413722,0.9966287399915719,0.9833679833679834,0.9899539556299707,0.08421052631578947,0.9157894736842105,1.0,4.4,1.0,4.0,1.6,5.0,5.0,0.0
tep,PCA-Triage,method_retrained,0.5,1024,3,0.13056133056133057,0.9948717948717949,0.6453222453222454,0.7828499369482976,0.08421052631578947,0.9157894736842105,1.0,3.6,4.0,3.0,1.2,5.0,5.0,0.0
tep,PCA-Triage,method_retrained,0.5,1024,4,0.9717255717255717,0.9979218620116376,0.9983367983367983,0.9981292870505093,0.05263157894736842,0.9473684210526315,1.0,0.6,1.0,5.0,2.0,5.0,5.0,0.0
tep,PCA-Triage,method_retrained,0.5,1024,5,0.7517671517671518,0.9973226238286479,0.9293139293139293,0.9621179509255273,0.06315789473684211,0.9368421052631579,1.0,1.6,2.0,3.0,1.2,5.0,5.0,0.0
tep,PCA-Triage,method_retrained,0.5,1024,6,0.9958419958419958,0.9954337899543378,0.9970893970893971,0.9962609056917324,0.11578947368421053,0.8842105263157894,1.0,0.6,0.0,4.0,1.6,5.0,5.0,0.0
tep,PCA-Triage,method_retrained,0.5,1024,7,0.9941787941787942,0.9966804979253112,0.9987525987525988,0.9977154724818276,0.08421052631578947,0.9157894736842105,1.0,0.4,0.0,2.0,0.8,5.0,5.0,0.0
tep,PCA-Triage,method_retrained,0.5,1024,8,0.772972972972973,0.996160409556314,0.9708939708939709,0.9833649189303011,0.09473684210526316,0.9052631578947369,1.0,5.8,0.0,3.0,1.2,5.0,5.0,0.0
tep,PCA-Triage,method_retrained,0.5,1024,9,0.15384615384615385,0.9947746570868713,0.6332640332640332,0.7738821138211383,0.08421052631578947,0.9157894736842105,1.0,2.8,2.0,2.0,0.8,5.0,5.0,0.0
tep,PCA-Triage,method_retrained,0.5,1024,10,0.5035343035343035,0.9963150621833257,0.8993762993762994,0.9453671328671329,0.08421052631578947,0.9157894736842105,1.0,1.2,1.0,3.0,1.2,5.0,5.0,0.0
tep,PCA-Triage,method_retrained,0.5,1024,11,0.7164241164241164,0.9977846699158175,0.9363825363825364,0.9661089661089661,0.05263157894736842,0.9473684210526315,1.0,4.8,4.0,4.0,1.6,5.0,5.0,0.0
tep,PCA-Triage,method_retrained,0.5,1024,12,0.7804573804573804,0.9978947368421053,0.9854469854469855,0.9916317991631799,0.05263157894736842,0.9473684210526315,1.0,1.0,1.0,4.0,1.6,5.0,5.0,0.0
tep,PCA-Triage,method_retrained,0.5,1024,13,0.6852390852390853,0.9969670710571924,0.9567567567567568,0.9764481222151495,0.07368421052631578,0.9263157894736842,1.0,3.8,2.0,2.0,0.8,5.0,5.0,0.0
tep,PCA-Triage,method_retrained,0.5,1024,14,0.9571725571725572,0.997919267582189,0.9970893970893971,0.997504159733777,0.05263157894736842,0.9473684210526315,1.0,1.4,2.0,4.0,1.6,5.0,5.0,0.0
tep,PCA-Triage,method_retrained,0.5,1024,15,0.14386694386694387,0.9967384213959556,0.6353430353430354,0.7760284408329101,0.05263157894736842,0.9473684210526315,1.0,4.8,2.0,1.0,0.4,5.0,5.0,0.0
tep,PCA-Triage,method_retrained,0.5,1024,16,0.34760914760914763,0.9954841946813848,0.824948024948025,0.9022282855843565,0.09473684210526316,0.9052631578947369,1.0,4.6,1.0,3.0,1.2,5.0,5.0,0.0
tep,PCA-Triage,method_retrained,0.5,1024,17,0.8041580041580042,0.9978108581436077,0.9476091476091476,0.9720622734058435,0.05263157894736842,0.9473684210526315,1.0,9.0,5.0,4.0,1.6,5.0,5.0,0.0
tep,PCA-Triage,method_retrained,0.5,1024,18,0.8145530145530145,0.9964927663305567,0.9451143451143451,0.9701237729406743,0.08421052631578947,0.9157894736842105,1.0,2.2,2.0,2.0,0.8,5.0,5.0,0.0
tep,PCA-Triage,method_retrained,0.5,1024,19,0.520997920997921,0.9976053639846744,0.8661122661122661,0.9272201201869575,0.05263157894736842,0.9473684210526315,1.0,0.6,0.0,4.0,1.6,5.0,5.0,0.0
tep,PCA-Triage,method_retrained,0.5,1024,20,0.6711018711018711,0.9962669155389641,0.8877338877338877,0.9388742304309586,0.08421052631578947,0.9157894736842105,1.0,1.8,1.0,4.0,1.6,5.0,5.0,0.0
tep,PCA-Triage,fixed_full_data,0.5,1024,1,0.9808731808731809,0.9820040899795501,0.9983367983367983,0.9901030927835052,0.4631578947368421,0.5368421052631579,1.0,0.4,0.0,17.0,6.8,5.0,5.0,0.0
tep,PCA-Triage,fixed_full_data,0.5,1024,2,0.9725571725571726,0.982355354944604,0.9954261954261955,0.9888475836431226,0.45263157894736844,0.5473684210526316,1.0,0.4,0.0,12.0,4.8,5.0,5.0,0.0
tep,PCA-Triage,fixed_full_data,0.5,1024,3,0.07650727650727651,0.9816993464052287,0.9367983367983368,0.9587234042553191,0.4421052631578947,0.5578947368421052,1.0,0.0,0.0,12.0,4.8,5.0,5.0,0.0
tep,PCA-Triage,fixed_full_data,0.5,1024,4,0.982952182952183,0.9820187985288108,0.9991683991683992,0.9905193734542457,0.4631578947368421,0.5368421052631579,1.0,0.4,0.0,15.0,6.0,5.0,5.0,0.0
tep,PCA-Triage,fixed_full_data,0.5,1024,5,0.8245322245322245,0.9843557019349527,0.9941787941787942,0.989242863053372,0.4,0.6,1.0,0.0,0.0,10.0,4.0,5.0,5.0,0.0
tep,PCA-Triage,fixed_full_data,0.5,1024,6,0.9962577962577963,0.9812091503267973,0.9987525987525988,0.9899031526890583,0.4842105263157895,0.5157894736842106,1.0,0.0,0.0,13.0,5.2,5.0,5.0,0.0
tep,PCA-Triage,fixed_full_data,0.5,1024,7,0.9945945945945946,0.9848484848484849,1.0,0.9923664122137404,0.3894736842105263,0.6105263157894737,1.0,0.0,0.0,9.0,3.6,5.0,5.0,0.0
tep,PCA-Triage,fixed_full_data,0.5,1024,8,0.8191268191268192,0.978688524590164,0.992931392931393,0.9857585139318885,0.5473684210526316,0.45263157894736844,1.0,0.2,0.0,10.0,4.0,5.0,5.0,0.0
tep,PCA-Triage,fixed_full_data,0.5,1024,9,0.13596673596673597,0.9798157086441421,0.9284823284823285,0.9534585824081981,0.4842105263157895,0.5157894736842106,1.0,0.0,0.0,14.0,5.6,5.0,5.0,0.0
tep,PCA-Triage,fixed_full_data,0.5,1024,10,0.5783783783783784,0.9838509316770186,0.987941787941788,0.9858921161825727,0.4105263157894737,0.5894736842105263,1.0,0.4,0.0,13.0,5.2,5.0,5.0,0.0
tep,PCA-Triage,fixed_full_data,0.5,1024,11,0.7288981288981289,0.9806504734458625,0.9904365904365905,0.985519238725693,0.49473684210526314,0.5052631578947369,1.0,0.2,0.0,10.0,4.0,5.0,5.0,0.0
tep,PCA-Triage,fixed_full_data,0.5,1024,12,0.738045738045738,0.9831967213114754,0.9975051975051975,0.9902992776057792,0.43157894736842106,0.5684210526315789,1.0,0.0,0.0,16.0,6.4,5.0,5.0,0.0
tep,PCA-Triage,fixed_full_data,0.5,1024,13,0.7326403326403327,0.9847422680412371,0.992931392931393,0.9888198757763975,0.3894736842105263,0.6105263157894737,1.0,0.2,0.0,11.0,4.4,5.0,5.0,0.0
tep,PCA-Triage,fixed_full_data,0.5,1024,14,0.9426195426195426,0.981625153123724,0.9995841995841996,0.9905232797692625,0.47368421052631576,0.5263157894736842,1.0,0.2,0.0,12.0,4.8,5.0,5.0,0.0
tep,PCA-Triage,fixed_full_data,0.5,1024,15,0.16465696465696467,0.9813250333481547,0.9176715176715177,0.9484314568113451,0.4421052631578947,0.5578947368421052,1.0,1.8,0.0,15.0,6.0,5.0,5.0,0.0
tep,PCA-Triage,fixed_full_data,0.5,1024,16,0.5501039501039501,0.9836477987421384,0.9754677754677755,0.9795407098121086,0.4105263157894737,0.5894736842105263,1.0,0.6,1.0,14.0,5.6,5.0,5.0,0.0
tep,PCA-Triage,fixed_full_data,0.5,1024,17,0.7060291060291061,0.9821502698215027,0.9837837837837838,0.9829663481512256,0.45263157894736844,0.5473684210526316,1.0,0.2,0.0,15.0,6.0,5.0,5.0,0.0
tep,PCA-Triage,fixed_full_data,0.5,1024,18,0.8291060291060292,0.9825942809780357,0.9858627858627859,0.9842258198422582,0.4421052631578947,0.5578947368421052,1.0,0.0,0.0,13.0,5.2,5.0,5.0,0.0
tep,PCA-Triage,fixed_full_data,0.5,1024,19,0.6523908523908524,0.9793303017775941,0.985031185031185,0.9821724709784412,0.5263157894736842,0.47368421052631576,1.0,0.2,0.0,13.0,5.2,5.0,5.0,0.0
tep,PCA-Triage,fixed_full_data,0.5,1024,20,0.7351351351351352,0.9832985386221295,0.9792099792099792,0.98125,0.42105263157894735,0.5789473684210527,1.0,0.4,0.0,12.0,4.8,5.0,5.0,0.0
tep,Variance,method_retrained,0.5,1024,1,0.9796257796257797,0.9962484368486869,0.9937629937629938,0.9950041631973355,0.09473684210526316,0.9052631578947369,1.0,1.8,2.0,3.0,1.2,5.0,5.0,0.0
tep,Variance,method_retrained,0.5,1024,2,0.9725571725571726,0.9978920741989882,0.9841995841995842,0.9909985346451748,0.05263157894736842,0.9473684210526315,1.0,4.0,1.0,5.0,2.0,5.0,5.0,0.0
tep,Variance,method_retrained,0.5,1024,3,0.12972972972972974,0.9942270686337396,0.6444906444906445,0.7820383451059536,0.09473684210526316,0.9052631578947369,1.0,3.2,3.0,3.0,1.2,5.0,5.0,0.0
tep,Variance,method_retrained,0.5,1024,4,0.9492723492723493,0.997507270461155,0.9983367983367983,0.9979218620116376,0.06315789473684211,0.9368421052631579,1.0,0.8,1.0,4.0,1.6,5.0,5.0,0.0
tep,Variance,method_retrained,0.5,1024,5,0.7056133056133056,0.9973130317957905,0.925987525987526,0.9603277274687365,0.06315789473684211,0.9368421052631579,1.0,2.0,2.0,4.0,1.6,5.0,5.0,0.0
tep,Variance,method_retrained,0.5,1024,6,0.9958419958419958,0.9954337899543378,0.9970893970893971,0.9962609056917324,0.11578947368421053,0.8842105263157894,1.0,0.8,1.0,7.0,2.8,5.0,5.0,0.0
tep,Variance,method_retrained,0.5,1024,7,0.9941787941787942,0.9966791199667911,0.9983367983367983,0.997507270461155,0.08421052631578947,0.9157894736842105,1.0,0.8,1.0,4.0,1.6,5.0,5.0,0.0
tep,Variance,method_retrained,0.5,1024,8,0.7925155925155926,0.9970136518771331,0.9717255717255717,0.9842072015161086,0.07368421052631578,0.9263157894736842,1.0,4.8,2.0,5.0,2.0,5.0,5.0,0.0
tep,Variance,method_retrained,0.5,1024,9,0.1501039501039501,0.9933377748167888,0.6199584199584199,0.7634408602150538,0.10526315789473684,0.8947368421052632,1.0,6.6,4.0,5.0,2.0,5.0,5.0,0.0
tep,Variance,method_retrained,0.5,1024,10,0.5151767151767151,0.9963817277250113,0.916008316008316,0.9545060658578857,0.08421052631578947,0.9157894736842105,1.0,2.4,1.0,3.0,1.2,5.0,5.0,0.0
tep,Variance,method_retrained,0.5,1024,11,0.7139293139293139,0.9964664310954063,0.9380457380457381,0.9663739558792033,0.08421052631578947,0.9157894736842105,1.0,3.4,2.0,4.0,1.6,5.0,5.0,0.0
tep,Variance,method_retrained,0.5,1024,12,0.750935550935551,0.9966414777497901,0.9871101871101872,0.9918529350323794,0.08421052631578947,0.9157894736842105,1.0,1.8,0.0,3.0,1.2,5.0,5.0,0.0
tep,Variance,method_retrained,0.5,1024,13,0.6997920997920998,0.9939498703543648,0.9563409563409564,0.9747827929646111,0.14736842105263157,0.8526315789473684,1.0,1.0,0.0,5.0,2.0,5.0,5.0,0.0
tep,Variance,method_retrained,0.5,1024,14,0.9559251559251559,0.9966763606148733,0.9975051975051975,0.9970906068162926,0.08421052631578947,0.9157894736842105,1.0,1.0,1.0,3.0,1.2,5.0,5.0,0.0
tep,Variance,method_retrained,0.5,1024,15,0.11891891891891893,0.9952893674293405,0.614968814968815,0.7602158828064765,0.07368421052631578,0.9263157894736842,1.0,7.2,2.0,2.0,0.8,5.0,5.0,0.0
tep,Variance,method_retrained,0.5,1024,16,0.4174636174636175,0.9936117936117936,0.8407484407484408,0.9108108108108108,0.1368421052631579,0.8631578947368421,1.0,1.6,1.0,4.0,1.6,5.0,5.0,0.0
tep,Variance,method_retrained,0.5,1024,17,0.80997920997921,0.9969257795344751,0.9438669438669439,0.9696710807347287,0.07368421052631578,0.9263157894736842,1.0,0.4,0.0,3.0,1.2,5.0,5.0,0.0
tep,Variance,method_retrained,0.5,1024,18,0.817047817047817,0.9951434878587196,0.9372141372141373,0.9653104925053533,0.11578947368421053,0.8842105263157894,1.0,4.6,1.0,2.0,0.8,5.0,5.0,0.0
tep,Variance,method_retrained,0.5,1024,19,0.5064449064449065,0.993731918997107,0.856964656964657,0.9202947086403215,0.1368421052631579,0.8631578947368421,1.0,2.4,1.0,8.0,3.2,5.0,5.0,0.0
tep,Variance,method_retrained,0.5,1024,20,0.6652806652806653,0.9943793911007026,0.8827442827442827,0.9352422907488986,0.12631578947368421,0.8736842105263158,1.0,5.8,2.0,6.0,2.4,5.0,5.0,0.0
tep,Variance,fixed_full_data,0.5,1024,1,0.9808731808731809,0.9820040899795501,0.9983367983367983,0.9901030927835052,0.4631578947368421,0.5368421052631579,1.0,0.4,0.0,17.0,6.8,5.0,5.0,0.0
tep,Variance,fixed_full_data,0.5,1024,2,0.9725571725571726,0.982355354944604,0.9954261954261955,0.9888475836431226,0.45263157894736844,0.5473684210526316,1.0,0.4,0.0,12.0,4.8,5.0,5.0,0.0
tep,Variance,fixed_full_data,0.5,1024,3,0.07525987525987526,0.981691368788143,0.9363825363825364,0.9585018088955097,0.4421052631578947,0.5578947368421052,1.0,0.0,0.0,12.0,4.8,5.0,5.0,0.0
tep,Variance,fixed_full_data,0.5,1024,4,0.9659043659043659,0.9820187985288108,0.9991683991683992,0.9905193734542457,0.4631578947368421,0.5368421052631579,1.0,0.4,0.0,15.0,6.0,5.0,5.0,0.0
tep,Variance,fixed_full_data,0.5,1024,5,0.8407484407484408,0.9843878389482333,0.9962577962577963,0.9902872494317008,0.4,0.6,1.0,0.0,0.0,10.0,4.0,5.0,5.0,0.0
tep,Variance,fixed_full_data,0.5,1024,6,0.9962577962577963,0.9812091503267973,0.9987525987525988,0.9899031526890583,0.4842105263157895,0.5157894736842106,1.0,0.0,0.0,13.0,5.2,5.0,5.0,0.0
tep,Variance,fixed_full_data,0.5,1024,7,0.9945945945945946,0.9848484848484849,1.0,0.9923664122137404,0.3894736842105263,0.6105263157894737,1.0,0.0,0.0,9.0,3.6,5.0,5.0,0.0
tep,Variance,fixed_full_data,0.5,1024,8,0.8291060291060292,0.978688524590164,0.992931392931393,0.9857585139318885,0.5473684210526316,0.45263157894736844,1.0,0.2,0.0,10.0,4.0,5.0,5.0,0.0
tep,Variance,fixed_full_data,0.5,1024,9,0.1417879417879418,0.9798422436459246,0.9297297297297298,0.9541284403669725,0.4842105263157895,0.5157894736842106,1.0,0.0,0.0,14.0,5.6,5.0,5.0,0.0
tep,Variance,fixed_full_data,0.5,1024,10,0.6058212058212058,0.9838174273858921,0.9858627858627859,0.9848390446521288,0.4105263157894737,0.5894736842105263,1.0,0.4,0.0,13.0,5.2,5.0,5.0,0.0
tep,Variance,fixed_full_data,0.5,1024,11,0.7197505197505197,0.9805865344898802,0.9871101871101872,0.9838375466224617,0.49473684210526314,0.5052631578947369,1.0,0.2,0.0,10.0,4.0,5.0,5.0,0.0
tep,Variance,fixed_full_data,0.5,1024,12,0.7226611226611227,0.9831967213114754,0.9975051975051975,0.9902992776057792,0.43157894736842106,0.5684210526315789,1.0,0.0,0.0,16.0,6.4,5.0,5.0,0.0
tep,Variance,fixed_full_data,0.5,1024,13,0.7392931392931393,0.9847107438016529,0.9908523908523909,0.9877720207253886,0.3894736842105263,0.6105263157894737,1.0,0.2,0.0,11.0,4.4,5.0,5.0,0.0
tep,Variance,fixed_full_data,0.5,1024,14,0.9413721413721414,0.981625153123724,0.9995841995841996,0.9905232797692625,0.47368421052631576,0.5263157894736842,1.0,0.2,0.0,12.0,4.8,5.0,5.0,0.0
tep,Variance,fixed_full_data,0.5,1024,15,0.16673596673596675,0.9811151079136691,0.9072765072765073,0.942752214301145,0.4421052631578947,0.5578947368421052,1.0,1.8,0.0,15.0,6.0,5.0,5.0,0.0
tep,Variance,fixed_full_data,0.5,1024,16,0.5891891891891892,0.9837837837837838,0.9837837837837838,0.9837837837837838,0.4105263157894737,0.5894736842105263,1.0,0.6,1.0,14.0,5.6,5.0,5.0,0.0
tep,Variance,fixed_full_data,0.5,1024,17,0.8016632016632017,0.9821576763485477,0.9841995841995842,0.983177570093458,0.45263157894736844,0.5473684210526316,1.0,0.2,0.0,15.0,6.0,5.0,5.0,0.0
tep,Variance,fixed_full_data,0.5,1024,18,0.8303534303534303,0.9825798423890502,0.985031185031185,0.9838039867109635,0.4421052631578947,0.5578947368421052,1.0,0.0,0.0,13.0,5.2,5.0,5.0,0.0
tep,Variance,fixed_full_data,0.5,1024,19,0.6461538461538462,0.979296066252588,0.9833679833679834,0.9813278008298755,0.5263157894736842,0.47368421052631576,1.0,0.2,0.0,13.0,5.2,5.0,5.0,0.0
tep,Variance,fixed_full_data,0.5,1024,20,0.7272349272349272,0.9832285115303984,0.975051975051975,0.9791231732776617,0.42105263157894735,0.5789473684210527,1.0,0.4,0.0,12.0,4.8,5.0,5.0,0.0
tep,Threshold,method_retrained,0.5,1024,1,0.9825363825363825,0.995831596498541,0.9933471933471933,0.9945878434637802,0.10526315789473684,0.8947368421052632,1.0,2.8,3.0,5.0,2.0,5.0,5.0,0.0
tep,Threshold,method_retrained,0.5,1024,2,0.9713097713097714,0.9991546914623838,0.982952182952183,0.9909872144204569,0.021052631578947368,0.9789473684210527,1.0,4.8,3.0,1.0,0.4,5.0,5.0,0.0
tep,Threshold,method_retrained,0.5,1024,3,0.09771309771309772,0.9971850809289233,0.5891891891891892,0.7407213800313643,0.042105263157894736,0.9578947368421052,1.0,7.8,5.0,1.0,0.4,5.0,5.0,0.0
tep,Threshold,method_retrained,0.5,1024,4,0.9455301455301456,0.9991670137442732,0.9975051975051975,0.9983354140657511,0.021052631578947368,0.9789473684210527,1.0,1.2,1.0,1.0,0.4,5.0,5.0,0.0
tep,Threshold,method_retrained,0.5,1024,5,0.60997920997921,0.9972439136426274,0.9027027027027027,0.9476211261457879,0.06315789473684211,0.9368421052631579,1.0,1.4,1.0,4.0,1.6,5.0,5.0,0.0
tep,Threshold,method_retrained,0.5,1024,6,0.9966735966735967,0.9970906068162926,0.9975051975051975,0.9972978590729578,0.07368421052631578,0.9263157894736842,1.0,1.2,1.0,5.0,2.0,5.0,5.0,0.0
tep,Threshold,method_retrained,0.5,1024,7,0.9945945945945946,0.9970942299709423,0.9987525987525988,0.9979227253842958,0.07368421052631578,0.9263157894736842,1.0,0.6,1.0,3.0,1.2,5.0,5.0,0.0
tep,Threshold,method_retrained,0.5,1024,8,0.7492723492723493,0.9965942954448701,0.9733887733887734,0.9848548590660496,0.08421052631578947,0.9157894736842105,1.0,5.4,1.0,4.0,1.6,5.0,5.0,0.0
tep,Threshold,method_retrained,0.5,1024,9,0.10977130977130978,0.9961685823754789,0.6486486486486487,0.7856962981616721,0.06315789473684211,0.9368421052631579,1.0,5.6,2.0,3.0,1.2,5.0,5.0,0.0
tep,Threshold,method_retrained,0.5,1024,10,0.37214137214137216,0.9985829003306566,0.879002079002079,0.934984520123839,0.031578947368421054,0.968421052631579,1.0,7.2,2.0,2.0,0.8,5.0,5.0,0.0
tep,Threshold,method_retrained,0.5,1024,11,0.6602910602910603,0.9949261992619927,0.8968814968814969,0.9433632188935054,0.11578947368421053,0.8842105263157894,1.0,4.4,3.0,7.0,2.8,5.0,5.0,0.0
tep,Threshold,method_retrained,0.5,1024,12,0.7484407484407485,0.9966428871170793,0.9875259875259875,0.9920634920634921,0.08421052631578947,0.9157894736842105,1.0,2.4,0.0,3.0,1.2,5.0,5.0,0.0
tep,Threshold,method_retrained,0.5,1024,13,0.644074844074844,0.9964989059080963,0.9467775467775468,0.971002132196162,0.08421052631578947,0.9157894736842105,1.0,5.8,3.0,5.0,2.0,5.0,5.0,0.0
tep,Threshold,method_retrained,0.5,1024,14,0.9708939708939709,0.9991659716430359,0.9962577962577963,0.9977097647303769,0.021052631578947368,0.9789473684210527,1.0,1.8,2.0,2.0,0.8,5.0,5.0,0.0
tep,Threshold,method_retrained,0.5,1024,15,0.10103950103950105,0.9977238239757208,0.5467775467775468,0.706419554123019,0.031578947368421054,0.968421052631579,1.0,6.4,2.0,2.0,0.8,5.0,5.0,0.0
tep,Threshold,method_retrained,0.5,1024,16,0.23534303534303536,0.9958268127282212,0.7937629937629938,0.8833873206848681,0.08421052631578947,0.9157894736842105,1.0,5.8,3.0,2.0,0.8,5.0,5.0,0.0
tep,Threshold,method_retrained,0.5,1024,17,0.7501039501039501,0.9973695747479175,0.9459459459459459,0.9709773794280837,0.06315789473684211,0.9368421052631579,1.0,6.2,3.0,4.0,1.6,5.0,5.0,0.0
tep,Threshold,method_retrained,0.5,1024,18,0.7742203742203743,0.9960159362549801,0.9355509355509356,0.9648370497427101,0.09473684210526316,0.9052631578947369,1.0,6.6,1.0,3.0,1.2,5.0,5.0,0.0
tep,Threshold,method_retrained,0.5,1024,19,0.4677754677754678,0.9974025974025974,0.7983367983367984,0.8868360277136259,0.05263157894736842,0.9473684210526315,1.0,4.8,3.0,4.0,1.6,5.0,5.0,0.0
tep,Threshold,method_retrained,0.5,1024,20,0.8216216216216217,0.9973345179920036,0.9334719334719335,0.9643470790378007,0.06315789473684211,0.9368421052631579,1.0,4.8,2.0,4.0,1.6,5.0,5.0,0.0
tep,Threshold,fixed_full_data,0.5,1024,1,0.9808731808731809,0.9820040899795501,0.9983367983367983,0.9901030927835052,0.4631578947368421,0.5368421052631579,1.0,0.4,0.0,17.0,6.8,5.0,5.0,0.0
tep,Threshold,fixed_full_data,0.5,1024,2,0.9725571725571726,0.982355354944604,0.9954261954261955,0.9888475836431226,0.45263157894736844,0.5473684210526316,1.0,0.4,0.0,12.0,4.8,5.0,5.0,0.0
tep,Threshold,fixed_full_data,0.5,1024,3,0.05696465696465697,0.9815384615384616,0.9284823284823285,0.9542735042735043,0.4421052631578947,0.5578947368421052,1.0,0.0,0.0,12.0,4.8,5.0,5.0,0.0
tep,Threshold,fixed_full_data,0.5,1024,4,0.9642411642411642,0.9820187985288108,0.9991683991683992,0.9905193734542457,0.4631578947368421,0.5368421052631579,1.0,0.4,0.0,15.0,6.0,5.0,5.0,0.0
tep,Threshold,fixed_full_data,0.5,1024,5,0.7821205821205821,0.9844262295081967,0.9987525987525988,0.9915376676986584,0.4,0.6,1.0,0.0,0.0,10.0,4.0,5.0,5.0,0.0
tep,Threshold,fixed_full_data,0.5,1024,6,0.9962577962577963,0.9812091503267973,0.9987525987525988,0.9899031526890583,0.4842105263157895,0.5157894736842106,1.0,0.0,0.0,13.0,5.2,5.0,5.0,0.0
tep,Threshold,fixed_full_data,0.5,1024,7,0.9945945945945946,0.9848484848484849,1.0,0.9923664122137404,0.3894736842105263,0.6105263157894737,1.0,0.0,0.0,9.0,3.6,5.0,5.0,0.0
tep,Threshold,fixed_full_data,0.5,1024,8,0.8116424116424117,0.9786797867978679,0.9925155925155925,0.9855491329479769,0.5473684210526316,0.45263157894736844,1.0,0.2,0.0,10.0,4.0,5.0,5.0,0.0
tep,Threshold,fixed_full_data,0.5,1024,9,0.10810810810810811,0.9799913005654632,0.9367983367983368,0.9579081632653061,0.4842105263157895,0.5157894736842106,1.0,0.0,0.0,14.0,5.6,5.0,5.0,0.0
tep,Threshold,fixed_full_data,0.5,1024,10,0.5817047817047817,0.9838241393612609,0.9862785862785863,0.9850498338870431,0.4105263157894737,0.5894736842105263,1.0,0.4,0.0,13.0,5.2,5.0,5.0,0.0
tep,Threshold,fixed_full_data,0.5,1024,11,0.7106029106029106,0.9805221715706589,0.9837837837837838,0.9821502698215027,0.49473684210526314,0.5052631578947369,1.0,0.2,0.0,10.0,4.0,5.0,5.0,0.0
tep,Threshold,fixed_full_data,0.5,1024,12,0.5883575883575883,0.9831967213114754,0.9975051975051975,0.9902992776057792,0.43157894736842106,0.5684210526315789,1.0,0.0,0.0,16.0,6.4,5.0,5.0,0.0
tep,Threshold,fixed_full_data,0.5,1024,13,0.7143451143451144,0.9846980976013234,0.99002079002079,0.9873522703711383,0.3894736842105263,0.6105263157894737,1.0,0.2,0.0,11.0,4.4,5.0,5.0,0.0
tep,Threshold,fixed_full_data,0.5,1024,14,0.8927234927234927,0.981625153123724,0.9995841995841996,0.9905232797692625,0.47368421052631576,0.5263157894736842,1.0,0.2,0.0,12.0,4.8,5.0,5.0,0.0
tep,Threshold,fixed_full_data,0.5,1024,15,0.14054054054054055,0.9815303430079155,0.9280665280665281,0.954050010686044,0.4421052631578947,0.5578947368421052,1.0,1.8,0.0,15.0,6.0,5.0,5.0,0.0
tep,Threshold,fixed_full_data,0.5,1024,16,0.4777546777546778,0.9837837837837838,0.9837837837837838,0.9837837837837838,0.4105263157894737,0.5894736842105263,1.0,0.6,1.0,14.0,5.6,5.0,5.0,0.0
tep,Threshold,fixed_full_data,0.5,1024,17,0.6465696465696466,0.9821354383049439,0.982952182952183,0.9825436408977556,0.45263157894736844,0.5473684210526316,1.0,0.2,0.0,15.0,6.0,5.0,5.0,0.0
tep,Threshold,fixed_full_data,0.5,1024,18,0.7584199584199585,0.9826086956521739,0.9866943866943867,0.9846473029045644,0.4421052631578947,0.5578947368421052,1.0,0.0,0.0,13.0,5.2,5.0,5.0,0.0
tep,Threshold,fixed_full_data,0.5,1024,19,0.6328482328482329,0.9793729372937293,0.9871101871101872,0.9832263408573203,0.5263157894736842,0.47368421052631576,1.0,0.2,0.0,13.0,5.2,5.0,5.0,0.0
tep,Threshold,fixed_full_data,0.5,1024,20,0.8224532224532225,0.9835051546391752,0.9916839916839917,0.9875776397515528,0.42105263157894735,0.5789473684210527,1.0,0.4,0.0,12.0,4.8,5.0,5.0,0.0
tep,Uniform,method_retrained,0.5,1024,1,0.9808731808731809,0.9962546816479401,0.9954261954261955,0.9958402662229617,0.09473684210526316,0.9052631578947369,1.0,0.8,1.0,4.0,1.6,5.0,5.0,0.0
tep,Uniform,method_retrained,0.5,1024,2,0.9717255717255717,0.9966273187183811,0.982952182952183,0.9897425162235712,0.08421052631578947,0.9157894736842105,1.0,3.4,3.0,5.0,2.0,5.0,5.0,0.0
tep,Uniform,method_retrained,0.5,1024,3,0.18295218295218296,0.9957107843137255,0.6756756756756757,0.8050532573693336,0.07368421052631578,0.9263157894736842,1.0,1.0,0.0,3.0,1.2,5.0,5.0,0.0
tep,Uniform,method_retrained,0.5,1024,4,0.9746361746361747,0.9954375777685608,0.997920997920998,0.9966777408637874,0.11578947368421053,0.8842105263157894,1.0,0.8,1.0,6.0,2.4,5.0,5.0,0.0
tep,Uniform,method_retrained,0.5,1024,5,0.772972972972973,0.9973451327433628,0.9372141372141373,0.9663451232583066,0.06315789473684211,0.9368421052631579,1.0,1.2,2.0,4.0,1.6,5.0,5.0,0.0
tep,Uniform,method_retrained,0.5,1024,6,0.9962577962577963,0.9958454507685917,0.9966735966735967,0.9962593516209476,0.10526315789473684,0.8947368421052632,1.0,1.6,2.0,7.0,2.8,5.0,5.0,0.0
tep,Uniform,method_retrained,0.5,1024,7,0.995010395010395,0.9966791199667911,0.9983367983367983,0.997507270461155,0.08421052631578947,0.9157894736842105,1.0,0.8,1.0,3.0,1.2,5.0,5.0,0.0
tep,Uniform,method_retrained,0.5,1024,8,0.8174636174636175,0.9940602460755197,0.9742203742203742,0.9840403191936161,0.14736842105263157,0.8526315789473684,1.0,2.8,1.0,7.0,2.8,5.0,5.0,0.0
tep,Uniform,method_retrained,0.5,1024,9,0.14636174636174637,0.9926784624771202,0.6765072765072765,0.804648862512364,0.12631578947368421,0.8736842105263158,1.0,1.6,0.0,5.0,2.0,5.0,5.0,0.0
tep,Uniform,method_retrained,0.5,1024,10,0.6723492723492723,0.9959910913140312,0.9297297297297298,0.9617204301075268,0.09473684210526316,0.9052631578947369,1.0,1.4,1.0,5.0,2.0,5.0,5.0,0.0
tep,Uniform,method_retrained,0.5,1024,11,0.6885654885654886,0.997332147621165,0.9326403326403326,0.9639020197679415,0.06315789473684211,0.9368421052631579,1.0,2.0,1.0,5.0,2.0,5.0,5.0,0.0
tep,Uniform,method_retrained,0.5,1024,12,0.7833679833679834,0.9953955629970699,0.9887733887733888,0.9920734251147267,0.11578947368421053,0.8842105263157894,1.0,1.2,0.0,7.0,2.8,5.0,5.0,0.0
tep,Uniform,method_retrained,0.5,1024,13,0.6993762993762994,0.9965694682675815,0.9663201663201664,0.9812117373865316,0.08421052631578947,0.9157894736842105,1.0,1.4,1.0,5.0,2.0,5.0,5.0,0.0
tep,Uniform,method_retrained,0.5,1024,14,0.9600831600831601,0.9975051975051975,0.9975051975051975,0.9975051975051975,0.06315789473684211,0.9368421052631579,1.0,0.8,1.0,4.0,1.6,5.0,5.0,0.0
tep,Uniform,method_retrained,0.5,1024,15,0.15301455301455302,0.9948453608247423,0.641995841995842,0.7803891837250442,0.08421052631578947,0.9157894736842105,1.0,1.2,1.0,5.0,2.0,5.0,5.0,0.0
tep,Uniform,method_retrained,0.5,1024,16,0.5455301455301456,0.9963833634719711,0.9164241164241165,0.9547325102880658,0.08421052631578947,0.9157894736842105,1.0,3.0,2.0,4.0,1.6,5.0,5.0,0.0
tep,Uniform,method_retrained,0.5,1024,17,0.8332640332640333,0.9973764757324005,0.9484407484407484,0.9722932651321398,0.06315789473684211,0.9368421052631579,1.0,2.4,1.0,6.0,2.4,5.0,5.0,0.0
tep,Uniform,method_retrained,0.5,1024,18,0.8332640332640333,0.9956255468066492,0.9463617463617464,0.9703687913024941,0.10526315789473684,0.8947368421052632,1.0,2.0,1.0,2.0,0.8,5.0,5.0,0.0
tep,Uniform,method_retrained,0.5,1024,19,0.6378378378378379,0.996386630532972,0.9172557172557173,0.9551851050010824,0.08421052631578947,0.9157894736842105,1.0,0.2,0.0,4.0,1.6,5.0,5.0,0.0
tep,Uniform,method_retrained,0.5,1024,20,0.6648648648648648,0.9963201471941122,0.9006237006237007,0.946058091286307,0.08421052631578947,0.9157894736842105,1.0,4.0,1.0,3.0,1.2,5.0,5.0,0.0
tep,Uniform,fixed_full_data,0.5,1024,1,0.9808731808731809,0.9820040899795501,0.9983367983367983,0.9901030927835052,0.4631578947368421,0.5368421052631579,1.0,0.4,0.0,17.0,6.8,5.0,5.0,0.0
tep,Uniform,fixed_full_data,0.5,1024,2,0.9725571725571726,0.982355354944604,0.9954261954261955,0.9888475836431226,0.45263157894736844,0.5473684210526316,1.0,0.4,0.0,12.0,4.8,5.0,5.0,0.0
tep,Uniform,fixed_full_data,0.5,1024,3,0.09854469854469855,0.9808131566925536,0.8927234927234927,0.934697431432303,0.4421052631578947,0.5578947368421052,1.0,0.0,0.0,12.0,4.8,5.0,5.0,0.0
tep,Uniform,fixed_full_data,0.5,1024,4,0.9738045738045739,0.9820187985288108,0.9991683991683992,0.9905193734542457,0.4631578947368421,0.5368421052631579,1.0,0.4,0.0,15.0,6.0,5.0,5.0,0.0
tep,Uniform,fixed_full_data,0.5,1024,5,0.8819126819126819,0.9843363561417972,0.992931392931393,0.9886151935417098,0.4,0.6,1.0,0.0,0.0,10.0,4.0,5.0,5.0,0.0
tep,Uniform,fixed_full_data,0.5,1024,6,0.9962577962577963,0.9812091503267973,0.9987525987525988,0.9899031526890583,0.4842105263157895,0.5157894736842106,1.0,0.0,0.0,13.0,5.2,5.0,5.0,0.0
tep,Uniform,fixed_full_data,0.5,1024,7,0.9945945945945946,0.9848484848484849,1.0,0.9923664122137404,0.3894736842105263,0.6105263157894737,1.0,0.0,0.0,9.0,3.6,5.0,5.0,0.0
tep,Uniform,fixed_full_data,0.5,1024,8,0.8253638253638254,0.9786797867978679,0.9925155925155925,0.9855491329479769,0.5473684210526316,0.45263157894736844,1.0,0.2,0.0,10.0,4.0,5.0,5.0,0.0
tep,Uniform,fixed_full_data,0.5,1024,9,0.18794178794178795,0.9792325056433409,0.9018711018711019,0.938961038961039,0.4842105263157895,0.5157894736842106,1.0,0.0,0.0,14.0,5.6,5.0,5.0,0.0
tep,Uniform,fixed_full_data,0.5,1024,10,0.683991683991684,0.9837635303913406,0.9825363825363825,0.9831495735385896,0.4105263157894737,0.5894736842105263,1.0,0.4,0.0,13.0,5.2,5.0,5.0,0.0
tep,Uniform,fixed_full_data,0.5,1024,11,0.7143451143451144,0.9805140961857379,0.9833679833679834,0.9819389661615113,0.49473684210526314,0.5052631578947369,1.0,0.2,0.0,10.0,4.0,5.0,5.0,0.0
tep,Uniform,fixed_full_data,0.5,1024,12,0.7696465696465696,0.9831967213114754,0.9975051975051975,0.9902992776057792,0.43157894736842106,0.5684210526315789,1.0,0.0,0.0,16.0,6.4,5.0,5.0,0.0
tep,Uniform,fixed_full_data,0.5,1024,13,0.7338877338877339,0.9847233691164327,0.9916839916839917,0.9881914232442511,0.3894736842105263,0.6105263157894737,1.0,0.2,0.0,11.0,4.4,5.0,5.0,0.0
tep,Uniform,fixed_full_data,0.5,1024,14,0.6810810810810811,0.981625153123724,0.9995841995841996,0.9905232797692625,0.47368421052631576,0.5263157894736842,1.0,0.2,0.0,12.0,4.8,5.0,5.0,0.0
tep,Uniform,fixed_full_data,0.5,1024,15,0.2656964656964657,0.9806183664051684,0.8835758835758836,0.9295713035870516,0.4421052631578947,0.5578947368421052,1.0,1.8,0.0,15.0,6.0,5.0,5.0,0.0
tep,Uniform,fixed_full_data,0.5,1024,16,0.5887733887733888,0.9836820083682009,0.9775467775467775,0.9806047966631908,0.4105263157894737,0.5894736842105263,1.0,0.6,1.0,14.0,5.6,5.0,5.0,0.0
tep,Uniform,fixed_full_data,0.5,1024,17,0.8365904365904366,0.9820907955018742,0.9804573804573805,0.9812734082397003,0.45263157894736844,0.5473684210526316,1.0,0.2,0.0,15.0,6.0,5.0,5.0,0.0
tep,Uniform,fixed_full_data,0.5,1024,18,0.837006237006237,0.9826086956521739,0.9866943866943867,0.9846473029045644,0.4421052631578947,0.5578947368421052,1.0,0.0,0.0,13.0,5.2,5.0,5.0,0.0
tep,Uniform,fixed_full_data,0.5,1024,19,0.6727650727650728,0.9792874896437448,0.982952182952183,0.9811164141938161,0.5263157894736842,0.47368421052631576,1.0,0.2,0.0,13.0,5.2,5.0,5.0,0.0
tep,Uniform,fixed_full_data,0.5,1024,20,0.6927234927234928,0.9832565927166178,0.9767151767151767,0.9799749687108886,0.42105263157894735,0.5789473684210527,1.0,0.4,0.0,12.0,4.8,5.0,5.0,0.0
tep,Full Data,method_retrained,1.0,1024,1,0.9833679833679834,0.9848236259228876,0.9983367983367983,0.9915341730332439,0.3894736842105263,0.6105263157894737,1.0,0.6,0.0,14.0,5.6,5.0,5.0,0.0
tep,Full Data,method_retrained,1.0,1024,2,0.9733887733887734,0.9848049281314168,0.9970893970893971,0.990909090909091,0.3894736842105263,0.6105263157894737,1.0,0.6,0.0,14.0,5.6,5.0,5.0,0.0
tep,Full Data,method_retrained,1.0,1024,3,0.1367983367983368,0.9827906976744186,0.8785862785862786,0.9277716794731065,0.3894736842105263,0.6105263157894737,1.0,0.4,0.0,14.0,5.6,5.0,5.0,0.0
tep,Full Data,method_retrained,1.0,1024,4,0.9767151767151767,0.9848360655737705,0.9991683991683992,0.9919504643962849,0.3894736842105263,0.6105263157894737,1.0,0.4,0.0,14.0,5.6,5.0,5.0,0.0
tep,Full Data,method_retrained,1.0,1024,5,0.9372141372141373,0.9847861842105263,0.9958419958419958,0.9902832334091379,0.3894736842105263,0.6105263157894737,1.0,0.4,0.0,14.0,5.6,5.0,5.0,0.0
tep,Full Data,method_retrained,1.0,1024,6,0.997920997920998,0.9848360655737705,0.9991683991683992,0.9919504643962849,0.3894736842105263,0.6105263157894737,1.0,0.4,0.0,14.0,5.6,5.0,5.0,0.0
tep,Full Data,method_retrained,1.0,1024,7,0.9975051975051975,0.9848360655737705,0.9991683991683992,0.9919504643962849,0.3894736842105263,0.6105263157894737,1.0,0.4,0.0,14.0,5.6,5.0,5.0,0.0
tep,Full Data,method_retrained,1.0,1024,8,0.8212058212058212,0.9847233691164327,0.9916839916839917,0.9881914232442511,0.3894736842105263,0.6105263157894737,1.0,1.2,0.0,14.0,5.6,5.0,5.0,0.0
tep,Full Data,method_retrained,1.0,1024,9,0.24615384615384617,0.9827666511411272,0.8773388773388774,0.9270650263620387,0.3894736842105263,0.6105263157894737,1.0,1.2,0.0,14.0,5.6,5.0,5.0,0.0
tep,Full Data,method_retrained,1.0,1024,10,0.7255717255717256,0.9845382365231926,0.9796257796257797,0.9820758649437266,0.3894736842105263,0.6105263157894737,1.0,1.2,0.0,14.0,5.6,5.0,5.0,0.0
tep,Full Data,method_retrained,1.0,1024,11,0.7413721413721414,0.9845575959933222,0.9808731808731809,0.9827119350135388,0.3894736842105263,0.6105263157894737,1.0,1.2,0.0,14.0,5.6,5.0,5.0,0.0
tep,Full Data,method_retrained,1.0,1024,12,0.7941787941787942,0.9847611202635914,0.9941787941787942,0.9894475481067659,0.3894736842105263,0.6105263157894737,1.0,1.2,0.0,14.0,5.6,5.0,5.0,0.0
tep,Full Data,method_retrained,1.0,1024,13,0.7334719334719335,0.9846727423363711,0.9883575883575884,0.9865117244241544,0.3894736842105263,0.6105263157894737,1.0,1.2,0.0,14.0,5.6,5.0,5.0,0.0
tep,Full Data,method_retrained,1.0,1024,14,0.9596673596673597,0.9848236259228876,0.9983367983367983,0.9915341730332439,0.3894736842105263,0.6105263157894737,1.0,0.6,0.0,14.0,5.6,5.0,5.0,0.0
tep,Full Data,method_retrained,1.0,1024,15,0.3093555093555094,0.9827021972884525,0.8740124740124741,0.9251760563380281,0.3894736842105263,0.6105263157894737,1.0,0.4,0.0,14.0,5.6,5.0,5.0,0.0
tep,Full Data,method_retrained,1.0,1024,16,0.6345114345114345,0.9844341607067733,0.972972972972973,0.9786700125470514,0.3894736842105263,0.6105263157894737,1.0,1.2,0.0,14.0,5.6,5.0,5.0,0.0
tep,Full Data,method_retrained,1.0,1024,17,0.8636174636174636,0.9845769070446019,0.9821205821205822,0.9833472106577852,0.3894736842105263,0.6105263157894737,1.0,1.2,0.0,14.0,5.6,5.0,5.0,0.0
tep,Full Data,method_retrained,1.0,1024,18,0.83991683991684,0.9845897542690546,0.982952182952183,0.9837702871410736,0.3894736842105263,0.6105263157894737,1.0,1.2,0.0,14.0,5.6,5.0,5.0,0.0
tep,Full Data,method_retrained,1.0,1024,19,0.8137214137214137,0.984653670676068,0.9871101871101872,0.9858803986710963,0.3894736842105263,0.6105263157894737,1.0,0.4,0.0,14.0,5.6,5.0,5.0,0.0
tep,Full Data,method_retrained,1.0,1024,20,0.6989604989604989,0.984381595609962,0.9696465696465697,0.9769585253456221,0.3894736842105263,0.6105263157894737,1.0,1.2,0.0,14.0,5.6,5.0,5.0,0.0
tep,Full Data,fixed_full_data,1.0,1024,1,0.9833679833679834,0.9848236259228876,0.9983367983367983,0.9915341730332439,0.3894736842105263,0.6105263157894737,1.0,0.6,0.0,14.0,5.6,5.0,5.0,0.0
tep,Full Data,fixed_full_data,1.0,1024,2,0.9733887733887734,0.9848049281314168,0.9970893970893971,0.990909090909091,0.3894736842105263,0.6105263157894737,1.0,0.6,0.0,14.0,5.6,5.0,5.0,0.0
tep,Full Data,fixed_full_data,1.0,1024,3,0.1367983367983368,0.9827906976744186,0.8785862785862786,0.9277716794731065,0.3894736842105263,0.6105263157894737,1.0,0.4,0.0,14.0,5.6,5.0,5.0,0.0
tep,Full Data,fixed_full_data,1.0,1024,4,0.9767151767151767,0.9848360655737705,0.9991683991683992,0.9919504643962849,0.3894736842105263,0.6105263157894737,1.0,0.4,0.0,14.0,5.6,5.0,5.0,0.0
tep,Full Data,fixed_full_data,1.0,1024,5,0.9372141372141373,0.9847861842105263,0.9958419958419958,0.9902832334091379,0.3894736842105263,0.6105263157894737,1.0,0.4,0.0,14.0,5.6,5.0,5.0,0.0
tep,Full Data,fixed_full_data,1.0,1024,6,0.997920997920998,0.9848360655737705,0.9991683991683992,0.9919504643962849,0.3894736842105263,0.6105263157894737,1.0,0.4,0.0,14.0,5.6,5.0,5.0,0.0
tep,Full Data,fixed_full_data,1.0,1024,7,0.9975051975051975,0.9848360655737705,0.9991683991683992,0.9919504643962849,0.3894736842105263,0.6105263157894737,1.0,0.4,0.0,14.0,5.6,5.0,5.0,0.0
tep,Full Data,fixed_full_data,1.0,1024,8,0.8212058212058212,0.9847233691164327,0.9916839916839917,0.9881914232442511,0.3894736842105263,0.6105263157894737,1.0,1.2,0.0,14.0,5.6,5.0,5.0,0.0
tep,Full Data,fixed_full_data,1.0,1024,9,0.24615384615384617,0.9827666511411272,0.8773388773388774,0.9270650263620387,0.3894736842105263,0.6105263157894737,1.0,1.2,0.0,14.0,5.6,5.0,5.0,0.0
tep,Full Data,fixed_full_data,1.0,1024,10,0.7255717255717256,0.9845382365231926,0.9796257796257797,0.9820758649437266,0.3894736842105263,0.6105263157894737,1.0,1.2,0.0,14.0,5.6,5.0,5.0,0.0
tep,Full Data,fixed_full_data,1.0,1024,11,0.7413721413721414,0.9845575959933222,0.9808731808731809,0.9827119350135388,0.3894736842105263,0.6105263157894737,1.0,1.2,0.0,14.0,5.6,5.0,5.0,0.0
tep,Full Data,fixed_full_data,1.0,1024,12,0.7941787941787942,0.9847611202635914,0.9941787941787942,0.9894475481067659,0.3894736842105263,0.6105263157894737,1.0,1.2,0.0,14.0,5.6,5.0,5.0,0.0
tep,Full Data,fixed_full_data,1.0,1024,13,0.7334719334719335,0.9846727423363711,0.9883575883575884,0.9865117244241544,0.3894736842105263,0.6105263157894737,1.0,1.2,0.0,14.0,5.6,5.0,5.0,0.0
tep,Full Data,fixed_full_data,1.0,1024,14,0.9596673596673597,0.9848236259228876,0.9983367983367983,0.9915341730332439,0.3894736842105263,0.6105263157894737,1.0,0.6,0.0,14.0,5.6,5.0,5.0,0.0
tep,Full Data,fixed_full_data,1.0,1024,15,0.3093555093555094,0.9827021972884525,0.8740124740124741,0.9251760563380281,0.3894736842105263,0.6105263157894737,1.0,0.4,0.0,14.0,5.6,5.0,5.0,0.0
tep,Full Data,fixed_full_data,1.0,1024,16,0.6345114345114345,0.9844341607067733,0.972972972972973,0.9786700125470514,0.3894736842105263,0.6105263157894737,1.0,1.2,0.0,14.0,5.6,5.0,5.0,0.0
tep,Full Data,fixed_full_data,1.0,1024,17,0.8636174636174636,0.9845769070446019,0.9821205821205822,0.9833472106577852,0.3894736842105263,0.6105263157894737,1.0,1.2,0.0,14.0,5.6,5.0,5.0,0.0
tep,Full Data,fixed_full_data,1.0,1024,18,0.83991683991684,0.9845897542690546,0.982952182952183,0.9837702871410736,0.3894736842105263,0.6105263157894737,1.0,1.2,0.0,14.0,5.6,5.0,5.0,0.0
tep,Full Data,fixed_full_data,1.0,1024,19,0.8137214137214137,0.984653670676068,0.9871101871101872,0.9858803986710963,0.3894736842105263,0.6105263157894737,1.0,0.4,0.0,14.0,5.6,5.0,5.0,0.0
tep,Full Data,fixed_full_data,1.0,1024,20,0.6989604989604989,0.984381595609962,0.9696465696465697,0.9769585253456221,0.3894736842105263,0.6105263157894737,1.0,1.2,0.0,14.0,5.6,5.0,5.0,0.0
